#include <stdint.h>
#include <stddef.h>

#include "14ShowFile.h"

const char file_14ShowFile_name[] = "14ShowFile.bin";

const uint8_t file_14ShowFile_data[] = {
    0x14, 0x44, 0x47, 0x55, 0x53, 0x5F, 0x32, 0x10, 0x00, 0x05, 0x00, 0x00, 0x00, 0x00, 0x00, 0x00,
    0x02, 0x00, 0x40, 0x00, 0x03, 0x00, 0x40, 0x40, 0x00, 0x00, 0x40, 0xA0, 0x02, 0x00, 0x40, 0xA0,
    0x00, 0x00, 0x40, 0xE0, 0x00, 0x00, 0x40, 0xE0, 0x00, 0x00, 0x40, 0xE0, 0x00, 0x00, 0x40, 0xE0,
    0x00, 0x00, 0x40, 0xE0, 0x00, 0x00, 0x40, 0xE0, 0x00, 0x00, 0x40, 0xE0, 0x00, 0x00, 0x40, 0xE0,
    0x00, 0x00, 0x40, 0xE0, 0x00, 0x00, 0x40, 0xE0, 0x00, 0x00, 0x40, 0xE0, 0x00, 0x00, 0x40, 0xE0,
    0x00, 0x00, 0x40, 0xE0, 0x00, 0x00, 0x40, 0xE0, 0x00, 0x00, 0x40, 0xE0, 0x00, 0x00, 0x40, 0xE0,
    0x00, 0x00, 0x40, 0xE0, 0x00, 0x00, 0x40, 0xE0, 0x00, 0x00, 0x40, 0xE0, 0x00, 0x00, 0x40, 0xE0,
    0x00, 0x00, 0x40, 0xE0, 0x00, 0x00, 0x40, 0xE0, 0x00, 0x00, 0x40, 0xE0, 0x00, 0x00, 0x40, 0xE0,
    0x00, 0x00, 0x40, 0xE0, 0x00, 0x00, 0x40, 0xE0, 0x00, 0x00, 0x40, 0xE0, 0x00, 0x00, 0x40, 0xE0,
    0x00, 0x00, 0x40, 0xE0, 0x00, 0x00, 0x40, 0xE0, 0x00, 0x00, 0x40, 0xE0, 0x00, 0x00, 0x40, 0xE0,
    0x00, 0x00, 0x40, 0xE0, 0x00, 0x00, 0x40, 0xE0, 0x00, 0x00, 0x40, 0xE0, 0x00, 0x00, 0x40, 0xE0,
    0x00, 0x00, 0x40, 0xE0, 0x00, 0x00, 0x40, 0xE0, 0x00, 0x00, 0x40, 0xE0, 0x00, 0x00, 0x40, 0xE0,
    0x00, 0x00, 0x40, 0xE0, 0x00, 0x00, 0x40, 0xE0, 0x00, 0x00, 0x40, 0xE0, 0x00, 0x00, 0x40, 0xE0,
    0x00, 0x00, 0x40, 0xE0, 0x00, 0x00, 0x40, 0xE0, 0x00, 0x00, 0x40, 0xE0, 0x00, 0x00, 0x40, 0xE0,
    0x00, 0x00, 0x40, 0xE0, 0x00, 0x00, 0x40, 0xE0, 0x00, 0x00, 0x40, 0xE0, 0x00, 0x00, 0x40, 0xE0,
    0x00, 0x00, 0x40, 0xE0, 0x00, 0x00, 0x40, 0xE0, 0x00, 0x00, 0x40, 0xE0, 0x00, 0x00, 0x40, 0xE0,
    0x00, 0x00, 0x40, 0xE0, 0x00, 0x00, 0x40, 0xE0, 0x00, 0x00, 0x40, 0xE0, 0x00, 0x00, 0x40, 0xE0,
    0x00, 0x00, 0x40, 0xE0, 0x00, 0x00, 0x40, 0xE0, 0x00, 0x00, 0x40, 0xE0, 0x00, 0x00, 0x40, 0xE0,
    0x00, 0x00, 0x40, 0xE0, 0x00, 0x00, 0x40, 0xE0, 0x00, 0x00, 0x40, 0xE0, 0x00, 0x00, 0x40, 0xE0,
    0x00, 0x00, 0x40, 0xE0, 0x00, 0x00, 0x40, 0xE0, 0x00, 0x00, 0x40, 0xE0, 0x00, 0x00, 0x40, 0xE0,
    0x00, 0x00, 0x40, 0xE0, 0x00, 0x00, 0x40, 0xE0, 0x00, 0x00, 0x40, 0xE0, 0x00, 0x00, 0x40, 0xE0,
    0x00, 0x00, 0x40, 0xE0, 0x00, 0x00, 0x40, 0xE0, 0x00, 0x00, 0x40, 0xE0, 0x00, 0x00, 0x40, 0xE0,
    0x00, 0x00, 0x40, 0xE0, 0x00, 0x00, 0x40, 0xE0, 0x00, 0x00, 0x40, 0xE0, 0x00, 0x00, 0x40, 0xE0,
    0x00, 0x00, 0x40, 0xE0, 0x00, 0x00, 0x40, 0xE0, 0x00, 0x00, 0x40, 0xE0, 0x00, 0x00, 0x40, 0xE0,
    0x00, 0x00, 0x40, 0xE0, 0x00, 0x00, 0x40, 0xE0, 0x00, 0x00, 0x40, 0xE0, 0x00, 0x00, 0x40, 0xE0,
    0x00, 0x00, 0x40, 0xE0, 0x00, 0x00, 0x40, 0xE0, 0x00, 0x00, 0x40, 0xE0, 0x00, 0x00, 0x40, 0xE0,
    0x00, 0x00, 0x40, 0xE0, 0x00, 0x00, 0x40, 0xE0, 0x00, 0x00, 0x40, 0xE0, 0x00, 0x00, 0x40, 0xE0,
    0x00, 0x00, 0x40, 0xE0, 0x00, 0x00, 0x40, 0xE0, 0x00, 0x00, 0x40, 0xE0, 0x00, 0x00, 0x40, 0xE0,
    0x00, 0x00, 0x40, 0xE0, 0x00, 0x00, 0x40, 0xE0, 0x00, 0x00, 0x40, 0xE0, 0x00, 0x00, 0x40, 0xE0,
    0x00, 0x00, 0x40, 0xE0, 0x00, 0x00, 0x40, 0xE0, 0x00, 0x00, 0x40, 0xE0, 0x00, 0x00, 0x40, 0xE0,
    0x00, 0x00, 0x40, 0xE0, 0x00, 0x00, 0x40, 0xE0, 0x00, 0x00, 0x40, 0xE0, 0x00, 0x00, 0x40, 0xE0,
    0x00, 0x00, 0x40, 0xE0, 0x00, 0x00, 0x40, 0xE0, 0x00, 0x00, 0x40, 0xE0, 0x00, 0x00, 0x40, 0xE0,
    0x00, 0x00, 0x40, 0xE0, 0x00, 0x00, 0x40, 0xE0, 0x00, 0x00, 0x40, 0xE0, 0x00, 0x00, 0x40, 0xE0,
    0x00, 0x00, 0x40, 0xE0, 0x00, 0x00, 0x40, 0xE0, 0x00, 0x00, 0x40, 0xE0, 0x00, 0x00, 0x40, 0xE0,
    0x00, 0x00, 0x40, 0xE0, 0x00, 0x00, 0x40, 0xE0, 0x00, 0x00, 0x40, 0xE0, 0x00, 0x00, 0x40, 0xE0,
    0x00, 0x00, 0x40, 0xE0, 0x00, 0x00, 0x40, 0xE0, 0x00, 0x00, 0x40, 0xE0, 0x00, 0x00, 0x40, 0xE0,
    0x00, 0x00, 0x40, 0xE0, 0x00, 0x00, 0x40, 0xE0, 0x00, 0x00, 0x40, 0xE0, 0x00, 0x00, 0x40, 0xE0,
    0x00, 0x00, 0x40, 0xE0, 0x00, 0x00, 0x40, 0xE0, 0x00, 0x00, 0x40, 0xE0, 0x00, 0x00, 0x40, 0xE0,
    0x00, 0x00, 0x40, 0xE0, 0x00, 0x00, 0x40, 0xE0, 0x00, 0x00, 0x40, 0xE0, 0x00, 0x00, 0x40, 0xE0,
    0x00, 0x00, 0x40, 0xE0, 0x00, 0x00, 0x40, 0xE0, 0x00, 0x00, 0x40, 0xE0, 0x00, 0x00, 0x40, 0xE0,
    0x00, 0x00, 0x40, 0xE0, 0x00, 0x00, 0x40, 0xE0, 0x00, 0x00, 0x40, 0xE0, 0x00, 0x00, 0x40, 0xE0,
    0x00, 0x00, 0x40, 0xE0, 0x00, 0x00, 0x40, 0xE0, 0x00, 0x00, 0x40, 0xE0, 0x00, 0x00, 0x40, 0xE0,
    0x00, 0x00, 0x40, 0xE0, 0x00, 0x00, 0x40, 0xE0, 0x00, 0x00, 0x40, 0xE0, 0x00, 0x00, 0x40, 0xE0,
    0x00, 0x00, 0x40, 0xE0, 0x00, 0x00, 0x40, 0xE0, 0x00, 0x00, 0x40, 0xE0, 0x00, 0x00, 0x40, 0xE0,
    0x00, 0x00, 0x40, 0xE0, 0x00, 0x00, 0x40, 0xE0, 0x00, 0x00, 0x40, 0xE0, 0x00, 0x00, 0x40, 0xE0,
    0x00, 0x00, 0x40, 0xE0, 0x00, 0x00, 0x40, 0xE0, 0x00, 0x00, 0x40, 0xE0, 0x00, 0x00, 0x40, 0xE0,
    0x00, 0x00, 0x40, 0xE0, 0x00, 0x00, 0x40, 0xE0, 0x00, 0x00, 0x40, 0xE0, 0x00, 0x00, 0x40, 0xE0,
    0x00, 0x00, 0x40, 0xE0, 0x00, 0x00, 0x40, 0xE0, 0x00, 0x00, 0x40, 0xE0, 0x00, 0x00, 0x40, 0xE0,
    0x00, 0x00, 0x40, 0xE0, 0x00, 0x00, 0x40, 0xE0, 0x00, 0x00, 0x40, 0xE0, 0x00, 0x00, 0x40, 0xE0,
    0x00, 0x00, 0x40, 0xE0, 0x00, 0x00, 0x40, 0xE0, 0x00, 0x00, 0x40, 0xE0, 0x00, 0x00, 0x40, 0xE0,
    0x00, 0x00, 0x40, 0xE0, 0x00, 0x00, 0x40, 0xE0, 0x00, 0x00, 0x40, 0xE0, 0x00, 0x00, 0x40, 0xE0,
    0x00, 0x00, 0x40, 0xE0, 0x00, 0x00, 0x40, 0xE0, 0x00, 0x00, 0x40, 0xE0, 0x00, 0x00, 0x40, 0xE0,
    0x00, 0x00, 0x40, 0xE0, 0x00, 0x00, 0x40, 0xE0, 0x00, 0x00, 0x40, 0xE0, 0x00, 0x00, 0x40, 0xE0,
    0x00, 0x00, 0x40, 0xE0, 0x00, 0x00, 0x40, 0xE0, 0x00, 0x00, 0x40, 0xE0, 0x00, 0x00, 0x40, 0xE0,
    0x00, 0x00, 0x40, 0xE0, 0x00, 0x00, 0x40, 0xE0, 0x00, 0x00, 0x40, 0xE0, 0x00, 0x00, 0x40, 0xE0,
    0x00, 0x00, 0x40, 0xE0, 0x00, 0x00, 0x40, 0xE0, 0x00, 0x00, 0x40, 0xE0, 0x00, 0x00, 0x40, 0xE0,
    0x00, 0x00, 0x40, 0xE0, 0x00, 0x00, 0x40, 0xE0, 0x00, 0x00, 0x40, 0xE0, 0x00, 0x00, 0x40, 0xE0,
    0x00, 0x00, 0x40, 0xE0, 0x00, 0x00, 0x40, 0xE0, 0x00, 0x00, 0x40, 0xE0, 0x00, 0x00, 0x40, 0xE0,
    0x00, 0x00, 0x40, 0xE0, 0x00, 0x00, 0x40, 0xE0, 0x00, 0x00, 0x40, 0xE0, 0x00, 0x00, 0x40, 0xE0,
    0x00, 0x00, 0x40, 0xE0, 0x00, 0x00, 0x40, 0xE0, 0x00, 0x00, 0x40, 0xE0, 0x00, 0x00, 0x40, 0xE0,
    0x00, 0x00, 0x40, 0xE0, 0x00, 0x00, 0x40, 0xE0, 0x00, 0x00, 0x40, 0xE0, 0x00, 0x00, 0x40, 0xE0,
    0x00, 0x00, 0x40, 0xE0, 0x00, 0x00, 0x40, 0xE0, 0x00, 0x00, 0x40, 0xE0, 0x00, 0x00, 0x40, 0xE0,
    0x00, 0x00, 0x40, 0xE0, 0x00, 0x00, 0x40, 0xE0, 0x00, 0x00, 0x40, 0xE0, 0x00, 0x00, 0x40, 0xE0,
    0x00, 0x00, 0x40, 0xE0, 0x00, 0x00, 0x40, 0xE0, 0x00, 0x00, 0x40, 0xE0, 0x00, 0x00, 0x40, 0xE0,
    0x00, 0x00, 0x40, 0xE0, 0x00, 0x00, 0x40, 0xE0, 0x00, 0x00, 0x40, 0xE0, 0x00, 0x00, 0x40, 0xE0,
    0x00, 0x00, 0x40, 0xE0, 0x00, 0x00, 0x40, 0xE0, 0x00, 0x00, 0x40, 0xE0, 0x00, 0x00, 0x40, 0xE0,
    0x00, 0x00, 0x40, 0xE0, 0x00, 0x00, 0x40, 0xE0, 0x00, 0x00, 0x40, 0xE0, 0x00, 0x00, 0x40, 0xE0,
    0x00, 0x00, 0x40, 0xE0, 0x00, 0x00, 0x40, 0xE0, 0x00, 0x00, 0x40, 0xE0, 0x00, 0x00, 0x40, 0xE0,
    0x00, 0x00, 0x40, 0xE0, 0x00, 0x00, 0x40, 0xE0, 0x00, 0x00, 0x40, 0xE0, 0x00, 0x00, 0x40, 0xE0,
    0x00, 0x00, 0x40, 0xE0, 0x00, 0x00, 0x40, 0xE0, 0x00, 0x00, 0x40, 0xE0, 0x00, 0x00, 0x40, 0xE0,
    0x00, 0x00, 0x40, 0xE0, 0x00, 0x00, 0x40, 0xE0, 0x00, 0x00, 0x40, 0xE0, 0x00, 0x00, 0x40, 0xE0,
    0x00, 0x00, 0x40, 0xE0, 0x00, 0x00, 0x40, 0xE0, 0x00, 0x00, 0x40, 0xE0, 0x00, 0x00, 0x40, 0xE0,
    0x00, 0x00, 0x40, 0xE0, 0x00, 0x00, 0x40, 0xE0, 0x00, 0x00, 0x40, 0xE0, 0x00, 0x00, 0x40, 0xE0,
    0x00, 0x00, 0x40, 0xE0, 0x00, 0x00, 0x40, 0xE0, 0x00, 0x00, 0x40, 0xE0, 0x00, 0x00, 0x40, 0xE0,
    0x00, 0x00, 0x40, 0xE0, 0x00, 0x00, 0x40, 0xE0, 0x00, 0x00, 0x40, 0xE0, 0x00, 0x00, 0x40, 0xE0,
    0x00, 0x00, 0x40, 0xE0, 0x00, 0x00, 0x40, 0xE0, 0x00, 0x00, 0x40, 0xE0, 0x00, 0x00, 0x40, 0xE0,
    0x00, 0x00, 0x40, 0xE0, 0x00, 0x00, 0x40, 0xE0, 0x00, 0x00, 0x40, 0xE0, 0x00, 0x00, 0x40, 0xE0,
    0x00, 0x00, 0x40, 0xE0, 0x00, 0x00, 0x40, 0xE0, 0x00, 0x00, 0x40, 0xE0, 0x00, 0x00, 0x40, 0xE0,
    0x00, 0x00, 0x40, 0xE0, 0x00, 0x00, 0x40, 0xE0, 0x00, 0x00, 0x40, 0xE0, 0x00, 0x00, 0x40, 0xE0,
    0x00, 0x00, 0x40, 0xE0, 0x00, 0x00, 0x40, 0xE0, 0x00, 0x00, 0x40, 0xE0, 0x00, 0x00, 0x40, 0xE0,
    0x00, 0x00, 0x40, 0xE0, 0x00, 0x00, 0x40, 0xE0, 0x00, 0x00, 0x40, 0xE0, 0x00, 0x00, 0x40, 0xE0,
    0x00, 0x00, 0x40, 0xE0, 0x00, 0x00, 0x40, 0xE0, 0x00, 0x00, 0x40, 0xE0, 0x00, 0x00, 0x40, 0xE0,
    0x00, 0x00, 0x40, 0xE0, 0x00, 0x00, 0x40, 0xE0, 0x00, 0x00, 0x40, 0xE0, 0x00, 0x00, 0x40, 0xE0,
    0x00, 0x00, 0x40, 0xE0, 0x00, 0x00, 0x40, 0xE0, 0x00, 0x00, 0x40, 0xE0, 0x00, 0x00, 0x40, 0xE0,
    0x00, 0x00, 0x40, 0xE0, 0x00, 0x00, 0x40, 0xE0, 0x00, 0x00, 0x40, 0xE0, 0x00, 0x00, 0x40, 0xE0,
    0x00, 0x00, 0x40, 0xE0, 0x00, 0x00, 0x40, 0xE0, 0x00, 0x00, 0x40, 0xE0, 0x00, 0x00, 0x40, 0xE0,
    0x00, 0x00, 0x40, 0xE0, 0x00, 0x00, 0x40, 0xE0, 0x00, 0x00, 0x40, 0xE0, 0x00, 0x00, 0x40, 0xE0,
    0x00, 0x00, 0x40, 0xE0, 0x00, 0x00, 0x40, 0xE0, 0x00, 0x00, 0x40, 0xE0, 0x00, 0x00, 0x40, 0xE0,
    0x00, 0x00, 0x40, 0xE0, 0x00, 0x00, 0x40, 0xE0, 0x00, 0x00, 0x40, 0xE0, 0x00, 0x00, 0x40, 0xE0,
    0x00, 0x00, 0x40, 0xE0, 0x00, 0x00, 0x40, 0xE0, 0x00, 0x00, 0x40, 0xE0, 0x00, 0x00, 0x40, 0xE0,
    0x00, 0x00, 0x40, 0xE0, 0x00, 0x00, 0x40, 0xE0, 0x00, 0x00, 0x40, 0xE0, 0x00, 0x00, 0x40, 0xE0,
    0x00, 0x00, 0x40, 0xE0, 0x00, 0x00, 0x40, 0xE0, 0x00, 0x00, 0x40, 0xE0, 0x00, 0x00, 0x40, 0xE0,
    0x00, 0x00, 0x40, 0xE0, 0x00, 0x00, 0x40, 0xE0, 0x00, 0x00, 0x40, 0xE0, 0x00, 0x00, 0x40, 0xE0,
    0x00, 0x00, 0x40, 0xE0, 0x00, 0x00, 0x40, 0xE0, 0x00, 0x00, 0x40, 0xE0, 0x00, 0x00, 0x40, 0xE0,
    0x00, 0x00, 0x40, 0xE0, 0x00, 0x00, 0x40, 0xE0, 0x00, 0x00, 0x40, 0xE0, 0x00, 0x00, 0x40, 0xE0,
    0x00, 0x00, 0x40, 0xE0, 0x00, 0x00, 0x40, 0xE0, 0x00, 0x00, 0x40, 0xE0, 0x00, 0x00, 0x40, 0xE0,
    0x00, 0x00, 0x40, 0xE0, 0x00, 0x00, 0x40, 0xE0, 0x00, 0x00, 0x40, 0xE0, 0x00, 0x00, 0x40, 0xE0,
    0x00, 0x00, 0x40, 0xE0, 0x00, 0x00, 0x40, 0xE0, 0x00, 0x00, 0x40, 0xE0, 0x00, 0x00, 0x40, 0xE0,
    0x00, 0x00, 0x40, 0xE0, 0x00, 0x00, 0x40, 0xE0, 0x00, 0x00, 0x40, 0xE0, 0x00, 0x00, 0x40, 0xE0,
    0x00, 0x00, 0x40, 0xE0, 0x00, 0x00, 0x40, 0xE0, 0x00, 0x00, 0x40, 0xE0, 0x00, 0x00, 0x40, 0xE0,
    0x00, 0x00, 0x40, 0xE0, 0x00, 0x00, 0x40, 0xE0, 0x00, 0x00, 0x40, 0xE0, 0x00, 0x00, 0x40, 0xE0,
    0x00, 0x00, 0x40, 0xE0, 0x00, 0x00, 0x40, 0xE0, 0x00, 0x00, 0x40, 0xE0, 0x00, 0x00, 0x40, 0xE0,
    0x00, 0x00, 0x40, 0xE0, 0x00, 0x00, 0x40, 0xE0, 0x00, 0x00, 0x40, 0xE0, 0x00, 0x00, 0x40, 0xE0,
    0x00, 0x00, 0x40, 0xE0, 0x00, 0x00, 0x40, 0xE0, 0x00, 0x00, 0x40, 0xE0, 0x00, 0x00, 0x40, 0xE0,
    0x00, 0x00, 0x40, 0xE0, 0x00, 0x00, 0x40, 0xE0, 0x00, 0x00, 0x40, 0xE0, 0x00, 0x00, 0x40, 0xE0,
    0x00, 0x00, 0x40, 0xE0, 0x00, 0x00, 0x40, 0xE0, 0x00, 0x00, 0x40, 0xE0, 0x00, 0x00, 0x40, 0xE0,
    0x00, 0x00, 0x40, 0xE0, 0x00, 0x00, 0x40, 0xE0, 0x00, 0x00, 0x40, 0xE0, 0x00, 0x00, 0x40, 0xE0,
    0x00, 0x00, 0x40, 0xE0, 0x00, 0x00, 0x40, 0xE0, 0x00, 0x00, 0x40, 0xE0, 0x00, 0x00, 0x40, 0xE0,
    0x00, 0x00, 0x40, 0xE0, 0x00, 0x00, 0x40, 0xE0, 0x00, 0x00, 0x40, 0xE0, 0x00, 0x00, 0x40, 0xE0,
    0x00, 0x00, 0x40, 0xE0, 0x00, 0x00, 0x40, 0xE0, 0x00, 0x00, 0x40, 0xE0, 0x00, 0x00, 0x40, 0xE0,
    0x00, 0x00, 0x40, 0xE0, 0x00, 0x00, 0x40, 0xE0, 0x00, 0x00, 0x40, 0xE0, 0x00, 0x00, 0x40, 0xE0,
    0x00, 0x00, 0x40, 0xE0, 0x00, 0x00, 0x40, 0xE0, 0x00, 0x00, 0x40, 0xE0, 0x00, 0x00, 0x40, 0xE0,
    0x00, 0x00, 0x40, 0xE0, 0x00, 0x00, 0x40, 0xE0, 0x00, 0x00, 0x40, 0xE0, 0x00, 0x00, 0x40, 0xE0,
    0x00, 0x00, 0x40, 0xE0, 0x00, 0x00, 0x40, 0xE0, 0x00, 0x00, 0x40, 0xE0, 0x00, 0x00, 0x40, 0xE0,
    0x00, 0x00, 0x40, 0xE0, 0x00, 0x00, 0x40, 0xE0, 0x00, 0x00, 0x40, 0xE0, 0x00, 0x00, 0x40, 0xE0,
    0x00, 0x00, 0x40, 0xE0, 0x00, 0x00, 0x40, 0xE0, 0x00, 0x00, 0x40, 0xE0, 0x00, 0x00, 0x40, 0xE0,
    0x00, 0x00, 0x40, 0xE0, 0x00, 0x00, 0x40, 0xE0, 0x00, 0x00, 0x40, 0xE0, 0x00, 0x00, 0x40, 0xE0,
    0x00, 0x00, 0x40, 0xE0, 0x00, 0x00, 0x40, 0xE0, 0x00, 0x00, 0x40, 0xE0, 0x00, 0x00, 0x40, 0xE0,
    0x00, 0x00, 0x40, 0xE0, 0x00, 0x00, 0x40, 0xE0, 0x00, 0x00, 0x40, 0xE0, 0x00, 0x00, 0x40, 0xE0,
    0x00, 0x00, 0x40, 0xE0, 0x00, 0x00, 0x40, 0xE0, 0x00, 0x00, 0x40, 0xE0, 0x00, 0x00, 0x40, 0xE0,
    0x00, 0x00, 0x40, 0xE0, 0x00, 0x00, 0x40, 0xE0, 0x00, 0x00, 0x40, 0xE0, 0x00, 0x00, 0x40, 0xE0,
    0x00, 0x00, 0x40, 0xE0, 0x00, 0x00, 0x40, 0xE0, 0x00, 0x00, 0x40, 0xE0, 0x00, 0x00, 0x40, 0xE0,
    0x00, 0x00, 0x40, 0xE0, 0x00, 0x00, 0x40, 0xE0, 0x00, 0x00, 0x40, 0xE0, 0x00, 0x00, 0x40, 0xE0,
    0x00, 0x00, 0x40, 0xE0, 0x00, 0x00, 0x40, 0xE0, 0x00, 0x00, 0x40, 0xE0, 0x00, 0x00, 0x40, 0xE0,
    0x00, 0x00, 0x40, 0xE0, 0x00, 0x00, 0x40, 0xE0, 0x00, 0x00, 0x40, 0xE0, 0x00, 0x00, 0x40, 0xE0,
    0x00, 0x00, 0x40, 0xE0, 0x00, 0x00, 0x40, 0xE0, 0x00, 0x00, 0x40, 0xE0, 0x00, 0x00, 0x40, 0xE0,
    0x00, 0x00, 0x40, 0xE0, 0x00, 0x00, 0x40, 0xE0, 0x00, 0x00, 0x40, 0xE0, 0x00, 0x00, 0x40, 0xE0,
    0x00, 0x00, 0x40, 0xE0, 0x00, 0x00, 0x40, 0xE0, 0x00, 0x00, 0x40, 0xE0, 0x00, 0x00, 0x40, 0xE0,
    0x00, 0x00, 0x40, 0xE0, 0x00, 0x00, 0x40, 0xE0, 0x00, 0x00, 0x40, 0xE0, 0x00, 0x00, 0x40, 0xE0,
    0x00, 0x00, 0x40, 0xE0, 0x00, 0x00, 0x40, 0xE0, 0x00, 0x00, 0x40, 0xE0, 0x00, 0x00, 0x40, 0xE0,
    0x00, 0x00, 0x40, 0xE0, 0x00, 0x00, 0x40, 0xE0, 0x00, 0x00, 0x40, 0xE0, 0x00, 0x00, 0x40, 0xE0,
    0x00, 0x00, 0x40, 0xE0, 0x00, 0x00, 0x40, 0xE0, 0x00, 0x00, 0x40, 0xE0, 0x00, 0x00, 0x40, 0xE0,
    0x00, 0x00, 0x40, 0xE0, 0x00, 0x00, 0x40, 0xE0, 0x00, 0x00, 0x40, 0xE0, 0x00, 0x00, 0x40, 0xE0,
    0x00, 0x00, 0x40, 0xE0, 0x00, 0x00, 0x40, 0xE0, 0x00, 0x00, 0x40, 0xE0, 0x00, 0x00, 0x40, 0xE0,
    0x00, 0x00, 0x40, 0xE0, 0x00, 0x00, 0x40, 0xE0, 0x00, 0x00, 0x40, 0xE0, 0x00, 0x00, 0x40, 0xE0,
    0x00, 0x00, 0x40, 0xE0, 0x00, 0x00, 0x40, 0xE0, 0x00, 0x00, 0x40, 0xE0, 0x00, 0x00, 0x40, 0xE0,
    0x00, 0x00, 0x40, 0xE0, 0x00, 0x00, 0x40, 0xE0, 0x00, 0x00, 0x40, 0xE0, 0x00, 0x00, 0x40, 0xE0,
    0x00, 0x00, 0x40, 0xE0, 0x00, 0x00, 0x40, 0xE0, 0x00, 0x00, 0x40, 0xE0, 0x00, 0x00, 0x40, 0xE0,
    0x00, 0x00, 0x40, 0xE0, 0x00, 0x00, 0x40, 0xE0, 0x00, 0x00, 0x40, 0xE0, 0x00, 0x00, 0x40, 0xE0,
    0x00, 0x00, 0x40, 0xE0, 0x00, 0x00, 0x40, 0xE0, 0x00, 0x00, 0x40, 0xE0, 0x00, 0x00, 0x40, 0xE0,
    0x00, 0x00, 0x40, 0xE0, 0x00, 0x00, 0x40, 0xE0, 0x00, 0x00, 0x40, 0xE0, 0x00, 0x00, 0x40, 0xE0,
    0x00, 0x00, 0x40, 0xE0, 0x00, 0x00, 0x40, 0xE0, 0x00, 0x00, 0x40, 0xE0, 0x00, 0x00, 0x40, 0xE0,
    0x00, 0x00, 0x40, 0xE0, 0x00, 0x00, 0x40, 0xE0, 0x00, 0x00, 0x40, 0xE0, 0x00, 0x00, 0x40, 0xE0,
    0x00, 0x00, 0x40, 0xE0, 0x00, 0x00, 0x40, 0xE0, 0x00, 0x00, 0x40, 0xE0, 0x00, 0x00, 0x40, 0xE0,
    0x00, 0x00, 0x40, 0xE0, 0x00, 0x00, 0x40, 0xE0, 0x00, 0x00, 0x40, 0xE0, 0x00, 0x00, 0x40, 0xE0,
    0x00, 0x00, 0x40, 0xE0, 0x00, 0x00, 0x40, 0xE0, 0x00, 0x00, 0x40, 0xE0, 0x00, 0x00, 0x40, 0xE0,
    0x00, 0x00, 0x40, 0xE0, 0x00, 0x00, 0x40, 0xE0, 0x00, 0x00, 0x40, 0xE0, 0x00, 0x00, 0x40, 0xE0,
    0x00, 0x00, 0x40, 0xE0, 0x00, 0x00, 0x40, 0xE0, 0x00, 0x00, 0x40, 0xE0, 0x00, 0x00, 0x40, 0xE0,
    0x00, 0x00, 0x40, 0xE0, 0x00, 0x00, 0x40, 0xE0, 0x00, 0x00, 0x40, 0xE0, 0x00, 0x00, 0x40, 0xE0,
    0x00, 0x00, 0x40, 0xE0, 0x00, 0x00, 0x40, 0xE0, 0x00, 0x00, 0x40, 0xE0, 0x00, 0x00, 0x40, 0xE0,
    0x00, 0x00, 0x40, 0xE0, 0x00, 0x00, 0x40, 0xE0, 0x00, 0x00, 0x40, 0xE0, 0x00, 0x00, 0x40, 0xE0,
    0x00, 0x00, 0x40, 0xE0, 0x00, 0x00, 0x40, 0xE0, 0x00, 0x00, 0x40, 0xE0, 0x00, 0x00, 0x40, 0xE0,
    0x00, 0x00, 0x40, 0xE0, 0x00, 0x00, 0x40, 0xE0, 0x00, 0x00, 0x40, 0xE0, 0x00, 0x00, 0x40, 0xE0,
    0x00, 0x00, 0x40, 0xE0, 0x00, 0x00, 0x40, 0xE0, 0x00, 0x00, 0x40, 0xE0, 0x00, 0x00, 0x40, 0xE0,
    0x00, 0x00, 0x40, 0xE0, 0x00, 0x00, 0x40, 0xE0, 0x00, 0x00, 0x40, 0xE0, 0x00, 0x00, 0x40, 0xE0,
    0x00, 0x00, 0x40, 0xE0, 0x00, 0x00, 0x40, 0xE0, 0x00, 0x00, 0x40, 0xE0, 0x00, 0x00, 0x40, 0xE0,
    0x00, 0x00, 0x40, 0xE0, 0x00, 0x00, 0x40, 0xE0, 0x00, 0x00, 0x40, 0xE0, 0x00, 0x00, 0x40, 0xE0,
    0x00, 0x00, 0x40, 0xE0, 0x00, 0x00, 0x40, 0xE0, 0x00, 0x00, 0x40, 0xE0, 0x00, 0x00, 0x40, 0xE0,
    0x00, 0x00, 0x40, 0xE0, 0x00, 0x00, 0x40, 0xE0, 0x00, 0x00, 0x40, 0xE0, 0x00, 0x00, 0x40, 0xE0,
    0x00, 0x00, 0x40, 0xE0, 0x00, 0x00, 0x40, 0xE0, 0x00, 0x00, 0x40, 0xE0, 0x00, 0x00, 0x40, 0xE0,
    0x00, 0x00, 0x40, 0xE0, 0x00, 0x00, 0x40, 0xE0, 0x00, 0x00, 0x40, 0xE0, 0x00, 0x00, 0x40, 0xE0,
    0x00, 0x00, 0x40, 0xE0, 0x00, 0x00, 0x40, 0xE0, 0x00, 0x00, 0x40, 0xE0, 0x00, 0x00, 0x40, 0xE0,
    0x00, 0x00, 0x40, 0xE0, 0x00, 0x00, 0x40, 0xE0, 0x00, 0x00, 0x40, 0xE0, 0x00, 0x00, 0x40, 0xE0,
    0x00, 0x00, 0x40, 0xE0, 0x00, 0x00, 0x40, 0xE0, 0x00, 0x00, 0x40, 0xE0, 0x00, 0x00, 0x40, 0xE0,
    0x00, 0x00, 0x40, 0xE0, 0x00, 0x00, 0x40, 0xE0, 0x00, 0x00, 0x40, 0xE0, 0x00, 0x00, 0x40, 0xE0,
    0x00, 0x00, 0x40, 0xE0, 0x00, 0x00, 0x40, 0xE0, 0x00, 0x00, 0x40, 0xE0, 0x00, 0x00, 0x40, 0xE0,
    0x00, 0x00, 0x40, 0xE0, 0x00, 0x00, 0x40, 0xE0, 0x00, 0x00, 0x40, 0xE0, 0x00, 0x00, 0x40, 0xE0,
    0x00, 0x00, 0x40, 0xE0, 0x00, 0x00, 0x40, 0xE0, 0x00, 0x00, 0x40, 0xE0, 0x00, 0x00, 0x40, 0xE0,
    0x00, 0x00, 0x40, 0xE0, 0x00, 0x00, 0x40, 0xE0, 0x00, 0x00, 0x40, 0xE0, 0x00, 0x00, 0x40, 0xE0,
    0x00, 0x00, 0x40, 0xE0, 0x00, 0x00, 0x40, 0xE0, 0x00, 0x00, 0x40, 0xE0, 0x00, 0x00, 0x40, 0xE0,
    0x00, 0x00, 0x40, 0xE0, 0x00, 0x00, 0x40, 0xE0, 0x00, 0x00, 0x40, 0xE0, 0x00, 0x00, 0x40, 0xE0,
    0x00, 0x00, 0x40, 0xE0, 0x00, 0x00, 0x40, 0xE0, 0x00, 0x00, 0x40, 0xE0, 0x00, 0x00, 0x40, 0xE0,
    0x00, 0x00, 0x40, 0xE0, 0x00, 0x00, 0x40, 0xE0, 0x00, 0x00, 0x40, 0xE0, 0x00, 0x00, 0x40, 0xE0,
    0x00, 0x00, 0x40, 0xE0, 0x00, 0x00, 0x40, 0xE0, 0x00, 0x00, 0x40, 0xE0, 0x00, 0x00, 0x40, 0xE0,
    0x00, 0x00, 0x40, 0xE0, 0x00, 0x00, 0x40, 0xE0, 0x00, 0x00, 0x40, 0xE0, 0x00, 0x00, 0x40, 0xE0,
    0x00, 0x00, 0x40, 0xE0, 0x00, 0x00, 0x40, 0xE0, 0x00, 0x00, 0x40, 0xE0, 0x00, 0x00, 0x40, 0xE0,
    0x00, 0x00, 0x40, 0xE0, 0x00, 0x00, 0x40, 0xE0, 0x00, 0x00, 0x40, 0xE0, 0x00, 0x00, 0x40, 0xE0,
    0x00, 0x00, 0x40, 0xE0, 0x00, 0x00, 0x40, 0xE0, 0x00, 0x00, 0x40, 0xE0, 0x00, 0x00, 0x40, 0xE0,
    0x00, 0x00, 0x40, 0xE0, 0x00, 0x00, 0x40, 0xE0, 0x00, 0x00, 0x40, 0xE0, 0x00, 0x00, 0x40, 0xE0,
    0x00, 0x00, 0x40, 0xE0, 0x00, 0x00, 0x40, 0xE0, 0x00, 0x00, 0x40, 0xE0, 0x00, 0x00, 0x40, 0xE0,
    0x00, 0x00, 0x40, 0xE0, 0x00, 0x00, 0x40, 0xE0, 0x00, 0x00, 0x40, 0xE0, 0x00, 0x00, 0x40, 0xE0,
    0x00, 0x00, 0x40, 0xE0, 0x00, 0x00, 0x40, 0xE0, 0x00, 0x00, 0x40, 0xE0, 0x00, 0x00, 0x40, 0xE0,
    0x00, 0x00, 0x40, 0xE0, 0x00, 0x00, 0x40, 0xE0, 0x00, 0x00, 0x40, 0xE0, 0x00, 0x00, 0x40, 0xE0,
    0x00, 0x00, 0x40, 0xE0, 0x00, 0x00, 0x40, 0xE0, 0x00, 0x00, 0x40, 0xE0, 0x00, 0x00, 0x40, 0xE0,
    0x00, 0x00, 0x40, 0xE0, 0x00, 0x00, 0x40, 0xE0, 0x00, 0x00, 0x40, 0xE0, 0x00, 0x00, 0x40, 0xE0,
    0x00, 0x00, 0x40, 0xE0, 0x00, 0x00, 0x40, 0xE0, 0x00, 0x00, 0x40, 0xE0, 0x00, 0x00, 0x40, 0xE0,
    0x00, 0x00, 0x40, 0xE0, 0x00, 0x00, 0x40, 0xE0, 0x00, 0x00, 0x40, 0xE0, 0x00, 0x00, 0x40, 0xE0,
    0x00, 0x00, 0x40, 0xE0, 0x00, 0x00, 0x40, 0xE0, 0x00, 0x00, 0x40, 0xE0, 0x00, 0x00, 0x40, 0xE0,
    0x00, 0x00, 0x40, 0xE0, 0x00, 0x00, 0x40, 0xE0, 0x00, 0x00, 0x40, 0xE0, 0x00, 0x00, 0x40, 0xE0,
    0x00, 0x00, 0x40, 0xE0, 0x00, 0x00, 0x40, 0xE0, 0x00, 0x00, 0x40, 0xE0, 0x00, 0x00, 0x40, 0xE0,
    0x00, 0x00, 0x40, 0xE0, 0x00, 0x00, 0x40, 0xE0, 0x00, 0x00, 0x40, 0xE0, 0x00, 0x00, 0x40, 0xE0,
    0x00, 0x00, 0x40, 0xE0, 0x00, 0x00, 0x40, 0xE0, 0x00, 0x00, 0x40, 0xE0, 0x00, 0x00, 0x40, 0xE0,
    0x00, 0x00, 0x40, 0xE0, 0x00, 0x00, 0x40, 0xE0, 0x00, 0x00, 0x40, 0xE0, 0x00, 0x00, 0x40, 0xE0,
    0x00, 0x00, 0x40, 0xE0, 0x00, 0x00, 0x40, 0xE0, 0x00, 0x00, 0x40, 0xE0, 0x00, 0x00, 0x40, 0xE0,
    0x00, 0x00, 0x40, 0xE0, 0x00, 0x00, 0x40, 0xE0, 0x00, 0x00, 0x40, 0xE0, 0x00, 0x00, 0x40, 0xE0,
    0x00, 0x00, 0x40, 0xE0, 0x00, 0x00, 0x40, 0xE0, 0x00, 0x00, 0x40, 0xE0, 0x00, 0x00, 0x40, 0xE0,
    0x00, 0x00, 0x40, 0xE0, 0x00, 0x00, 0x40, 0xE0, 0x00, 0x00, 0x40, 0xE0, 0x00, 0x00, 0x40, 0xE0,
    0x00, 0x00, 0x40, 0xE0, 0x00, 0x00, 0x40, 0xE0, 0x00, 0x00, 0x40, 0xE0, 0x00, 0x00, 0x40, 0xE0,
    0x00, 0x00, 0x40, 0xE0, 0x00, 0x00, 0x40, 0xE0, 0x00, 0x00, 0x40, 0xE0, 0x00, 0x00, 0x40, 0xE0,
    0x00, 0x00, 0x40, 0xE0, 0x00, 0x00, 0x40, 0xE0, 0x00, 0x00, 0x40, 0xE0, 0x00, 0x00, 0x40, 0xE0,
    0x00, 0x00, 0x40, 0xE0, 0x00, 0x00, 0x40, 0xE0, 0x00, 0x00, 0x40, 0xE0, 0x00, 0x00, 0x40, 0xE0,
    0x00, 0x00, 0x40, 0xE0, 0x00, 0x00, 0x40, 0xE0, 0x00, 0x00, 0x40, 0xE0, 0x00, 0x00, 0x40, 0xE0,
    0x00, 0x00, 0x40, 0xE0, 0x00, 0x00, 0x40, 0xE0, 0x00, 0x00, 0x40, 0xE0, 0x00, 0x00, 0x40, 0xE0,
    0x00, 0x00, 0x40, 0xE0, 0x00, 0x00, 0x40, 0xE0, 0x00, 0x00, 0x40, 0xE0, 0x00, 0x00, 0x40, 0xE0,
    0x00, 0x00, 0x40, 0xE0, 0x00, 0x00, 0x40, 0xE0, 0x00, 0x00, 0x40, 0xE0, 0x00, 0x00, 0x40, 0xE0,
    0x00, 0x00, 0x40, 0xE0, 0x00, 0x00, 0x40, 0xE0, 0x00, 0x00, 0x40, 0xE0, 0x00, 0x00, 0x40, 0xE0,
    0x00, 0x00, 0x40, 0xE0, 0x00, 0x00, 0x40, 0xE0, 0x00, 0x00, 0x40, 0xE0, 0x00, 0x00, 0x40, 0xE0,
    0x00, 0x00, 0x40, 0xE0, 0x00, 0x00, 0x40, 0xE0, 0x00, 0x00, 0x40, 0xE0, 0x00, 0x00, 0x40, 0xE0,
    0x00, 0x00, 0x40, 0xE0, 0x00, 0x00, 0x40, 0xE0, 0x00, 0x00, 0x40, 0xE0, 0x00, 0x00, 0x40, 0xE0,
    0x00, 0x00, 0x40, 0xE0, 0x00, 0x00, 0x40, 0xE0, 0x00, 0x00, 0x40, 0xE0, 0x00, 0x00, 0x40, 0xE0,
    0x00, 0x00, 0x40, 0xE0, 0x00, 0x00, 0x40, 0xE0, 0x00, 0x00, 0x40, 0xE0, 0x00, 0x00, 0x40, 0xE0,
    0x00, 0x00, 0x40, 0xE0, 0x00, 0x00, 0x40, 0xE0, 0x00, 0x00, 0x40, 0xE0, 0x00, 0x00, 0x40, 0xE0,
    0x00, 0x00, 0x40, 0xE0, 0x00, 0x00, 0x40, 0xE0, 0x00, 0x00, 0x40, 0xE0, 0x00, 0x00, 0x40, 0xE0,
    0x00, 0x00, 0x40, 0xE0, 0x00, 0x00, 0x40, 0xE0, 0x00, 0x00, 0x40, 0xE0, 0x00, 0x00, 0x40, 0xE0,
    0x00, 0x00, 0x40, 0xE0, 0x00, 0x00, 0x40, 0xE0, 0x00, 0x00, 0x40, 0xE0, 0x00, 0x00, 0x40, 0xE0,
    0x00, 0x00, 0x40, 0xE0, 0x00, 0x00, 0x40, 0xE0, 0x00, 0x00, 0x40, 0xE0, 0x00, 0x00, 0x40, 0xE0,
    0x00, 0x00, 0x40, 0xE0, 0x00, 0x00, 0x40, 0xE0, 0x00, 0x00, 0x40, 0xE0, 0x00, 0x00, 0x40, 0xE0,
    0x00, 0x00, 0x40, 0xE0, 0x00, 0x00, 0x40, 0xE0, 0x00, 0x00, 0x40, 0xE0, 0x00, 0x00, 0x40, 0xE0,
    0x00, 0x00, 0x40, 0xE0, 0x00, 0x00, 0x40, 0xE0, 0x00, 0x00, 0x40, 0xE0, 0x00, 0x00, 0x40, 0xE0,
    0x00, 0x00, 0x40, 0xE0, 0x00, 0x00, 0x40, 0xE0, 0x00, 0x00, 0x40, 0xE0, 0x00, 0x00, 0x40, 0xE0,
    0x00, 0x00, 0x40, 0xE0, 0x00, 0x00, 0x40, 0xE0, 0x00, 0x00, 0x40, 0xE0, 0x00, 0x00, 0x40, 0xE0,
    0x00, 0x00, 0x40, 0xE0, 0x00, 0x00, 0x40, 0xE0, 0x00, 0x00, 0x40, 0xE0, 0x00, 0x00, 0x40, 0xE0,
    0x00, 0x00, 0x40, 0xE0, 0x00, 0x00, 0x40, 0xE0, 0x00, 0x00, 0x40, 0xE0, 0x00, 0x00, 0x40, 0xE0,
    0x00, 0x00, 0x40, 0xE0, 0x00, 0x00, 0x40, 0xE0, 0x00, 0x00, 0x40, 0xE0, 0x00, 0x00, 0x40, 0xE0,
    0x00, 0x00, 0x40, 0xE0, 0x00, 0x00, 0x40, 0xE0, 0x00, 0x00, 0x40, 0xE0, 0x00, 0x00, 0x40, 0xE0,
    0x00, 0x00, 0x40, 0xE0, 0x00, 0x00, 0x40, 0xE0, 0x00, 0x00, 0x40, 0xE0, 0x00, 0x00, 0x40, 0xE0,
    0x00, 0x00, 0x40, 0xE0, 0x00, 0x00, 0x40, 0xE0, 0x00, 0x00, 0x40, 0xE0, 0x00, 0x00, 0x40, 0xE0,
    0x00, 0x00, 0x40, 0xE0, 0x00, 0x00, 0x40, 0xE0, 0x00, 0x00, 0x40, 0xE0, 0x00, 0x00, 0x40, 0xE0,
    0x00, 0x00, 0x40, 0xE0, 0x00, 0x00, 0x40, 0xE0, 0x00, 0x00, 0x40, 0xE0, 0x00, 0x00, 0x40, 0xE0,
    0x00, 0x00, 0x40, 0xE0, 0x00, 0x00, 0x40, 0xE0, 0x00, 0x00, 0x40, 0xE0, 0x00, 0x00, 0x40, 0xE0,
    0x00, 0x00, 0x40, 0xE0, 0x00, 0x00, 0x40, 0xE0, 0x00, 0x00, 0x40, 0xE0, 0x00, 0x00, 0x40, 0xE0,
    0x00, 0x00, 0x40, 0xE0, 0x00, 0x00, 0x40, 0xE0, 0x00, 0x00, 0x40, 0xE0, 0x00, 0x00, 0x40, 0xE0,
    0x00, 0x00, 0x40, 0xE0, 0x00, 0x00, 0x40, 0xE0, 0x00, 0x00, 0x40, 0xE0, 0x00, 0x00, 0x40, 0xE0,
    0x00, 0x00, 0x40, 0xE0, 0x00, 0x00, 0x40, 0xE0, 0x00, 0x00, 0x40, 0xE0, 0x00, 0x00, 0x40, 0xE0,
    0x00, 0x00, 0x40, 0xE0, 0x00, 0x00, 0x40, 0xE0, 0x00, 0x00, 0x40, 0xE0, 0x00, 0x00, 0x40, 0xE0,
    0x00, 0x00, 0x40, 0xE0, 0x00, 0x00, 0x40, 0xE0, 0x00, 0x00, 0x40, 0xE0, 0x00, 0x00, 0x40, 0xE0,
    0x00, 0x00, 0x40, 0xE0, 0x00, 0x00, 0x40, 0xE0, 0x00, 0x00, 0x40, 0xE0, 0x00, 0x00, 0x40, 0xE0,
    0x00, 0x00, 0x40, 0xE0, 0x00, 0x00, 0x40, 0xE0, 0x00, 0x00, 0x40, 0xE0, 0x00, 0x00, 0x40, 0xE0,
    0x00, 0x00, 0x40, 0xE0, 0x00, 0x00, 0x40, 0xE0, 0x00, 0x00, 0x40, 0xE0, 0x00, 0x00, 0x40, 0xE0,
    0x00, 0x00, 0x40, 0xE0, 0x00, 0x00, 0x40, 0xE0, 0x00, 0x00, 0x40, 0xE0, 0x00, 0x00, 0x40, 0xE0,
    0x00, 0x00, 0x40, 0xE0, 0x00, 0x00, 0x40, 0xE0, 0x00, 0x00, 0x40, 0xE0, 0x00, 0x00, 0x40, 0xE0,
    0x00, 0x00, 0x40, 0xE0, 0x00, 0x00, 0x40, 0xE0, 0x00, 0x00, 0x40, 0xE0, 0x00, 0x00, 0x40, 0xE0,
    0x00, 0x00, 0x40, 0xE0, 0x00, 0x00, 0x40, 0xE0, 0x00, 0x00, 0x40, 0xE0, 0x00, 0x00, 0x40, 0xE0,
    0x00, 0x00, 0x40, 0xE0, 0x00, 0x00, 0x40, 0xE0, 0x00, 0x00, 0x40, 0xE0, 0x00, 0x00, 0x40, 0xE0,
    0x00, 0x00, 0x40, 0xE0, 0x00, 0x00, 0x40, 0xE0, 0x00, 0x00, 0x40, 0xE0, 0x00, 0x00, 0x40, 0xE0,
    0x00, 0x00, 0x40, 0xE0, 0x00, 0x00, 0x40, 0xE0, 0x00, 0x00, 0x40, 0xE0, 0x00, 0x00, 0x40, 0xE0,
    0x00, 0x00, 0x40, 0xE0, 0x00, 0x00, 0x40, 0xE0, 0x00, 0x00, 0x40, 0xE0, 0x00, 0x00, 0x40, 0xE0,
    0x00, 0x00, 0x40, 0xE0, 0x00, 0x00, 0x40, 0xE0, 0x00, 0x00, 0x40, 0xE0, 0x00, 0x00, 0x40, 0xE0,
    0x00, 0x00, 0x40, 0xE0, 0x00, 0x00, 0x40, 0xE0, 0x00, 0x00, 0x40, 0xE0, 0x00, 0x00, 0x40, 0xE0,
    0x00, 0x00, 0x40, 0xE0, 0x00, 0x00, 0x40, 0xE0, 0x00, 0x00, 0x40, 0xE0, 0x00, 0x00, 0x40, 0xE0,
    0x00, 0x00, 0x40, 0xE0, 0x00, 0x00, 0x40, 0xE0, 0x00, 0x00, 0x40, 0xE0, 0x00, 0x00, 0x40, 0xE0,
    0x00, 0x00, 0x40, 0xE0, 0x00, 0x00, 0x40, 0xE0, 0x00, 0x00, 0x40, 0xE0, 0x00, 0x00, 0x40, 0xE0,
    0x00, 0x00, 0x40, 0xE0, 0x00, 0x00, 0x40, 0xE0, 0x00, 0x00, 0x40, 0xE0, 0x00, 0x00, 0x40, 0xE0,
    0x00, 0x00, 0x40, 0xE0, 0x00, 0x00, 0x40, 0xE0, 0x00, 0x00, 0x40, 0xE0, 0x00, 0x00, 0x40, 0xE0,
    0x00, 0x00, 0x40, 0xE0, 0x00, 0x00, 0x40, 0xE0, 0x00, 0x00, 0x40, 0xE0, 0x00, 0x00, 0x40, 0xE0,
    0x00, 0x00, 0x40, 0xE0, 0x00, 0x00, 0x40, 0xE0, 0x00, 0x00, 0x40, 0xE0, 0x00, 0x00, 0x40, 0xE0,
    0x00, 0x00, 0x40, 0xE0, 0x00, 0x00, 0x40, 0xE0, 0x00, 0x00, 0x40, 0xE0, 0x00, 0x00, 0x40, 0xE0,
    0x00, 0x00, 0x40, 0xE0, 0x00, 0x00, 0x40, 0xE0, 0x00, 0x00, 0x40, 0xE0, 0x00, 0x00, 0x40, 0xE0,
    0x00, 0x00, 0x40, 0xE0, 0x00, 0x00, 0x40, 0xE0, 0x00, 0x00, 0x40, 0xE0, 0x00, 0x00, 0x40, 0xE0,
    0x00, 0x00, 0x40, 0xE0, 0x00, 0x00, 0x40, 0xE0, 0x00, 0x00, 0x40, 0xE0, 0x00, 0x00, 0x40, 0xE0,
    0x00, 0x00, 0x40, 0xE0, 0x00, 0x00, 0x40, 0xE0, 0x00, 0x00, 0x40, 0xE0, 0x00, 0x00, 0x40, 0xE0,
    0x00, 0x00, 0x40, 0xE0, 0x00, 0x00, 0x40, 0xE0, 0x00, 0x00, 0x40, 0xE0, 0x00, 0x00, 0x40, 0xE0,
    0x00, 0x00, 0x40, 0xE0, 0x00, 0x00, 0x40, 0xE0, 0x00, 0x00, 0x40, 0xE0, 0x00, 0x00, 0x40, 0xE0,
    0x00, 0x00, 0x40, 0xE0, 0x00, 0x00, 0x40, 0xE0, 0x00, 0x00, 0x40, 0xE0, 0x00, 0x00, 0x40, 0xE0,
    0x00, 0x00, 0x40, 0xE0, 0x00, 0x00, 0x40, 0xE0, 0x00, 0x00, 0x40, 0xE0, 0x00, 0x00, 0x40, 0xE0,
    0x00, 0x00, 0x40, 0xE0, 0x00, 0x00, 0x40, 0xE0, 0x00, 0x00, 0x40, 0xE0, 0x00, 0x00, 0x40, 0xE0,
    0x00, 0x00, 0x40, 0xE0, 0x00, 0x00, 0x40, 0xE0, 0x00, 0x00, 0x40, 0xE0, 0x00, 0x00, 0x40, 0xE0,
    0x00, 0x00, 0x40, 0xE0, 0x00, 0x00, 0x40, 0xE0, 0x00, 0x00, 0x40, 0xE0, 0x00, 0x00, 0x40, 0xE0,
    0x00, 0x00, 0x40, 0xE0, 0x00, 0x00, 0x40, 0xE0, 0x00, 0x00, 0x40, 0xE0, 0x00, 0x00, 0x40, 0xE0,
    0x00, 0x00, 0x40, 0xE0, 0x00, 0x00, 0x40, 0xE0, 0x00, 0x00, 0x40, 0xE0, 0x00, 0x00, 0x40, 0xE0,
    0x00, 0x00, 0x40, 0xE0, 0x00, 0x00, 0x40, 0xE0, 0x00, 0x00, 0x40, 0xE0, 0x00, 0x00, 0x40, 0xE0,
    0x00, 0x00, 0x40, 0xE0, 0x00, 0x00, 0x40, 0xE0, 0x00, 0x00, 0x40, 0xE0, 0x00, 0x00, 0x40, 0xE0,
    0x00, 0x00, 0x40, 0xE0, 0x00, 0x00, 0x40, 0xE0, 0x00, 0x00, 0x40, 0xE0, 0x00, 0x00, 0x40, 0xE0,
    0x00, 0x00, 0x40, 0xE0, 0x00, 0x00, 0x40, 0xE0, 0x00, 0x00, 0x40, 0xE0, 0x00, 0x00, 0x40, 0xE0,
    0x00, 0x00, 0x40, 0xE0, 0x00, 0x00, 0x40, 0xE0, 0x00, 0x00, 0x40, 0xE0, 0x00, 0x00, 0x40, 0xE0,
    0x00, 0x00, 0x40, 0xE0, 0x00, 0x00, 0x40, 0xE0, 0x00, 0x00, 0x40, 0xE0, 0x00, 0x00, 0x40, 0xE0,
    0x00, 0x00, 0x40, 0xE0, 0x00, 0x00, 0x40, 0xE0, 0x00, 0x00, 0x40, 0xE0, 0x00, 0x00, 0x40, 0xE0,
    0x00, 0x00, 0x40, 0xE0, 0x00, 0x00, 0x40, 0xE0, 0x00, 0x00, 0x40, 0xE0, 0x00, 0x00, 0x40, 0xE0,
    0x00, 0x00, 0x40, 0xE0, 0x00, 0x00, 0x40, 0xE0, 0x00, 0x00, 0x40, 0xE0, 0x00, 0x00, 0x40, 0xE0,
    0x00, 0x00, 0x40, 0xE0, 0x00, 0x00, 0x40, 0xE0, 0x00, 0x00, 0x40, 0xE0, 0x00, 0x00, 0x40, 0xE0,
    0x00, 0x00, 0x40, 0xE0, 0x00, 0x00, 0x40, 0xE0, 0x00, 0x00, 0x40, 0xE0, 0x00, 0x00, 0x40, 0xE0,
    0x00, 0x00, 0x40, 0xE0, 0x00, 0x00, 0x40, 0xE0, 0x00, 0x00, 0x40, 0xE0, 0x00, 0x00, 0x40, 0xE0,
    0x00, 0x00, 0x40, 0xE0, 0x00, 0x00, 0x40, 0xE0, 0x00, 0x00, 0x40, 0xE0, 0x00, 0x00, 0x40, 0xE0,
    0x00, 0x00, 0x40, 0xE0, 0x00, 0x00, 0x40, 0xE0, 0x00, 0x00, 0x40, 0xE0, 0x00, 0x00, 0x40, 0xE0,
    0x00, 0x00, 0x40, 0xE0, 0x00, 0x00, 0x40, 0xE0, 0x00, 0x00, 0x40, 0xE0, 0x00, 0x00, 0x40, 0xE0,
    0x00, 0x00, 0x40, 0xE0, 0x00, 0x00, 0x40, 0xE0, 0x00, 0x00, 0x40, 0xE0, 0x00, 0x00, 0x40, 0xE0,
    0x00, 0x00, 0x40, 0xE0, 0x00, 0x00, 0x40, 0xE0, 0x00, 0x00, 0x40, 0xE0, 0x00, 0x00, 0x40, 0xE0,
    0x00, 0x00, 0x40, 0xE0, 0x00, 0x00, 0x40, 0xE0, 0x00, 0x00, 0x40, 0xE0, 0x00, 0x00, 0x40, 0xE0,
    0x00, 0x00, 0x40, 0xE0, 0x00, 0x00, 0x40, 0xE0, 0x00, 0x00, 0x40, 0xE0, 0x00, 0x00, 0x40, 0xE0,
    0x00, 0x00, 0x40, 0xE0, 0x00, 0x00, 0x40, 0xE0, 0x00, 0x00, 0x40, 0xE0, 0x00, 0x00, 0x40, 0xE0,
    0x00, 0x00, 0x40, 0xE0, 0x00, 0x00, 0x40, 0xE0, 0x00, 0x00, 0x40, 0xE0, 0x00, 0x00, 0x40, 0xE0,
    0x00, 0x00, 0x40, 0xE0, 0x00, 0x00, 0x40, 0xE0, 0x00, 0x00, 0x40, 0xE0, 0x00, 0x00, 0x40, 0xE0,
    0x00, 0x00, 0x40, 0xE0, 0x00, 0x00, 0x40, 0xE0, 0x00, 0x00, 0x40, 0xE0, 0x00, 0x00, 0x40, 0xE0,
    0x00, 0x00, 0x40, 0xE0, 0x00, 0x00, 0x40, 0xE0, 0x00, 0x00, 0x40, 0xE0, 0x00, 0x00, 0x40, 0xE0,
    0x00, 0x00, 0x40, 0xE0, 0x00, 0x00, 0x40, 0xE0, 0x00, 0x00, 0x40, 0xE0, 0x00, 0x00, 0x40, 0xE0,
    0x00, 0x00, 0x40, 0xE0, 0x00, 0x00, 0x40, 0xE0, 0x00, 0x00, 0x40, 0xE0, 0x00, 0x00, 0x40, 0xE0,
    0x00, 0x00, 0x40, 0xE0, 0x00, 0x00, 0x40, 0xE0, 0x00, 0x00, 0x40, 0xE0, 0x00, 0x00, 0x40, 0xE0,
    0x00, 0x00, 0x40, 0xE0, 0x00, 0x00, 0x40, 0xE0, 0x00, 0x00, 0x40, 0xE0, 0x00, 0x00, 0x40, 0xE0,
    0x00, 0x00, 0x40, 0xE0, 0x00, 0x00, 0x40, 0xE0, 0x00, 0x00, 0x40, 0xE0, 0x00, 0x00, 0x40, 0xE0,
    0x00, 0x00, 0x40, 0xE0, 0x00, 0x00, 0x40, 0xE0, 0x00, 0x00, 0x40, 0xE0, 0x00, 0x00, 0x40, 0xE0,
    0x00, 0x00, 0x40, 0xE0, 0x00, 0x00, 0x40, 0xE0, 0x00, 0x00, 0x40, 0xE0, 0x00, 0x00, 0x40, 0xE0,
    0x00, 0x00, 0x40, 0xE0, 0x00, 0x00, 0x40, 0xE0, 0x00, 0x00, 0x40, 0xE0, 0x00, 0x00, 0x40, 0xE0,
    0x00, 0x00, 0x40, 0xE0, 0x00, 0x00, 0x40, 0xE0, 0x00, 0x00, 0x40, 0xE0, 0x00, 0x00, 0x40, 0xE0,
    0x00, 0x00, 0x40, 0xE0, 0x00, 0x00, 0x40, 0xE0, 0x00, 0x00, 0x40, 0xE0, 0x00, 0x00, 0x40, 0xE0,
    0x00, 0x00, 0x40, 0xE0, 0x00, 0x00, 0x40, 0xE0, 0x00, 0x00, 0x40, 0xE0, 0x00, 0x00, 0x40, 0xE0,
    0x00, 0x00, 0x40, 0xE0, 0x00, 0x00, 0x40, 0xE0, 0x00, 0x00, 0x40, 0xE0, 0x00, 0x00, 0x40, 0xE0,
    0x00, 0x00, 0x40, 0xE0, 0x00, 0x00, 0x40, 0xE0, 0x00, 0x00, 0x40, 0xE0, 0x00, 0x00, 0x40, 0xE0,
    0x00, 0x00, 0x40, 0xE0, 0x00, 0x00, 0x40, 0xE0, 0x00, 0x00, 0x40, 0xE0, 0x00, 0x00, 0x40, 0xE0,
    0x00, 0x00, 0x40, 0xE0, 0x00, 0x00, 0x40, 0xE0, 0x00, 0x00, 0x40, 0xE0, 0x00, 0x00, 0x40, 0xE0,
    0x00, 0x00, 0x40, 0xE0, 0x00, 0x00, 0x40, 0xE0, 0x00, 0x00, 0x40, 0xE0, 0x00, 0x00, 0x40, 0xE0,
    0x00, 0x00, 0x40, 0xE0, 0x00, 0x00, 0x40, 0xE0, 0x00, 0x00, 0x40, 0xE0, 0x00, 0x00, 0x40, 0xE0,
    0x00, 0x00, 0x40, 0xE0, 0x00, 0x00, 0x40, 0xE0, 0x00, 0x00, 0x40, 0xE0, 0x00, 0x00, 0x40, 0xE0,
    0x00, 0x00, 0x40, 0xE0, 0x00, 0x00, 0x40, 0xE0, 0x00, 0x00, 0x40, 0xE0, 0x00, 0x00, 0x40, 0xE0,
    0x00, 0x00, 0x40, 0xE0, 0x00, 0x00, 0x40, 0xE0, 0x00, 0x00, 0x40, 0xE0, 0x00, 0x00, 0x40, 0xE0,
    0x00, 0x00, 0x40, 0xE0, 0x00, 0x00, 0x40, 0xE0, 0x00, 0x00, 0x40, 0xE0, 0x00, 0x00, 0x40, 0xE0,
    0x00, 0x00, 0x40, 0xE0, 0x00, 0x00, 0x40, 0xE0, 0x00, 0x00, 0x40, 0xE0, 0x00, 0x00, 0x40, 0xE0,
    0x00, 0x00, 0x40, 0xE0, 0x00, 0x00, 0x40, 0xE0, 0x00, 0x00, 0x40, 0xE0, 0x00, 0x00, 0x40, 0xE0,
    0x00, 0x00, 0x40, 0xE0, 0x00, 0x00, 0x40, 0xE0, 0x00, 0x00, 0x40, 0xE0, 0x00, 0x00, 0x40, 0xE0,
    0x00, 0x00, 0x40, 0xE0, 0x00, 0x00, 0x40, 0xE0, 0x00, 0x00, 0x40, 0xE0, 0x00, 0x00, 0x40, 0xE0,
    0x00, 0x00, 0x40, 0xE0, 0x00, 0x00, 0x40, 0xE0, 0x00, 0x00, 0x40, 0xE0, 0x00, 0x00, 0x40, 0xE0,
    0x00, 0x00, 0x40, 0xE0, 0x00, 0x00, 0x40, 0xE0, 0x00, 0x00, 0x40, 0xE0, 0x00, 0x00, 0x40, 0xE0,
    0x00, 0x00, 0x40, 0xE0, 0x00, 0x00, 0x40, 0xE0, 0x00, 0x00, 0x40, 0xE0, 0x00, 0x00, 0x40, 0xE0,
    0x00, 0x00, 0x40, 0xE0, 0x00, 0x00, 0x40, 0xE0, 0x00, 0x00, 0x40, 0xE0, 0x00, 0x00, 0x40, 0xE0,
    0x00, 0x00, 0x40, 0xE0, 0x00, 0x00, 0x40, 0xE0, 0x00, 0x00, 0x40, 0xE0, 0x00, 0x00, 0x40, 0xE0,
    0x00, 0x00, 0x40, 0xE0, 0x00, 0x00, 0x40, 0xE0, 0x00, 0x00, 0x40, 0xE0, 0x00, 0x00, 0x40, 0xE0,
    0x00, 0x00, 0x40, 0xE0, 0x00, 0x00, 0x40, 0xE0, 0x00, 0x00, 0x40, 0xE0, 0x00, 0x00, 0x40, 0xE0,
    0x00, 0x00, 0x40, 0xE0, 0x00, 0x00, 0x40, 0xE0, 0x00, 0x00, 0x40, 0xE0, 0x00, 0x00, 0x40, 0xE0,
    0x00, 0x00, 0x40, 0xE0, 0x00, 0x00, 0x40, 0xE0, 0x00, 0x00, 0x40, 0xE0, 0x00, 0x00, 0x40, 0xE0,
    0x00, 0x00, 0x40, 0xE0, 0x00, 0x00, 0x40, 0xE0, 0x00, 0x00, 0x40, 0xE0, 0x00, 0x00, 0x40, 0xE0,
    0x00, 0x00, 0x40, 0xE0, 0x00, 0x00, 0x40, 0xE0, 0x00, 0x00, 0x40, 0xE0, 0x00, 0x00, 0x40, 0xE0,
    0x00, 0x00, 0x40, 0xE0, 0x00, 0x00, 0x40, 0xE0, 0x00, 0x00, 0x40, 0xE0, 0x00, 0x00, 0x40, 0xE0,
    0x00, 0x00, 0x40, 0xE0, 0x00, 0x00, 0x40, 0xE0, 0x00, 0x00, 0x40, 0xE0, 0x00, 0x00, 0x40, 0xE0,
    0x00, 0x00, 0x40, 0xE0, 0x00, 0x00, 0x40, 0xE0, 0x00, 0x00, 0x40, 0xE0, 0x00, 0x00, 0x40, 0xE0,
    0x00, 0x00, 0x40, 0xE0, 0x00, 0x00, 0x40, 0xE0, 0x00, 0x00, 0x40, 0xE0, 0x00, 0x00, 0x40, 0xE0,
    0x00, 0x00, 0x40, 0xE0, 0x00, 0x00, 0x40, 0xE0, 0x00, 0x00, 0x40, 0xE0, 0x00, 0x00, 0x40, 0xE0,
    0x00, 0x00, 0x40, 0xE0, 0x00, 0x00, 0x40, 0xE0, 0x00, 0x00, 0x40, 0xE0, 0x00, 0x00, 0x40, 0xE0,
    0x00, 0x00, 0x40, 0xE0, 0x00, 0x00, 0x40, 0xE0, 0x00, 0x00, 0x40, 0xE0, 0x00, 0x00, 0x40, 0xE0,
    0x00, 0x00, 0x40, 0xE0, 0x00, 0x00, 0x40, 0xE0, 0x00, 0x00, 0x40, 0xE0, 0x00, 0x00, 0x40, 0xE0,
    0x00, 0x00, 0x40, 0xE0, 0x00, 0x00, 0x40, 0xE0, 0x00, 0x00, 0x40, 0xE0, 0x00, 0x00, 0x40, 0xE0,
    0x00, 0x00, 0x40, 0xE0, 0x00, 0x00, 0x40, 0xE0, 0x00, 0x00, 0x40, 0xE0, 0x00, 0x00, 0x40, 0xE0,
    0x00, 0x00, 0x40, 0xE0, 0x00, 0x00, 0x40, 0xE0, 0x00, 0x00, 0x40, 0xE0, 0x00, 0x00, 0x40, 0xE0,
    0x00, 0x00, 0x40, 0xE0, 0x00, 0x00, 0x40, 0xE0, 0x00, 0x00, 0x40, 0xE0, 0x00, 0x00, 0x40, 0xE0,
    0x00, 0x00, 0x40, 0xE0, 0x00, 0x00, 0x40, 0xE0, 0x00, 0x00, 0x40, 0xE0, 0x00, 0x00, 0x40, 0xE0,
    0x00, 0x00, 0x40, 0xE0, 0x00, 0x00, 0x40, 0xE0, 0x00, 0x00, 0x40, 0xE0, 0x00, 0x00, 0x40, 0xE0,
    0x00, 0x00, 0x40, 0xE0, 0x00, 0x00, 0x40, 0xE0, 0x00, 0x00, 0x40, 0xE0, 0x00, 0x00, 0x40, 0xE0,
    0x00, 0x00, 0x40, 0xE0, 0x00, 0x00, 0x40, 0xE0, 0x00, 0x00, 0x40, 0xE0, 0x00, 0x00, 0x40, 0xE0,
    0x00, 0x00, 0x40, 0xE0, 0x00, 0x00, 0x40, 0xE0, 0x00, 0x00, 0x40, 0xE0, 0x00, 0x00, 0x40, 0xE0,
    0x00, 0x00, 0x40, 0xE0, 0x00, 0x00, 0x40, 0xE0, 0x00, 0x00, 0x40, 0xE0, 0x00, 0x00, 0x40, 0xE0,
    0x00, 0x00, 0x40, 0xE0, 0x00, 0x00, 0x40, 0xE0, 0x00, 0x00, 0x40, 0xE0, 0x00, 0x00, 0x40, 0xE0,
    0x00, 0x00, 0x40, 0xE0, 0x00, 0x00, 0x40, 0xE0, 0x00, 0x00, 0x40, 0xE0, 0x00, 0x00, 0x40, 0xE0,
    0x00, 0x00, 0x40, 0xE0, 0x00, 0x00, 0x40, 0xE0, 0x00, 0x00, 0x40, 0xE0, 0x00, 0x00, 0x40, 0xE0,
    0x00, 0x00, 0x40, 0xE0, 0x00, 0x00, 0x40, 0xE0, 0x00, 0x00, 0x40, 0xE0, 0x00, 0x00, 0x40, 0xE0,
    0x00, 0x00, 0x40, 0xE0, 0x00, 0x00, 0x40, 0xE0, 0x00, 0x00, 0x40, 0xE0, 0x00, 0x00, 0x40, 0xE0,
    0x00, 0x00, 0x40, 0xE0, 0x00, 0x00, 0x40, 0xE0, 0x00, 0x00, 0x40, 0xE0, 0x00, 0x00, 0x40, 0xE0,
    0x00, 0x00, 0x40, 0xE0, 0x00, 0x00, 0x40, 0xE0, 0x00, 0x00, 0x40, 0xE0, 0x00, 0x00, 0x40, 0xE0,
    0x00, 0x00, 0x40, 0xE0, 0x00, 0x00, 0x40, 0xE0, 0x00, 0x00, 0x40, 0xE0, 0x00, 0x00, 0x40, 0xE0,
    0x00, 0x00, 0x40, 0xE0, 0x00, 0x00, 0x40, 0xE0, 0x00, 0x00, 0x40, 0xE0, 0x00, 0x00, 0x40, 0xE0,
    0x00, 0x00, 0x40, 0xE0, 0x00, 0x00, 0x40, 0xE0, 0x00, 0x00, 0x40, 0xE0, 0x00, 0x00, 0x40, 0xE0,
    0x00, 0x00, 0x40, 0xE0, 0x00, 0x00, 0x40, 0xE0, 0x00, 0x00, 0x40, 0xE0, 0x00, 0x00, 0x40, 0xE0,
    0x00, 0x00, 0x40, 0xE0, 0x00, 0x00, 0x40, 0xE0, 0x00, 0x00, 0x40, 0xE0, 0x00, 0x00, 0x40, 0xE0,
    0x00, 0x00, 0x40, 0xE0, 0x00, 0x00, 0x40, 0xE0, 0x00, 0x00, 0x40, 0xE0, 0x00, 0x00, 0x40, 0xE0,
    0x00, 0x00, 0x40, 0xE0, 0x00, 0x00, 0x40, 0xE0, 0x00, 0x00, 0x40, 0xE0, 0x00, 0x00, 0x40, 0xE0,
    0x00, 0x00, 0x40, 0xE0, 0x00, 0x00, 0x40, 0xE0, 0x00, 0x00, 0x40, 0xE0, 0x00, 0x00, 0x40, 0xE0,
    0x00, 0x00, 0x40, 0xE0, 0x00, 0x00, 0x40, 0xE0, 0x00, 0x00, 0x40, 0xE0, 0x00, 0x00, 0x40, 0xE0,
    0x00, 0x00, 0x40, 0xE0, 0x00, 0x00, 0x40, 0xE0, 0x00, 0x00, 0x40, 0xE0, 0x00, 0x00, 0x40, 0xE0,
    0x00, 0x00, 0x40, 0xE0, 0x00, 0x00, 0x40, 0xE0, 0x00, 0x00, 0x40, 0xE0, 0x00, 0x00, 0x40, 0xE0,
    0x00, 0x00, 0x40, 0xE0, 0x00, 0x00, 0x40, 0xE0, 0x00, 0x00, 0x40, 0xE0, 0x00, 0x00, 0x40, 0xE0,
    0x00, 0x00, 0x40, 0xE0, 0x00, 0x00, 0x40, 0xE0, 0x00, 0x00, 0x40, 0xE0, 0x00, 0x00, 0x40, 0xE0,
    0x00, 0x00, 0x40, 0xE0, 0x00, 0x00, 0x40, 0xE0, 0x00, 0x00, 0x40, 0xE0, 0x00, 0x00, 0x40, 0xE0,
    0x00, 0x00, 0x40, 0xE0, 0x00, 0x00, 0x40, 0xE0, 0x00, 0x00, 0x40, 0xE0, 0x00, 0x00, 0x40, 0xE0,
    0x00, 0x00, 0x40, 0xE0, 0x00, 0x00, 0x40, 0xE0, 0x00, 0x00, 0x40, 0xE0, 0x00, 0x00, 0x40, 0xE0,
    0x00, 0x00, 0x40, 0xE0, 0x00, 0x00, 0x40, 0xE0, 0x00, 0x00, 0x40, 0xE0, 0x00, 0x00, 0x40, 0xE0,
    0x00, 0x00, 0x40, 0xE0, 0x00, 0x00, 0x40, 0xE0, 0x00, 0x00, 0x40, 0xE0, 0x00, 0x00, 0x40, 0xE0,
    0x00, 0x00, 0x40, 0xE0, 0x00, 0x00, 0x40, 0xE0, 0x00, 0x00, 0x40, 0xE0, 0x00, 0x00, 0x40, 0xE0,
    0x00, 0x00, 0x40, 0xE0, 0x00, 0x00, 0x40, 0xE0, 0x00, 0x00, 0x40, 0xE0, 0x00, 0x00, 0x40, 0xE0,
    0x00, 0x00, 0x40, 0xE0, 0x00, 0x00, 0x40, 0xE0, 0x00, 0x00, 0x40, 0xE0, 0x00, 0x00, 0x40, 0xE0,
    0x00, 0x00, 0x40, 0xE0, 0x00, 0x00, 0x40, 0xE0, 0x00, 0x00, 0x40, 0xE0, 0x00, 0x00, 0x40, 0xE0,
    0x00, 0x00, 0x40, 0xE0, 0x00, 0x00, 0x40, 0xE0, 0x00, 0x00, 0x40, 0xE0, 0x00, 0x00, 0x40, 0xE0,
    0x00, 0x00, 0x40, 0xE0, 0x00, 0x00, 0x40, 0xE0, 0x00, 0x00, 0x40, 0xE0, 0x00, 0x00, 0x40, 0xE0,
    0x00, 0x00, 0x40, 0xE0, 0x00, 0x00, 0x40, 0xE0, 0x00, 0x00, 0x40, 0xE0, 0x00, 0x00, 0x40, 0xE0,
    0x00, 0x00, 0x40, 0xE0, 0x00, 0x00, 0x40, 0xE0, 0x00, 0x00, 0x40, 0xE0, 0x00, 0x00, 0x40, 0xE0,
    0x00, 0x00, 0x40, 0xE0, 0x00, 0x00, 0x40, 0xE0, 0x00, 0x00, 0x40, 0xE0, 0x00, 0x00, 0x40, 0xE0,
    0x00, 0x00, 0x40, 0xE0, 0x00, 0x00, 0x40, 0xE0, 0x00, 0x00, 0x40, 0xE0, 0x00, 0x00, 0x40, 0xE0,
    0x00, 0x00, 0x40, 0xE0, 0x00, 0x00, 0x40, 0xE0, 0x00, 0x00, 0x40, 0xE0, 0x00, 0x00, 0x40, 0xE0,
    0x00, 0x00, 0x40, 0xE0, 0x00, 0x00, 0x40, 0xE0, 0x00, 0x00, 0x40, 0xE0, 0x00, 0x00, 0x40, 0xE0,
    0x00, 0x00, 0x40, 0xE0, 0x00, 0x00, 0x40, 0xE0, 0x00, 0x00, 0x40, 0xE0, 0x00, 0x00, 0x40, 0xE0,
    0x00, 0x00, 0x40, 0xE0, 0x00, 0x00, 0x40, 0xE0, 0x00, 0x00, 0x40, 0xE0, 0x00, 0x00, 0x40, 0xE0,
    0x00, 0x00, 0x40, 0xE0, 0x00, 0x00, 0x40, 0xE0, 0x00, 0x00, 0x40, 0xE0, 0x00, 0x00, 0x40, 0xE0,
    0x00, 0x00, 0x40, 0xE0, 0x00, 0x00, 0x40, 0xE0, 0x00, 0x00, 0x40, 0xE0, 0x00, 0x00, 0x40, 0xE0,
    0x00, 0x00, 0x40, 0xE0, 0x00, 0x00, 0x40, 0xE0, 0x00, 0x00, 0x40, 0xE0, 0x00, 0x00, 0x40, 0xE0,
    0x00, 0x00, 0x40, 0xE0, 0x00, 0x00, 0x40, 0xE0, 0x00, 0x00, 0x40, 0xE0, 0x00, 0x00, 0x40, 0xE0,
    0x00, 0x00, 0x40, 0xE0, 0x00, 0x00, 0x40, 0xE0, 0x00, 0x00, 0x40, 0xE0, 0x00, 0x00, 0x40, 0xE0,
    0x00, 0x00, 0x40, 0xE0, 0x00, 0x00, 0x40, 0xE0, 0x00, 0x00, 0x40, 0xE0, 0x00, 0x00, 0x40, 0xE0,
    0x00, 0x00, 0x40, 0xE0, 0x00, 0x00, 0x40, 0xE0, 0x00, 0x00, 0x40, 0xE0, 0x00, 0x00, 0x40, 0xE0,
    0x00, 0x00, 0x40, 0xE0, 0x00, 0x00, 0x40, 0xE0, 0x00, 0x00, 0x40, 0xE0, 0x00, 0x00, 0x40, 0xE0,
    0x00, 0x00, 0x40, 0xE0, 0x00, 0x00, 0x40, 0xE0, 0x00, 0x00, 0x40, 0xE0, 0x00, 0x00, 0x40, 0xE0,
    0x00, 0x00, 0x40, 0xE0, 0x00, 0x00, 0x40, 0xE0, 0x00, 0x00, 0x40, 0xE0, 0x00, 0x00, 0x40, 0xE0,
    0x00, 0x00, 0x40, 0xE0, 0x00, 0x00, 0x40, 0xE0, 0x00, 0x00, 0x40, 0xE0, 0x00, 0x00, 0x40, 0xE0,
    0x00, 0x00, 0x40, 0xE0, 0x00, 0x00, 0x40, 0xE0, 0x00, 0x00, 0x40, 0xE0, 0x00, 0x00, 0x40, 0xE0,
    0x00, 0x00, 0x40, 0xE0, 0x00, 0x00, 0x40, 0xE0, 0x00, 0x00, 0x40, 0xE0, 0x00, 0x00, 0x40, 0xE0,
    0x00, 0x00, 0x40, 0xE0, 0x00, 0x00, 0x40, 0xE0, 0x00, 0x00, 0x40, 0xE0, 0x00, 0x00, 0x40, 0xE0,
    0x00, 0x00, 0x40, 0xE0, 0x00, 0x00, 0x40, 0xE0, 0x00, 0x00, 0x40, 0xE0, 0x00, 0x00, 0x40, 0xE0,
    0x00, 0x00, 0x40, 0xE0, 0x00, 0x00, 0x40, 0xE0, 0x00, 0x00, 0x40, 0xE0, 0x00, 0x00, 0x40, 0xE0,
    0x00, 0x00, 0x40, 0xE0, 0x00, 0x00, 0x40, 0xE0, 0x00, 0x00, 0x40, 0xE0, 0x00, 0x00, 0x40, 0xE0,
    0x00, 0x00, 0x40, 0xE0, 0x00, 0x00, 0x40, 0xE0, 0x00, 0x00, 0x40, 0xE0, 0x00, 0x00, 0x40, 0xE0,
    0x00, 0x00, 0x40, 0xE0, 0x00, 0x00, 0x40, 0xE0, 0x00, 0x00, 0x40, 0xE0, 0x00, 0x00, 0x40, 0xE0,
    0x00, 0x00, 0x40, 0xE0, 0x00, 0x00, 0x40, 0xE0, 0x00, 0x00, 0x40, 0xE0, 0x00, 0x00, 0x40, 0xE0,
    0x00, 0x00, 0x40, 0xE0, 0x00, 0x00, 0x40, 0xE0, 0x00, 0x00, 0x40, 0xE0, 0x00, 0x00, 0x40, 0xE0,
    0x00, 0x00, 0x40, 0xE0, 0x00, 0x00, 0x40, 0xE0, 0x00, 0x00, 0x40, 0xE0, 0x00, 0x00, 0x40, 0xE0,
    0x00, 0x00, 0x40, 0xE0, 0x00, 0x00, 0x40, 0xE0, 0x00, 0x00, 0x40, 0xE0, 0x00, 0x00, 0x40, 0xE0,
    0x00, 0x00, 0x40, 0xE0, 0x00, 0x00, 0x40, 0xE0, 0x00, 0x00, 0x40, 0xE0, 0x00, 0x00, 0x40, 0xE0,
    0x00, 0x00, 0x40, 0xE0, 0x00, 0x00, 0x40, 0xE0, 0x00, 0x00, 0x40, 0xE0, 0x00, 0x00, 0x40, 0xE0,
    0x00, 0x00, 0x40, 0xE0, 0x00, 0x00, 0x40, 0xE0, 0x00, 0x00, 0x40, 0xE0, 0x00, 0x00, 0x40, 0xE0,
    0x00, 0x00, 0x40, 0xE0, 0x00, 0x00, 0x40, 0xE0, 0x00, 0x00, 0x40, 0xE0, 0x00, 0x00, 0x40, 0xE0,
    0x00, 0x00, 0x40, 0xE0, 0x00, 0x00, 0x40, 0xE0, 0x00, 0x00, 0x40, 0xE0, 0x00, 0x00, 0x40, 0xE0,
    0x00, 0x00, 0x40, 0xE0, 0x00, 0x00, 0x40, 0xE0, 0x00, 0x00, 0x40, 0xE0, 0x00, 0x00, 0x40, 0xE0,
    0x00, 0x00, 0x40, 0xE0, 0x00, 0x00, 0x40, 0xE0, 0x00, 0x00, 0x40, 0xE0, 0x00, 0x00, 0x40, 0xE0,
    0x00, 0x00, 0x40, 0xE0, 0x00, 0x00, 0x40, 0xE0, 0x00, 0x00, 0x40, 0xE0, 0x00, 0x00, 0x40, 0xE0,
    0x00, 0x00, 0x40, 0xE0, 0x00, 0x00, 0x40, 0xE0, 0x00, 0x00, 0x40, 0xE0, 0x00, 0x00, 0x40, 0xE0,
    0x00, 0x00, 0x40, 0xE0, 0x00, 0x00, 0x40, 0xE0, 0x00, 0x00, 0x40, 0xE0, 0x00, 0x00, 0x40, 0xE0,
    0x00, 0x00, 0x40, 0xE0, 0x00, 0x00, 0x40, 0xE0, 0x00, 0x00, 0x40, 0xE0, 0x00, 0x00, 0x40, 0xE0,
    0x00, 0x00, 0x40, 0xE0, 0x00, 0x00, 0x40, 0xE0, 0x00, 0x00, 0x40, 0xE0, 0x00, 0x00, 0x40, 0xE0,
    0x00, 0x00, 0x40, 0xE0, 0x00, 0x00, 0x40, 0xE0, 0x00, 0x00, 0x40, 0xE0, 0x00, 0x00, 0x40, 0xE0,
    0x00, 0x00, 0x40, 0xE0, 0x00, 0x00, 0x40, 0xE0, 0x00, 0x00, 0x40, 0xE0, 0x00, 0x00, 0x40, 0xE0,
    0x00, 0x00, 0x40, 0xE0, 0x00, 0x00, 0x40, 0xE0, 0x00, 0x00, 0x40, 0xE0, 0x00, 0x00, 0x40, 0xE0,
    0x00, 0x00, 0x40, 0xE0, 0x00, 0x00, 0x40, 0xE0, 0x00, 0x00, 0x40, 0xE0, 0x00, 0x00, 0x40, 0xE0,
    0x00, 0x00, 0x40, 0xE0, 0x00, 0x00, 0x40, 0xE0, 0x00, 0x00, 0x40, 0xE0, 0x00, 0x00, 0x40, 0xE0,
    0x00, 0x00, 0x40, 0xE0, 0x00, 0x00, 0x40, 0xE0, 0x00, 0x00, 0x40, 0xE0, 0x00, 0x00, 0x40, 0xE0,
    0x00, 0x00, 0x40, 0xE0, 0x00, 0x00, 0x40, 0xE0, 0x00, 0x00, 0x40, 0xE0, 0x00, 0x00, 0x40, 0xE0,
    0x00, 0x00, 0x40, 0xE0, 0x00, 0x00, 0x40, 0xE0, 0x00, 0x00, 0x40, 0xE0, 0x00, 0x00, 0x40, 0xE0,
    0x00, 0x00, 0x40, 0xE0, 0x00, 0x00, 0x40, 0xE0, 0x00, 0x00, 0x40, 0xE0, 0x00, 0x00, 0x40, 0xE0,
    0x00, 0x00, 0x40, 0xE0, 0x00, 0x00, 0x40, 0xE0, 0x00, 0x00, 0x40, 0xE0, 0x00, 0x00, 0x40, 0xE0,
    0x00, 0x00, 0x40, 0xE0, 0x00, 0x00, 0x40, 0xE0, 0x00, 0x00, 0x40, 0xE0, 0x00, 0x00, 0x40, 0xE0,
    0x00, 0x00, 0x40, 0xE0, 0x00, 0x00, 0x40, 0xE0, 0x00, 0x00, 0x40, 0xE0, 0x00, 0x00, 0x40, 0xE0,
    0x00, 0x00, 0x40, 0xE0, 0x00, 0x00, 0x40, 0xE0, 0x00, 0x00, 0x40, 0xE0, 0x00, 0x00, 0x40, 0xE0,
    0x00, 0x00, 0x40, 0xE0, 0x00, 0x00, 0x40, 0xE0, 0x00, 0x00, 0x40, 0xE0, 0x00, 0x00, 0x40, 0xE0,
    0x00, 0x00, 0x40, 0xE0, 0x00, 0x00, 0x40, 0xE0, 0x00, 0x00, 0x40, 0xE0, 0x00, 0x00, 0x40, 0xE0,
    0x00, 0x00, 0x40, 0xE0, 0x00, 0x00, 0x40, 0xE0, 0x00, 0x00, 0x40, 0xE0, 0x00, 0x00, 0x40, 0xE0,
    0x00, 0x00, 0x40, 0xE0, 0x00, 0x00, 0x40, 0xE0, 0x00, 0x00, 0x40, 0xE0, 0x00, 0x00, 0x40, 0xE0,
    0x00, 0x00, 0x40, 0xE0, 0x00, 0x00, 0x40, 0xE0, 0x00, 0x00, 0x40, 0xE0, 0x00, 0x00, 0x40, 0xE0,
    0x00, 0x00, 0x40, 0xE0, 0x00, 0x00, 0x40, 0xE0, 0x00, 0x00, 0x40, 0xE0, 0x00, 0x00, 0x40, 0xE0,
    0x00, 0x00, 0x40, 0xE0, 0x00, 0x00, 0x40, 0xE0, 0x00, 0x00, 0x40, 0xE0, 0x00, 0x00, 0x40, 0xE0,
    0x00, 0x00, 0x40, 0xE0, 0x00, 0x00, 0x40, 0xE0, 0x00, 0x00, 0x40, 0xE0, 0x00, 0x00, 0x40, 0xE0,
    0x00, 0x00, 0x40, 0xE0, 0x00, 0x00, 0x40, 0xE0, 0x00, 0x00, 0x40, 0xE0, 0x00, 0x00, 0x40, 0xE0,
    0x00, 0x00, 0x40, 0xE0, 0x00, 0x00, 0x40, 0xE0, 0x00, 0x00, 0x40, 0xE0, 0x00, 0x00, 0x40, 0xE0,
    0x00, 0x00, 0x40, 0xE0, 0x00, 0x00, 0x40, 0xE0, 0x00, 0x00, 0x40, 0xE0, 0x00, 0x00, 0x40, 0xE0,
    0x00, 0x00, 0x40, 0xE0, 0x00, 0x00, 0x40, 0xE0, 0x00, 0x00, 0x40, 0xE0, 0x00, 0x00, 0x40, 0xE0,
    0x00, 0x00, 0x40, 0xE0, 0x00, 0x00, 0x40, 0xE0, 0x00, 0x00, 0x40, 0xE0, 0x00, 0x00, 0x40, 0xE0,
    0x00, 0x00, 0x40, 0xE0, 0x00, 0x00, 0x40, 0xE0, 0x00, 0x00, 0x40, 0xE0, 0x00, 0x00, 0x40, 0xE0,
    0x00, 0x00, 0x40, 0xE0, 0x00, 0x00, 0x40, 0xE0, 0x00, 0x00, 0x40, 0xE0, 0x00, 0x00, 0x40, 0xE0,
    0x00, 0x00, 0x40, 0xE0, 0x00, 0x00, 0x40, 0xE0, 0x00, 0x00, 0x40, 0xE0, 0x00, 0x00, 0x40, 0xE0,
    0x00, 0x00, 0x40, 0xE0, 0x00, 0x00, 0x40, 0xE0, 0x00, 0x00, 0x40, 0xE0, 0x00, 0x00, 0x40, 0xE0,
    0x00, 0x00, 0x40, 0xE0, 0x00, 0x00, 0x40, 0xE0, 0x00, 0x00, 0x40, 0xE0, 0x00, 0x00, 0x40, 0xE0,
    0x00, 0x00, 0x40, 0xE0, 0x00, 0x00, 0x40, 0xE0, 0x00, 0x00, 0x40, 0xE0, 0x00, 0x00, 0x40, 0xE0,
    0x00, 0x00, 0x40, 0xE0, 0x00, 0x00, 0x40, 0xE0, 0x00, 0x00, 0x40, 0xE0, 0x00, 0x00, 0x40, 0xE0,
    0x00, 0x00, 0x40, 0xE0, 0x00, 0x00, 0x40, 0xE0, 0x00, 0x00, 0x40, 0xE0, 0x00, 0x00, 0x40, 0xE0,
    0x00, 0x00, 0x40, 0xE0, 0x00, 0x00, 0x40, 0xE0, 0x00, 0x00, 0x40, 0xE0, 0x00, 0x00, 0x40, 0xE0,
    0x00, 0x00, 0x40, 0xE0, 0x00, 0x00, 0x40, 0xE0, 0x00, 0x00, 0x40, 0xE0, 0x00, 0x00, 0x40, 0xE0,
    0x00, 0x00, 0x40, 0xE0, 0x00, 0x00, 0x40, 0xE0, 0x00, 0x00, 0x40, 0xE0, 0x00, 0x00, 0x40, 0xE0,
    0x00, 0x00, 0x40, 0xE0, 0x00, 0x00, 0x40, 0xE0, 0x00, 0x00, 0x40, 0xE0, 0x00, 0x00, 0x40, 0xE0,
    0x00, 0x00, 0x40, 0xE0, 0x00, 0x00, 0x40, 0xE0, 0x00, 0x00, 0x40, 0xE0, 0x00, 0x00, 0x40, 0xE0,
    0x00, 0x00, 0x40, 0xE0, 0x00, 0x00, 0x40, 0xE0, 0x00, 0x00, 0x40, 0xE0, 0x00, 0x00, 0x40, 0xE0,
    0x00, 0x00, 0x40, 0xE0, 0x00, 0x00, 0x40, 0xE0, 0x00, 0x00, 0x40, 0xE0, 0x00, 0x00, 0x40, 0xE0,
    0x00, 0x00, 0x40, 0xE0, 0x00, 0x00, 0x40, 0xE0, 0x00, 0x00, 0x40, 0xE0, 0x00, 0x00, 0x40, 0xE0,
    0x00, 0x00, 0x40, 0xE0, 0x00, 0x00, 0x40, 0xE0, 0x00, 0x00, 0x40, 0xE0, 0x00, 0x00, 0x40, 0xE0,
    0x00, 0x00, 0x40, 0xE0, 0x00, 0x00, 0x40, 0xE0, 0x00, 0x00, 0x40, 0xE0, 0x00, 0x00, 0x40, 0xE0,
    0x00, 0x00, 0x40, 0xE0, 0x00, 0x00, 0x40, 0xE0, 0x00, 0x00, 0x40, 0xE0, 0x00, 0x00, 0x40, 0xE0,
    0x00, 0x00, 0x40, 0xE0, 0x00, 0x00, 0x40, 0xE0, 0x00, 0x00, 0x40, 0xE0, 0x00, 0x00, 0x40, 0xE0,
    0x00, 0x00, 0x40, 0xE0, 0x00, 0x00, 0x40, 0xE0, 0x00, 0x00, 0x40, 0xE0, 0x00, 0x00, 0x40, 0xE0,
    0x00, 0x00, 0x40, 0xE0, 0x00, 0x00, 0x40, 0xE0, 0x00, 0x00, 0x40, 0xE0, 0x00, 0x00, 0x40, 0xE0,
    0x00, 0x00, 0x40, 0xE0, 0x00, 0x00, 0x40, 0xE0, 0x00, 0x00, 0x40, 0xE0, 0x00, 0x00, 0x40, 0xE0,
    0x00, 0x00, 0x40, 0xE0, 0x00, 0x00, 0x40, 0xE0, 0x00, 0x00, 0x40, 0xE0, 0x00, 0x00, 0x40, 0xE0,
    0x00, 0x00, 0x40, 0xE0, 0x00, 0x00, 0x40, 0xE0, 0x00, 0x00, 0x40, 0xE0, 0x00, 0x00, 0x40, 0xE0,
    0x00, 0x00, 0x40, 0xE0, 0x00, 0x00, 0x40, 0xE0, 0x00, 0x00, 0x40, 0xE0, 0x00, 0x00, 0x40, 0xE0,
    0x00, 0x00, 0x40, 0xE0, 0x00, 0x00, 0x40, 0xE0, 0x00, 0x00, 0x40, 0xE0, 0x00, 0x00, 0x40, 0xE0,
    0x00, 0x00, 0x40, 0xE0, 0x00, 0x00, 0x40, 0xE0, 0x00, 0x00, 0x40, 0xE0, 0x00, 0x00, 0x40, 0xE0,
    0x00, 0x00, 0x40, 0xE0, 0x00, 0x00, 0x40, 0xE0, 0x00, 0x00, 0x40, 0xE0, 0x00, 0x00, 0x40, 0xE0,
    0x00, 0x00, 0x40, 0xE0, 0x00, 0x00, 0x40, 0xE0, 0x00, 0x00, 0x40, 0xE0, 0x00, 0x00, 0x40, 0xE0,
    0x00, 0x00, 0x40, 0xE0, 0x00, 0x00, 0x40, 0xE0, 0x00, 0x00, 0x40, 0xE0, 0x00, 0x00, 0x40, 0xE0,
    0x00, 0x00, 0x40, 0xE0, 0x00, 0x00, 0x40, 0xE0, 0x00, 0x00, 0x40, 0xE0, 0x00, 0x00, 0x40, 0xE0,
    0x00, 0x00, 0x40, 0xE0, 0x00, 0x00, 0x40, 0xE0, 0x00, 0x00, 0x40, 0xE0, 0x00, 0x00, 0x40, 0xE0,
    0x00, 0x00, 0x40, 0xE0, 0x00, 0x00, 0x40, 0xE0, 0x00, 0x00, 0x40, 0xE0, 0x00, 0x00, 0x40, 0xE0,
    0x00, 0x00, 0x40, 0xE0, 0x00, 0x00, 0x40, 0xE0, 0x00, 0x00, 0x40, 0xE0, 0x00, 0x00, 0x40, 0xE0,
    0x00, 0x00, 0x40, 0xE0, 0x00, 0x00, 0x40, 0xE0, 0x00, 0x00, 0x40, 0xE0, 0x00, 0x00, 0x40, 0xE0,
    0x00, 0x00, 0x40, 0xE0, 0x00, 0x00, 0x40, 0xE0, 0x00, 0x00, 0x40, 0xE0, 0x00, 0x00, 0x40, 0xE0,
    0x00, 0x00, 0x40, 0xE0, 0x00, 0x00, 0x40, 0xE0, 0x00, 0x00, 0x40, 0xE0, 0x00, 0x00, 0x40, 0xE0,
    0x00, 0x00, 0x40, 0xE0, 0x00, 0x00, 0x40, 0xE0, 0x00, 0x00, 0x40, 0xE0, 0x00, 0x00, 0x40, 0xE0,
    0x00, 0x00, 0x40, 0xE0, 0x00, 0x00, 0x40, 0xE0, 0x00, 0x00, 0x40, 0xE0, 0x00, 0x00, 0x40, 0xE0,
    0x00, 0x00, 0x40, 0xE0, 0x00, 0x00, 0x40, 0xE0, 0x00, 0x00, 0x40, 0xE0, 0x00, 0x00, 0x40, 0xE0,
    0x00, 0x00, 0x40, 0xE0, 0x00, 0x00, 0x40, 0xE0, 0x00, 0x00, 0x40, 0xE0, 0x00, 0x00, 0x40, 0xE0,
    0x00, 0x00, 0x40, 0xE0, 0x00, 0x00, 0x40, 0xE0, 0x00, 0x00, 0x40, 0xE0, 0x00, 0x00, 0x40, 0xE0,
    0x00, 0x00, 0x40, 0xE0, 0x00, 0x00, 0x40, 0xE0, 0x00, 0x00, 0x40, 0xE0, 0x00, 0x00, 0x40, 0xE0,
    0x00, 0x00, 0x40, 0xE0, 0x00, 0x00, 0x40, 0xE0, 0x00, 0x00, 0x40, 0xE0, 0x00, 0x00, 0x40, 0xE0,
    0x00, 0x00, 0x40, 0xE0, 0x00, 0x00, 0x40, 0xE0, 0x00, 0x00, 0x40, 0xE0, 0x00, 0x00, 0x40, 0xE0,
    0x00, 0x00, 0x40, 0xE0, 0x00, 0x00, 0x40, 0xE0, 0x00, 0x00, 0x40, 0xE0, 0x00, 0x00, 0x40, 0xE0,
    0x00, 0x00, 0x40, 0xE0, 0x00, 0x00, 0x40, 0xE0, 0x00, 0x00, 0x40, 0xE0, 0x00, 0x00, 0x40, 0xE0,
    0x00, 0x00, 0x40, 0xE0, 0x00, 0x00, 0x40, 0xE0, 0x00, 0x00, 0x40, 0xE0, 0x00, 0x00, 0x40, 0xE0,
    0x00, 0x00, 0x40, 0xE0, 0x00, 0x00, 0x40, 0xE0, 0x00, 0x00, 0x40, 0xE0, 0x00, 0x00, 0x40, 0xE0,
    0x00, 0x00, 0x40, 0xE0, 0x00, 0x00, 0x40, 0xE0, 0x00, 0x00, 0x40, 0xE0, 0x00, 0x00, 0x40, 0xE0,
    0x00, 0x00, 0x40, 0xE0, 0x00, 0x00, 0x40, 0xE0, 0x00, 0x00, 0x40, 0xE0, 0x00, 0x00, 0x40, 0xE0,
    0x00, 0x00, 0x40, 0xE0, 0x00, 0x00, 0x40, 0xE0, 0x00, 0x00, 0x40, 0xE0, 0x00, 0x00, 0x40, 0xE0,
    0x00, 0x00, 0x40, 0xE0, 0x00, 0x00, 0x40, 0xE0, 0x00, 0x00, 0x40, 0xE0, 0x00, 0x00, 0x40, 0xE0,
    0x00, 0x00, 0x40, 0xE0, 0x00, 0x00, 0x40, 0xE0, 0x00, 0x00, 0x40, 0xE0, 0x00, 0x00, 0x40, 0xE0,
    0x00, 0x00, 0x40, 0xE0, 0x00, 0x00, 0x40, 0xE0, 0x00, 0x00, 0x40, 0xE0, 0x00, 0x00, 0x40, 0xE0,
    0x00, 0x00, 0x40, 0xE0, 0x00, 0x00, 0x40, 0xE0, 0x00, 0x00, 0x40, 0xE0, 0x00, 0x00, 0x40, 0xE0,
    0x00, 0x00, 0x40, 0xE0, 0x00, 0x00, 0x40, 0xE0, 0x00, 0x00, 0x40, 0xE0, 0x00, 0x00, 0x40, 0xE0,
    0x00, 0x00, 0x40, 0xE0, 0x00, 0x00, 0x40, 0xE0, 0x00, 0x00, 0x40, 0xE0, 0x00, 0x00, 0x40, 0xE0,
    0x00, 0x00, 0x40, 0xE0, 0x00, 0x00, 0x40, 0xE0, 0x00, 0x00, 0x40, 0xE0, 0x00, 0x00, 0x40, 0xE0,
    0x00, 0x00, 0x40, 0xE0, 0x00, 0x00, 0x40, 0xE0, 0x00, 0x00, 0x40, 0xE0, 0x00, 0x00, 0x40, 0xE0,
    0x00, 0x00, 0x40, 0xE0, 0x00, 0x00, 0x40, 0xE0, 0x00, 0x00, 0x40, 0xE0, 0x00, 0x00, 0x40, 0xE0,
    0x00, 0x00, 0x40, 0xE0, 0x00, 0x00, 0x40, 0xE0, 0x00, 0x00, 0x40, 0xE0, 0x00, 0x00, 0x40, 0xE0,
    0x00, 0x00, 0x40, 0xE0, 0x00, 0x00, 0x40, 0xE0, 0x00, 0x00, 0x40, 0xE0, 0x00, 0x00, 0x40, 0xE0,
    0x00, 0x00, 0x40, 0xE0, 0x00, 0x00, 0x40, 0xE0, 0x00, 0x00, 0x40, 0xE0, 0x00, 0x00, 0x40, 0xE0,
    0x00, 0x00, 0x40, 0xE0, 0x00, 0x00, 0x40, 0xE0, 0x00, 0x00, 0x40, 0xE0, 0x00, 0x00, 0x40, 0xE0,
    0x00, 0x00, 0x40, 0xE0, 0x00, 0x00, 0x40, 0xE0, 0x00, 0x00, 0x40, 0xE0, 0x00, 0x00, 0x40, 0xE0,
    0x00, 0x00, 0x40, 0xE0, 0x00, 0x00, 0x40, 0xE0, 0x00, 0x00, 0x40, 0xE0, 0x00, 0x00, 0x40, 0xE0,
    0x00, 0x00, 0x40, 0xE0, 0x00, 0x00, 0x40, 0xE0, 0x00, 0x00, 0x40, 0xE0, 0x00, 0x00, 0x40, 0xE0,
    0x00, 0x00, 0x40, 0xE0, 0x00, 0x00, 0x40, 0xE0, 0x00, 0x00, 0x40, 0xE0, 0x00, 0x00, 0x40, 0xE0,
    0x00, 0x00, 0x40, 0xE0, 0x00, 0x00, 0x40, 0xE0, 0x00, 0x00, 0x40, 0xE0, 0x00, 0x00, 0x40, 0xE0,
    0x00, 0x00, 0x40, 0xE0, 0x00, 0x00, 0x40, 0xE0, 0x00, 0x00, 0x40, 0xE0, 0x00, 0x00, 0x40, 0xE0,
    0x00, 0x00, 0x40, 0xE0, 0x00, 0x00, 0x40, 0xE0, 0x00, 0x00, 0x40, 0xE0, 0x00, 0x00, 0x40, 0xE0,
    0x00, 0x00, 0x40, 0xE0, 0x00, 0x00, 0x40, 0xE0, 0x00, 0x00, 0x40, 0xE0, 0x00, 0x00, 0x40, 0xE0,
    0x00, 0x00, 0x40, 0xE0, 0x00, 0x00, 0x40, 0xE0, 0x00, 0x00, 0x40, 0xE0, 0x00, 0x00, 0x40, 0xE0,
    0x00, 0x00, 0x40, 0xE0, 0x00, 0x00, 0x40, 0xE0, 0x00, 0x00, 0x40, 0xE0, 0x00, 0x00, 0x40, 0xE0,
    0x00, 0x00, 0x40, 0xE0, 0x00, 0x00, 0x40, 0xE0, 0x00, 0x00, 0x40, 0xE0, 0x00, 0x00, 0x40, 0xE0,
    0x00, 0x00, 0x40, 0xE0, 0x00, 0x00, 0x40, 0xE0, 0x00, 0x00, 0x40, 0xE0, 0x00, 0x00, 0x40, 0xE0,
    0x00, 0x00, 0x40, 0xE0, 0x00, 0x00, 0x40, 0xE0, 0x00, 0x00, 0x40, 0xE0, 0x00, 0x00, 0x40, 0xE0,
    0x00, 0x00, 0x40, 0xE0, 0x00, 0x00, 0x40, 0xE0, 0x00, 0x00, 0x40, 0xE0, 0x00, 0x00, 0x40, 0xE0,
    0x00, 0x00, 0x40, 0xE0, 0x00, 0x00, 0x40, 0xE0, 0x00, 0x00, 0x40, 0xE0, 0x00, 0x00, 0x40, 0xE0,
    0x00, 0x00, 0x40, 0xE0, 0x00, 0x00, 0x40, 0xE0, 0x00, 0x00, 0x40, 0xE0, 0x00, 0x00, 0x40, 0xE0,
    0x00, 0x00, 0x40, 0xE0, 0x00, 0x00, 0x40, 0xE0, 0x00, 0x00, 0x40, 0xE0, 0x00, 0x00, 0x40, 0xE0,
    0x00, 0x00, 0x40, 0xE0, 0x00, 0x00, 0x40, 0xE0, 0x00, 0x00, 0x40, 0xE0, 0x00, 0x00, 0x40, 0xE0,
    0x00, 0x00, 0x40, 0xE0, 0x00, 0x00, 0x40, 0xE0, 0x00, 0x00, 0x40, 0xE0, 0x00, 0x00, 0x40, 0xE0,
    0x00, 0x00, 0x40, 0xE0, 0x00, 0x00, 0x40, 0xE0, 0x00, 0x00, 0x40, 0xE0, 0x00, 0x00, 0x40, 0xE0,
    0x00, 0x00, 0x40, 0xE0, 0x00, 0x00, 0x40, 0xE0, 0x00, 0x00, 0x40, 0xE0, 0x00, 0x00, 0x40, 0xE0,
    0x00, 0x00, 0x40, 0xE0, 0x00, 0x00, 0x40, 0xE0, 0x00, 0x00, 0x40, 0xE0, 0x00, 0x00, 0x40, 0xE0,
    0x00, 0x00, 0x40, 0xE0, 0x00, 0x00, 0x40, 0xE0, 0x00, 0x00, 0x40, 0xE0, 0x00, 0x00, 0x40, 0xE0,
    0x00, 0x00, 0x40, 0xE0, 0x00, 0x00, 0x40, 0xE0, 0x00, 0x00, 0x40, 0xE0, 0x00, 0x00, 0x40, 0xE0,
    0x00, 0x00, 0x40, 0xE0, 0x00, 0x00, 0x40, 0xE0, 0x00, 0x00, 0x40, 0xE0, 0x00, 0x00, 0x40, 0xE0,
    0x00, 0x00, 0x40, 0xE0, 0x00, 0x00, 0x40, 0xE0, 0x00, 0x00, 0x40, 0xE0, 0x00, 0x00, 0x40, 0xE0,
    0x00, 0x00, 0x40, 0xE0, 0x00, 0x00, 0x40, 0xE0, 0x00, 0x00, 0x40, 0xE0, 0x00, 0x00, 0x40, 0xE0,
    0x00, 0x00, 0x40, 0xE0, 0x00, 0x00, 0x40, 0xE0, 0x00, 0x00, 0x40, 0xE0, 0x00, 0x00, 0x40, 0xE0,
    0x00, 0x00, 0x40, 0xE0, 0x00, 0x00, 0x40, 0xE0, 0x00, 0x00, 0x40, 0xE0, 0x00, 0x00, 0x40, 0xE0,
    0x00, 0x00, 0x40, 0xE0, 0x00, 0x00, 0x40, 0xE0, 0x00, 0x00, 0x40, 0xE0, 0x00, 0x00, 0x40, 0xE0,
    0x00, 0x00, 0x40, 0xE0, 0x00, 0x00, 0x40, 0xE0, 0x00, 0x00, 0x40, 0xE0, 0x00, 0x00, 0x40, 0xE0,
    0x00, 0x00, 0x40, 0xE0, 0x00, 0x00, 0x40, 0xE0, 0x00, 0x00, 0x40, 0xE0, 0x00, 0x00, 0x40, 0xE0,
    0x00, 0x00, 0x40, 0xE0, 0x00, 0x00, 0x40, 0xE0, 0x00, 0x00, 0x40, 0xE0, 0x00, 0x00, 0x40, 0xE0,
    0x00, 0x00, 0x40, 0xE0, 0x00, 0x00, 0x40, 0xE0, 0x00, 0x00, 0x40, 0xE0, 0x00, 0x00, 0x40, 0xE0,
    0x00, 0x00, 0x40, 0xE0, 0x00, 0x00, 0x40, 0xE0, 0x00, 0x00, 0x40, 0xE0, 0x00, 0x00, 0x40, 0xE0,
    0x00, 0x00, 0x40, 0xE0, 0x00, 0x00, 0x40, 0xE0, 0x00, 0x00, 0x40, 0xE0, 0x00, 0x00, 0x40, 0xE0,
    0x00, 0x00, 0x40, 0xE0, 0x00, 0x00, 0x40, 0xE0, 0x00, 0x00, 0x40, 0xE0, 0x00, 0x00, 0x40, 0xE0,
    0x00, 0x00, 0x40, 0xE0, 0x00, 0x00, 0x40, 0xE0, 0x00, 0x00, 0x40, 0xE0, 0x00, 0x00, 0x40, 0xE0,
    0x00, 0x00, 0x40, 0xE0, 0x00, 0x00, 0x40, 0xE0, 0x00, 0x00, 0x40, 0xE0, 0x00, 0x00, 0x40, 0xE0,
    0x00, 0x00, 0x40, 0xE0, 0x00, 0x00, 0x40, 0xE0, 0x00, 0x00, 0x40, 0xE0, 0x00, 0x00, 0x40, 0xE0,
    0x00, 0x00, 0x40, 0xE0, 0x00, 0x00, 0x40, 0xE0, 0x00, 0x00, 0x40, 0xE0, 0x00, 0x00, 0x40, 0xE0,
    0x00, 0x00, 0x40, 0xE0, 0x00, 0x00, 0x40, 0xE0, 0x00, 0x00, 0x40, 0xE0, 0x00, 0x00, 0x40, 0xE0,
    0x00, 0x00, 0x40, 0xE0, 0x00, 0x00, 0x40, 0xE0, 0x00, 0x00, 0x40, 0xE0, 0x00, 0x00, 0x40, 0xE0,
    0x00, 0x00, 0x40, 0xE0, 0x00, 0x00, 0x40, 0xE0, 0x00, 0x00, 0x40, 0xE0, 0x00, 0x00, 0x40, 0xE0,
    0x00, 0x00, 0x40, 0xE0, 0x00, 0x00, 0x40, 0xE0, 0x00, 0x00, 0x40, 0xE0, 0x00, 0x00, 0x40, 0xE0,
    0x00, 0x00, 0x40, 0xE0, 0x00, 0x00, 0x40, 0xE0, 0x00, 0x00, 0x40, 0xE0, 0x00, 0x00, 0x40, 0xE0,
    0x00, 0x00, 0x40, 0xE0, 0x00, 0x00, 0x40, 0xE0, 0x00, 0x00, 0x40, 0xE0, 0x00, 0x00, 0x40, 0xE0,
    0x00, 0x00, 0x40, 0xE0, 0x00, 0x00, 0x40, 0xE0, 0x00, 0x00, 0x40, 0xE0, 0x00, 0x00, 0x40, 0xE0,
    0x00, 0x00, 0x40, 0xE0, 0x00, 0x00, 0x40, 0xE0, 0x00, 0x00, 0x40, 0xE0, 0x00, 0x00, 0x40, 0xE0,
    0x00, 0x00, 0x40, 0xE0, 0x00, 0x00, 0x40, 0xE0, 0x00, 0x00, 0x40, 0xE0, 0x00, 0x00, 0x40, 0xE0,
    0x00, 0x00, 0x40, 0xE0, 0x00, 0x00, 0x40, 0xE0, 0x00, 0x00, 0x40, 0xE0, 0x00, 0x00, 0x40, 0xE0,
    0x00, 0x00, 0x40, 0xE0, 0x00, 0x00, 0x40, 0xE0, 0x00, 0x00, 0x40, 0xE0, 0x00, 0x00, 0x40, 0xE0,
    0x00, 0x00, 0x40, 0xE0, 0x00, 0x00, 0x40, 0xE0, 0x00, 0x00, 0x40, 0xE0, 0x00, 0x00, 0x40, 0xE0,
    0x00, 0x00, 0x40, 0xE0, 0x00, 0x00, 0x40, 0xE0, 0x00, 0x00, 0x40, 0xE0, 0x00, 0x00, 0x40, 0xE0,
    0x00, 0x00, 0x40, 0xE0, 0x00, 0x00, 0x40, 0xE0, 0x00, 0x00, 0x40, 0xE0, 0x00, 0x00, 0x40, 0xE0,
    0x00, 0x00, 0x40, 0xE0, 0x00, 0x00, 0x40, 0xE0, 0x00, 0x00, 0x40, 0xE0, 0x00, 0x00, 0x40, 0xE0,
    0x00, 0x00, 0x40, 0xE0, 0x00, 0x00, 0x40, 0xE0, 0x00, 0x00, 0x40, 0xE0, 0x00, 0x00, 0x40, 0xE0,
    0x00, 0x00, 0x40, 0xE0, 0x00, 0x00, 0x40, 0xE0, 0x00, 0x00, 0x40, 0xE0, 0x00, 0x00, 0x40, 0xE0,
    0x00, 0x00, 0x40, 0xE0, 0x00, 0x00, 0x40, 0xE0, 0x00, 0x00, 0x40, 0xE0, 0x00, 0x00, 0x40, 0xE0,
    0x00, 0x00, 0x40, 0xE0, 0x00, 0x00, 0x40, 0xE0, 0x00, 0x00, 0x40, 0xE0, 0x00, 0x00, 0x40, 0xE0,
    0x00, 0x00, 0x40, 0xE0, 0x00, 0x00, 0x40, 0xE0, 0x00, 0x00, 0x40, 0xE0, 0x00, 0x00, 0x40, 0xE0,
    0x00, 0x00, 0x40, 0xE0, 0x00, 0x00, 0x40, 0xE0, 0x00, 0x00, 0x40, 0xE0, 0x00, 0x00, 0x40, 0xE0,
    0x00, 0x00, 0x40, 0xE0, 0x00, 0x00, 0x40, 0xE0, 0x00, 0x00, 0x40, 0xE0, 0x00, 0x00, 0x40, 0xE0,
    0x00, 0x00, 0x40, 0xE0, 0x00, 0x00, 0x40, 0xE0, 0x00, 0x00, 0x40, 0xE0, 0x00, 0x00, 0x40, 0xE0,
    0x00, 0x00, 0x40, 0xE0, 0x00, 0x00, 0x40, 0xE0, 0x00, 0x00, 0x40, 0xE0, 0x00, 0x00, 0x40, 0xE0,
    0x00, 0x00, 0x40, 0xE0, 0x00, 0x00, 0x40, 0xE0, 0x00, 0x00, 0x40, 0xE0, 0x00, 0x00, 0x40, 0xE0,
    0x00, 0x00, 0x40, 0xE0, 0x00, 0x00, 0x40, 0xE0, 0x00, 0x00, 0x40, 0xE0, 0x00, 0x00, 0x40, 0xE0,
    0x00, 0x00, 0x40, 0xE0, 0x00, 0x00, 0x40, 0xE0, 0x00, 0x00, 0x40, 0xE0, 0x00, 0x00, 0x40, 0xE0,
    0x00, 0x00, 0x40, 0xE0, 0x00, 0x00, 0x40, 0xE0, 0x00, 0x00, 0x40, 0xE0, 0x00, 0x00, 0x40, 0xE0,
    0x00, 0x00, 0x40, 0xE0, 0x00, 0x00, 0x40, 0xE0, 0x00, 0x00, 0x40, 0xE0, 0x00, 0x00, 0x40, 0xE0,
    0x00, 0x00, 0x40, 0xE0, 0x00, 0x00, 0x40, 0xE0, 0x00, 0x00, 0x40, 0xE0, 0x00, 0x00, 0x40, 0xE0,
    0x00, 0x00, 0x40, 0xE0, 0x00, 0x00, 0x40, 0xE0, 0x00, 0x00, 0x40, 0xE0, 0x00, 0x00, 0x40, 0xE0,
    0x00, 0x00, 0x40, 0xE0, 0x00, 0x00, 0x40, 0xE0, 0x00, 0x00, 0x40, 0xE0, 0x00, 0x00, 0x40, 0xE0,
    0x00, 0x00, 0x40, 0xE0, 0x00, 0x00, 0x40, 0xE0, 0x00, 0x00, 0x40, 0xE0, 0x00, 0x00, 0x40, 0xE0,
    0x00, 0x00, 0x40, 0xE0, 0x00, 0x00, 0x40, 0xE0, 0x00, 0x00, 0x40, 0xE0, 0x00, 0x00, 0x40, 0xE0,
    0x00, 0x00, 0x40, 0xE0, 0x00, 0x00, 0x40, 0xE0, 0x00, 0x00, 0x40, 0xE0, 0x00, 0x00, 0x40, 0xE0,
    0x00, 0x00, 0x40, 0xE0, 0x00, 0x00, 0x40, 0xE0, 0x00, 0x00, 0x40, 0xE0, 0x00, 0x00, 0x40, 0xE0,
    0x00, 0x00, 0x40, 0xE0, 0x00, 0x00, 0x40, 0xE0, 0x00, 0x00, 0x40, 0xE0, 0x00, 0x00, 0x40, 0xE0,
    0x00, 0x00, 0x40, 0xE0, 0x00, 0x00, 0x40, 0xE0, 0x00, 0x00, 0x40, 0xE0, 0x00, 0x00, 0x40, 0xE0,
    0x00, 0x00, 0x40, 0xE0, 0x00, 0x00, 0x40, 0xE0, 0x00, 0x00, 0x40, 0xE0, 0x00, 0x00, 0x40, 0xE0,
    0x00, 0x00, 0x40, 0xE0, 0x00, 0x00, 0x40, 0xE0, 0x00, 0x00, 0x40, 0xE0, 0x00, 0x00, 0x40, 0xE0,
    0x00, 0x00, 0x40, 0xE0, 0x00, 0x00, 0x40, 0xE0, 0x00, 0x00, 0x40, 0xE0, 0x00, 0x00, 0x40, 0xE0,
    0x00, 0x00, 0x40, 0xE0, 0x00, 0x00, 0x40, 0xE0, 0x00, 0x00, 0x40, 0xE0, 0x00, 0x00, 0x40, 0xE0,
    0x00, 0x00, 0x40, 0xE0, 0x00, 0x00, 0x40, 0xE0, 0x00, 0x00, 0x40, 0xE0, 0x00, 0x00, 0x40, 0xE0,
    0x00, 0x00, 0x40, 0xE0, 0x00, 0x00, 0x40, 0xE0, 0x00, 0x00, 0x40, 0xE0, 0x00, 0x00, 0x40, 0xE0,
    0x00, 0x00, 0x40, 0xE0, 0x00, 0x00, 0x40, 0xE0, 0x00, 0x00, 0x40, 0xE0, 0x00, 0x00, 0x40, 0xE0,
    0x00, 0x00, 0x40, 0xE0, 0x00, 0x00, 0x40, 0xE0, 0x00, 0x00, 0x40, 0xE0, 0x00, 0x00, 0x40, 0xE0,
    0x00, 0x00, 0x40, 0xE0, 0x00, 0x00, 0x40, 0xE0, 0x00, 0x00, 0x40, 0xE0, 0x00, 0x00, 0x40, 0xE0,
    0x00, 0x00, 0x40, 0xE0, 0x00, 0x00, 0x40, 0xE0, 0x00, 0x00, 0x40, 0xE0, 0x00, 0x00, 0x40, 0xE0,
    0x00, 0x00, 0x40, 0xE0, 0x00, 0x00, 0x40, 0xE0, 0x00, 0x00, 0x40, 0xE0, 0x00, 0x00, 0x40, 0xE0,
    0x00, 0x00, 0x40, 0xE0, 0x00, 0x00, 0x40, 0xE0, 0x00, 0x00, 0x40, 0xE0, 0x00, 0x00, 0x40, 0xE0,
    0x00, 0x00, 0x40, 0xE0, 0x00, 0x00, 0x40, 0xE0, 0x00, 0x00, 0x40, 0xE0, 0x00, 0x00, 0x40, 0xE0,
    0x00, 0x00, 0x40, 0xE0, 0x00, 0x00, 0x40, 0xE0, 0x00, 0x00, 0x40, 0xE0, 0x00, 0x00, 0x40, 0xE0,
    0x00, 0x00, 0x40, 0xE0, 0x00, 0x00, 0x40, 0xE0, 0x00, 0x00, 0x40, 0xE0, 0x00, 0x00, 0x40, 0xE0,
    0x00, 0x00, 0x40, 0xE0, 0x00, 0x00, 0x40, 0xE0, 0x00, 0x00, 0x40, 0xE0, 0x00, 0x00, 0x40, 0xE0,
    0x00, 0x00, 0x40, 0xE0, 0x00, 0x00, 0x40, 0xE0, 0x00, 0x00, 0x40, 0xE0, 0x00, 0x00, 0x40, 0xE0,
    0x00, 0x00, 0x40, 0xE0, 0x00, 0x00, 0x40, 0xE0, 0x00, 0x00, 0x40, 0xE0, 0x00, 0x00, 0x40, 0xE0,
    0x00, 0x00, 0x40, 0xE0, 0x00, 0x00, 0x40, 0xE0, 0x00, 0x00, 0x40, 0xE0, 0x00, 0x00, 0x40, 0xE0,
    0x00, 0x00, 0x40, 0xE0, 0x00, 0x00, 0x40, 0xE0, 0x00, 0x00, 0x40, 0xE0, 0x00, 0x00, 0x40, 0xE0,
    0x00, 0x00, 0x40, 0xE0, 0x00, 0x00, 0x40, 0xE0, 0x00, 0x00, 0x40, 0xE0, 0x00, 0x00, 0x40, 0xE0,
    0x00, 0x00, 0x40, 0xE0, 0x00, 0x00, 0x40, 0xE0, 0x00, 0x00, 0x40, 0xE0, 0x00, 0x00, 0x40, 0xE0,
    0x00, 0x00, 0x40, 0xE0, 0x00, 0x00, 0x40, 0xE0, 0x00, 0x00, 0x40, 0xE0, 0x00, 0x00, 0x40, 0xE0,
    0x00, 0x00, 0x40, 0xE0, 0x00, 0x00, 0x40, 0xE0, 0x00, 0x00, 0x40, 0xE0, 0x00, 0x00, 0x40, 0xE0,
    0x00, 0x00, 0x40, 0xE0, 0x00, 0x00, 0x40, 0xE0, 0x00, 0x00, 0x40, 0xE0, 0x00, 0x00, 0x40, 0xE0,
    0x00, 0x00, 0x40, 0xE0, 0x00, 0x00, 0x40, 0xE0, 0x00, 0x00, 0x40, 0xE0, 0x00, 0x00, 0x40, 0xE0,
    0x00, 0x00, 0x40, 0xE0, 0x00, 0x00, 0x40, 0xE0, 0x00, 0x00, 0x40, 0xE0, 0x00, 0x00, 0x40, 0xE0,
    0x00, 0x00, 0x40, 0xE0, 0x00, 0x00, 0x40, 0xE0, 0x00, 0x00, 0x40, 0xE0, 0x00, 0x00, 0x40, 0xE0,
    0x00, 0x00, 0x40, 0xE0, 0x00, 0x00, 0x40, 0xE0, 0x00, 0x00, 0x40, 0xE0, 0x00, 0x00, 0x40, 0xE0,
    0x00, 0x00, 0x40, 0xE0, 0x00, 0x00, 0x40, 0xE0, 0x00, 0x00, 0x40, 0xE0, 0x00, 0x00, 0x40, 0xE0,
    0x00, 0x00, 0x40, 0xE0, 0x00, 0x00, 0x40, 0xE0, 0x00, 0x00, 0x40, 0xE0, 0x00, 0x00, 0x40, 0xE0,
    0x00, 0x00, 0x40, 0xE0, 0x00, 0x00, 0x40, 0xE0, 0x00, 0x00, 0x40, 0xE0, 0x00, 0x00, 0x40, 0xE0,
    0x00, 0x00, 0x40, 0xE0, 0x00, 0x00, 0x40, 0xE0, 0x00, 0x00, 0x40, 0xE0, 0x00, 0x00, 0x40, 0xE0,
    0x00, 0x00, 0x40, 0xE0, 0x00, 0x00, 0x40, 0xE0, 0x00, 0x00, 0x40, 0xE0, 0x00, 0x00, 0x40, 0xE0,
    0x00, 0x00, 0x40, 0xE0, 0x00, 0x00, 0x40, 0xE0, 0x00, 0x00, 0x40, 0xE0, 0x00, 0x00, 0x40, 0xE0,
    0x00, 0x00, 0x40, 0xE0, 0x00, 0x00, 0x40, 0xE0, 0x00, 0x00, 0x40, 0xE0, 0x00, 0x00, 0x40, 0xE0,
    0x00, 0x00, 0x40, 0xE0, 0x00, 0x00, 0x40, 0xE0, 0x00, 0x00, 0x40, 0xE0, 0x00, 0x00, 0x40, 0xE0,
    0x00, 0x00, 0x40, 0xE0, 0x00, 0x00, 0x40, 0xE0, 0x00, 0x00, 0x40, 0xE0, 0x00, 0x00, 0x40, 0xE0,
    0x00, 0x00, 0x40, 0xE0, 0x00, 0x00, 0x40, 0xE0, 0x00, 0x00, 0x40, 0xE0, 0x00, 0x00, 0x40, 0xE0,
    0x00, 0x00, 0x40, 0xE0, 0x00, 0x00, 0x40, 0xE0, 0x00, 0x00, 0x40, 0xE0, 0x00, 0x00, 0x40, 0xE0,
    0x00, 0x00, 0x40, 0xE0, 0x00, 0x00, 0x40, 0xE0, 0x00, 0x00, 0x40, 0xE0, 0x00, 0x00, 0x40, 0xE0,
    0x00, 0x00, 0x40, 0xE0, 0x00, 0x00, 0x40, 0xE0, 0x00, 0x00, 0x40, 0xE0, 0x00, 0x00, 0x40, 0xE0,
    0x00, 0x00, 0x40, 0xE0, 0x00, 0x00, 0x40, 0xE0, 0x00, 0x00, 0x40, 0xE0, 0x00, 0x00, 0x40, 0xE0,
    0x00, 0x00, 0x40, 0xE0, 0x00, 0x00, 0x40, 0xE0, 0x00, 0x00, 0x40, 0xE0, 0x00, 0x00, 0x40, 0xE0,
    0x00, 0x00, 0x40, 0xE0, 0x00, 0x00, 0x40, 0xE0, 0x00, 0x00, 0x40, 0xE0, 0x00, 0x00, 0x40, 0xE0,
    0x00, 0x00, 0x40, 0xE0, 0x00, 0x00, 0x40, 0xE0, 0x00, 0x00, 0x40, 0xE0, 0x00, 0x00, 0x40, 0xE0,
    0x00, 0x00, 0x40, 0xE0, 0x00, 0x00, 0x40, 0xE0, 0x00, 0x00, 0x40, 0xE0, 0x00, 0x00, 0x40, 0xE0,
    0x00, 0x00, 0x40, 0xE0, 0x00, 0x00, 0x40, 0xE0, 0x00, 0x00, 0x40, 0xE0, 0x00, 0x00, 0x40, 0xE0,
    0x00, 0x00, 0x40, 0xE0, 0x00, 0x00, 0x40, 0xE0, 0x00, 0x00, 0x40, 0xE0, 0x00, 0x00, 0x40, 0xE0,
    0x00, 0x00, 0x40, 0xE0, 0x00, 0x00, 0x40, 0xE0, 0x00, 0x00, 0x40, 0xE0, 0x00, 0x00, 0x40, 0xE0,
    0x00, 0x00, 0x40, 0xE0, 0x00, 0x00, 0x40, 0xE0, 0x00, 0x00, 0x40, 0xE0, 0x00, 0x00, 0x40, 0xE0,
    0x00, 0x00, 0x40, 0xE0, 0x00, 0x00, 0x40, 0xE0, 0x00, 0x00, 0x40, 0xE0, 0x00, 0x00, 0x40, 0xE0,
    0x00, 0x00, 0x40, 0xE0, 0x00, 0x00, 0x40, 0xE0, 0x00, 0x00, 0x40, 0xE0, 0x00, 0x00, 0x40, 0xE0,
    0x00, 0x00, 0x40, 0xE0, 0x00, 0x00, 0x40, 0xE0, 0x00, 0x00, 0x40, 0xE0, 0x00, 0x00, 0x40, 0xE0,
    0x00, 0x00, 0x40, 0xE0, 0x00, 0x00, 0x40, 0xE0, 0x00, 0x00, 0x40, 0xE0, 0x00, 0x00, 0x40, 0xE0,
    0x00, 0x00, 0x40, 0xE0, 0x00, 0x00, 0x40, 0xE0, 0x00, 0x00, 0x40, 0xE0, 0x00, 0x00, 0x40, 0xE0,
    0x00, 0x00, 0x40, 0xE0, 0x00, 0x00, 0x40, 0xE0, 0x00, 0x00, 0x40, 0xE0, 0x00, 0x00, 0x40, 0xE0,
    0x00, 0x00, 0x40, 0xE0, 0x00, 0x00, 0x40, 0xE0, 0x00, 0x00, 0x40, 0xE0, 0x00, 0x00, 0x40, 0xE0,
    0x00, 0x00, 0x40, 0xE0, 0x00, 0x00, 0x40, 0xE0, 0x00, 0x00, 0x40, 0xE0, 0x00, 0x00, 0x40, 0xE0,
    0x00, 0x00, 0x40, 0xE0, 0x00, 0x00, 0x40, 0xE0, 0x00, 0x00, 0x40, 0xE0, 0x00, 0x00, 0x40, 0xE0,
    0x00, 0x00, 0x40, 0xE0, 0x00, 0x00, 0x40, 0xE0, 0x00, 0x00, 0x40, 0xE0, 0x00, 0x00, 0x40, 0xE0,
    0x00, 0x00, 0x40, 0xE0, 0x00, 0x00, 0x40, 0xE0, 0x00, 0x00, 0x40, 0xE0, 0x00, 0x00, 0x40, 0xE0,
    0x00, 0x00, 0x40, 0xE0, 0x00, 0x00, 0x40, 0xE0, 0x00, 0x00, 0x40, 0xE0, 0x00, 0x00, 0x40, 0xE0,
    0x00, 0x00, 0x40, 0xE0, 0x00, 0x00, 0x40, 0xE0, 0x00, 0x00, 0x40, 0xE0, 0x00, 0x00, 0x40, 0xE0,
    0x00, 0x00, 0x40, 0xE0, 0x00, 0x00, 0x40, 0xE0, 0x00, 0x00, 0x40, 0xE0, 0x00, 0x00, 0x40, 0xE0,
    0x00, 0x00, 0x40, 0xE0, 0x00, 0x00, 0x40, 0xE0, 0x00, 0x00, 0x40, 0xE0, 0x00, 0x00, 0x40, 0xE0,
    0x00, 0x00, 0x40, 0xE0, 0x00, 0x00, 0x40, 0xE0, 0x00, 0x00, 0x40, 0xE0, 0x00, 0x00, 0x40, 0xE0,
    0x00, 0x00, 0x40, 0xE0, 0x00, 0x00, 0x40, 0xE0, 0x00, 0x00, 0x40, 0xE0, 0x00, 0x00, 0x40, 0xE0,
    0x00, 0x00, 0x40, 0xE0, 0x00, 0x00, 0x40, 0xE0, 0x00, 0x00, 0x40, 0xE0, 0x00, 0x00, 0x40, 0xE0,
    0x00, 0x00, 0x40, 0xE0, 0x00, 0x00, 0x40, 0xE0, 0x00, 0x00, 0x40, 0xE0, 0x00, 0x00, 0x40, 0xE0,
    0x00, 0x00, 0x40, 0xE0, 0x00, 0x00, 0x40, 0xE0, 0x00, 0x00, 0x40, 0xE0, 0x00, 0x00, 0x40, 0xE0,
    0x00, 0x00, 0x40, 0xE0, 0x00, 0x00, 0x40, 0xE0, 0x00, 0x00, 0x40, 0xE0, 0x00, 0x00, 0x40, 0xE0,
    0x00, 0x00, 0x40, 0xE0, 0x00, 0x00, 0x40, 0xE0, 0x00, 0x00, 0x40, 0xE0, 0x00, 0x00, 0x40, 0xE0,
    0x00, 0x00, 0x40, 0xE0, 0x00, 0x00, 0x40, 0xE0, 0x00, 0x00, 0x40, 0xE0, 0x00, 0x00, 0x40, 0xE0,
    0x00, 0x00, 0x40, 0xE0, 0x00, 0x00, 0x40, 0xE0, 0x00, 0x00, 0x40, 0xE0, 0x00, 0x00, 0x40, 0xE0,
    0x00, 0x00, 0x40, 0xE0, 0x00, 0x00, 0x40, 0xE0, 0x00, 0x00, 0x40, 0xE0, 0x00, 0x00, 0x40, 0xE0,
    0x00, 0x00, 0x40, 0xE0, 0x00, 0x00, 0x40, 0xE0, 0x00, 0x00, 0x40, 0xE0, 0x00, 0x00, 0x40, 0xE0,
    0x00, 0x00, 0x40, 0xE0, 0x00, 0x00, 0x40, 0xE0, 0x00, 0x00, 0x40, 0xE0, 0x00, 0x00, 0x40, 0xE0,
    0x00, 0x00, 0x40, 0xE0, 0x00, 0x00, 0x40, 0xE0, 0x00, 0x00, 0x40, 0xE0, 0x00, 0x00, 0x40, 0xE0,
    0x00, 0x00, 0x40, 0xE0, 0x00, 0x00, 0x40, 0xE0, 0x00, 0x00, 0x40, 0xE0, 0x00, 0x00, 0x40, 0xE0,
    0x00, 0x00, 0x40, 0xE0, 0x00, 0x00, 0x40, 0xE0, 0x00, 0x00, 0x40, 0xE0, 0x00, 0x00, 0x40, 0xE0,
    0x00, 0x00, 0x40, 0xE0, 0x00, 0x00, 0x40, 0xE0, 0x00, 0x00, 0x40, 0xE0, 0x00, 0x00, 0x40, 0xE0,
    0x00, 0x00, 0x40, 0xE0, 0x00, 0x00, 0x40, 0xE0, 0x00, 0x00, 0x40, 0xE0, 0x00, 0x00, 0x40, 0xE0,
    0x00, 0x00, 0x40, 0xE0, 0x00, 0x00, 0x40, 0xE0, 0x00, 0x00, 0x40, 0xE0, 0x00, 0x00, 0x40, 0xE0,
    0x00, 0x00, 0x40, 0xE0, 0x00, 0x00, 0x40, 0xE0, 0x00, 0x00, 0x40, 0xE0, 0x00, 0x00, 0x40, 0xE0,
    0x00, 0x00, 0x40, 0xE0, 0x00, 0x00, 0x40, 0xE0, 0x00, 0x00, 0x40, 0xE0, 0x00, 0x00, 0x40, 0xE0,
    0x00, 0x00, 0x40, 0xE0, 0x00, 0x00, 0x40, 0xE0, 0x00, 0x00, 0x40, 0xE0, 0x00, 0x00, 0x40, 0xE0,
    0x00, 0x00, 0x40, 0xE0, 0x00, 0x00, 0x40, 0xE0, 0x00, 0x00, 0x40, 0xE0, 0x00, 0x00, 0x40, 0xE0,
    0x00, 0x00, 0x40, 0xE0, 0x00, 0x00, 0x40, 0xE0, 0x00, 0x00, 0x40, 0xE0, 0x00, 0x00, 0x40, 0xE0,
    0x00, 0x00, 0x40, 0xE0, 0x00, 0x00, 0x40, 0xE0, 0x00, 0x00, 0x40, 0xE0, 0x00, 0x00, 0x40, 0xE0,
    0x00, 0x00, 0x40, 0xE0, 0x00, 0x00, 0x40, 0xE0, 0x00, 0x00, 0x40, 0xE0, 0x00, 0x00, 0x40, 0xE0,
    0x00, 0x00, 0x40, 0xE0, 0x00, 0x00, 0x40, 0xE0, 0x00, 0x00, 0x40, 0xE0, 0x00, 0x00, 0x40, 0xE0,
    0x00, 0x00, 0x40, 0xE0, 0x00, 0x00, 0x40, 0xE0, 0x00, 0x00, 0x40, 0xE0, 0x00, 0x00, 0x40, 0xE0,
    0x00, 0x00, 0x40, 0xE0, 0x00, 0x00, 0x40, 0xE0, 0x00, 0x00, 0x40, 0xE0, 0x00, 0x00, 0x40, 0xE0,
    0x00, 0x00, 0x40, 0xE0, 0x00, 0x00, 0x40, 0xE0, 0x00, 0x00, 0x40, 0xE0, 0x00, 0x00, 0x40, 0xE0,
    0x00, 0x00, 0x40, 0xE0, 0x00, 0x00, 0x40, 0xE0, 0x00, 0x00, 0x40, 0xE0, 0x00, 0x00, 0x40, 0xE0,
    0x00, 0x00, 0x40, 0xE0, 0x00, 0x00, 0x40, 0xE0, 0x00, 0x00, 0x40, 0xE0, 0x00, 0x00, 0x40, 0xE0,
    0x00, 0x00, 0x40, 0xE0, 0x00, 0x00, 0x40, 0xE0, 0x00, 0x00, 0x40, 0xE0, 0x00, 0x00, 0x40, 0xE0,
    0x00, 0x00, 0x40, 0xE0, 0x00, 0x00, 0x40, 0xE0, 0x00, 0x00, 0x40, 0xE0, 0x00, 0x00, 0x40, 0xE0,
    0x00, 0x00, 0x40, 0xE0, 0x00, 0x00, 0x40, 0xE0, 0x00, 0x00, 0x40, 0xE0, 0x00, 0x00, 0x40, 0xE0,
    0x00, 0x00, 0x40, 0xE0, 0x00, 0x00, 0x40, 0xE0, 0x00, 0x00, 0x40, 0xE0, 0x00, 0x00, 0x40, 0xE0,
    0x00, 0x00, 0x40, 0xE0, 0x00, 0x00, 0x40, 0xE0, 0x00, 0x00, 0x40, 0xE0, 0x00, 0x00, 0x40, 0xE0,
    0x00, 0x00, 0x40, 0xE0, 0x00, 0x00, 0x40, 0xE0, 0x00, 0x00, 0x40, 0xE0, 0x00, 0x00, 0x40, 0xE0,
    0x00, 0x00, 0x40, 0xE0, 0x00, 0x00, 0x40, 0xE0, 0x00, 0x00, 0x40, 0xE0, 0x00, 0x00, 0x40, 0xE0,
    0x00, 0x00, 0x40, 0xE0, 0x00, 0x00, 0x40, 0xE0, 0x00, 0x00, 0x40, 0xE0, 0x00, 0x00, 0x40, 0xE0,
    0x00, 0x00, 0x40, 0xE0, 0x00, 0x00, 0x40, 0xE0, 0x00, 0x00, 0x40, 0xE0, 0x00, 0x00, 0x40, 0xE0,
    0x00, 0x00, 0x40, 0xE0, 0x00, 0x00, 0x40, 0xE0, 0x00, 0x00, 0x40, 0xE0, 0x00, 0x00, 0x40, 0xE0,
    0x00, 0x00, 0x40, 0xE0, 0x00, 0x00, 0x40, 0xE0, 0x00, 0x00, 0x40, 0xE0, 0x00, 0x00, 0x40, 0xE0,
    0x00, 0x00, 0x40, 0xE0, 0x00, 0x00, 0x40, 0xE0, 0x00, 0x00, 0x40, 0xE0, 0x00, 0x00, 0x40, 0xE0,
    0x00, 0x00, 0x40, 0xE0, 0x00, 0x00, 0x40, 0xE0, 0x00, 0x00, 0x40, 0xE0, 0x00, 0x00, 0x40, 0xE0,
    0x00, 0x00, 0x40, 0xE0, 0x00, 0x00, 0x40, 0xE0, 0x00, 0x00, 0x40, 0xE0, 0x00, 0x00, 0x40, 0xE0,
    0x00, 0x00, 0x40, 0xE0, 0x00, 0x00, 0x40, 0xE0, 0x00, 0x00, 0x40, 0xE0, 0x00, 0x00, 0x40, 0xE0,
    0x00, 0x00, 0x40, 0xE0, 0x00, 0x00, 0x40, 0xE0, 0x00, 0x00, 0x40, 0xE0, 0x00, 0x00, 0x40, 0xE0,
    0x00, 0x00, 0x40, 0xE0, 0x00, 0x00, 0x40, 0xE0, 0x00, 0x00, 0x40, 0xE0, 0x00, 0x00, 0x40, 0xE0,
    0x00, 0x00, 0x40, 0xE0, 0x00, 0x00, 0x40, 0xE0, 0x00, 0x00, 0x40, 0xE0, 0x00, 0x00, 0x40, 0xE0,
    0x00, 0x00, 0x40, 0xE0, 0x00, 0x00, 0x40, 0xE0, 0x00, 0x00, 0x40, 0xE0, 0x00, 0x00, 0x40, 0xE0,
    0x00, 0x00, 0x40, 0xE0, 0x00, 0x00, 0x40, 0xE0, 0x00, 0x00, 0x40, 0xE0, 0x00, 0x00, 0x40, 0xE0,
    0x00, 0x00, 0x40, 0xE0, 0x00, 0x00, 0x40, 0xE0, 0x00, 0x00, 0x40, 0xE0, 0x00, 0x00, 0x40, 0xE0,
    0x00, 0x00, 0x40, 0xE0, 0x00, 0x00, 0x40, 0xE0, 0x00, 0x00, 0x40, 0xE0, 0x00, 0x00, 0x40, 0xE0,
    0x00, 0x00, 0x40, 0xE0, 0x00, 0x00, 0x40, 0xE0, 0x00, 0x00, 0x40, 0xE0, 0x00, 0x00, 0x40, 0xE0,
    0x00, 0x00, 0x40, 0xE0, 0x00, 0x00, 0x40, 0xE0, 0x00, 0x00, 0x40, 0xE0, 0x00, 0x00, 0x40, 0xE0,
    0x00, 0x00, 0x40, 0xE0, 0x00, 0x00, 0x40, 0xE0, 0x00, 0x00, 0x40, 0xE0, 0x00, 0x00, 0x40, 0xE0,
    0x00, 0x00, 0x40, 0xE0, 0x00, 0x00, 0x40, 0xE0, 0x00, 0x00, 0x40, 0xE0, 0x00, 0x00, 0x40, 0xE0,
    0x00, 0x00, 0x40, 0xE0, 0x00, 0x00, 0x40, 0xE0, 0x00, 0x00, 0x40, 0xE0, 0x00, 0x00, 0x40, 0xE0,
    0x00, 0x00, 0x40, 0xE0, 0x00, 0x00, 0x40, 0xE0, 0x00, 0x00, 0x40, 0xE0, 0x00, 0x00, 0x40, 0xE0,
    0x00, 0x00, 0x40, 0xE0, 0x00, 0x00, 0x40, 0xE0, 0x00, 0x00, 0x40, 0xE0, 0x00, 0x00, 0x40, 0xE0,
    0x00, 0x00, 0x40, 0xE0, 0x00, 0x00, 0x40, 0xE0, 0x00, 0x00, 0x40, 0xE0, 0x00, 0x00, 0x40, 0xE0,
    0x00, 0x00, 0x40, 0xE0, 0x00, 0x00, 0x40, 0xE0, 0x00, 0x00, 0x40, 0xE0, 0x00, 0x00, 0x40, 0xE0,
    0x00, 0x00, 0x40, 0xE0, 0x00, 0x00, 0x40, 0xE0, 0x00, 0x00, 0x40, 0xE0, 0x00, 0x00, 0x40, 0xE0,
    0x00, 0x00, 0x40, 0xE0, 0x00, 0x00, 0x40, 0xE0, 0x00, 0x00, 0x40, 0xE0, 0x00, 0x00, 0x40, 0xE0,
    0x00, 0x00, 0x40, 0xE0, 0x00, 0x00, 0x40, 0xE0, 0x00, 0x00, 0x40, 0xE0, 0x00, 0x00, 0x40, 0xE0,
    0x00, 0x00, 0x40, 0xE0, 0x00, 0x00, 0x40, 0xE0, 0x00, 0x00, 0x40, 0xE0, 0x00, 0x00, 0x40, 0xE0,
    0x00, 0x00, 0x40, 0xE0, 0x00, 0x00, 0x40, 0xE0, 0x00, 0x00, 0x40, 0xE0, 0x00, 0x00, 0x40, 0xE0,
    0x00, 0x00, 0x40, 0xE0, 0x00, 0x00, 0x40, 0xE0, 0x00, 0x00, 0x40, 0xE0, 0x00, 0x00, 0x40, 0xE0,
    0x00, 0x00, 0x40, 0xE0, 0x00, 0x00, 0x40, 0xE0, 0x00, 0x00, 0x40, 0xE0, 0x00, 0x00, 0x40, 0xE0,
    0x00, 0x00, 0x40, 0xE0, 0x00, 0x00, 0x40, 0xE0, 0x00, 0x00, 0x40, 0xE0, 0x00, 0x00, 0x40, 0xE0,
    0x00, 0x00, 0x40, 0xE0, 0x00, 0x00, 0x40, 0xE0, 0x00, 0x00, 0x40, 0xE0, 0x00, 0x00, 0x40, 0xE0,
    0x00, 0x00, 0x40, 0xE0, 0x00, 0x00, 0x40, 0xE0, 0x00, 0x00, 0x40, 0xE0, 0x00, 0x00, 0x40, 0xE0,
    0x00, 0x00, 0x40, 0xE0, 0x00, 0x00, 0x40, 0xE0, 0x00, 0x00, 0x40, 0xE0, 0x00, 0x00, 0x40, 0xE0,
    0x00, 0x00, 0x40, 0xE0, 0x00, 0x00, 0x40, 0xE0, 0x00, 0x00, 0x40, 0xE0, 0x00, 0x00, 0x40, 0xE0,
    0x00, 0x00, 0x40, 0xE0, 0x00, 0x00, 0x40, 0xE0, 0x00, 0x00, 0x40, 0xE0, 0x00, 0x00, 0x40, 0xE0,
    0x00, 0x00, 0x40, 0xE0, 0x00, 0x00, 0x40, 0xE0, 0x00, 0x00, 0x40, 0xE0, 0x00, 0x00, 0x40, 0xE0,
    0x00, 0x00, 0x40, 0xE0, 0x00, 0x00, 0x40, 0xE0, 0x00, 0x00, 0x40, 0xE0, 0x00, 0x00, 0x40, 0xE0,
    0x00, 0x00, 0x40, 0xE0, 0x00, 0x00, 0x40, 0xE0, 0x00, 0x00, 0x40, 0xE0, 0x00, 0x00, 0x40, 0xE0,
    0x00, 0x00, 0x40, 0xE0, 0x00, 0x00, 0x40, 0xE0, 0x00, 0x00, 0x40, 0xE0, 0x00, 0x00, 0x40, 0xE0,
    0x00, 0x00, 0x40, 0xE0, 0x00, 0x00, 0x40, 0xE0, 0x00, 0x00, 0x40, 0xE0, 0x00, 0x00, 0x40, 0xE0,
    0x00, 0x00, 0x40, 0xE0, 0x00, 0x00, 0x40, 0xE0, 0x00, 0x00, 0x40, 0xE0, 0x00, 0x00, 0x40, 0xE0,
    0x00, 0x00, 0x40, 0xE0, 0x00, 0x00, 0x40, 0xE0, 0x00, 0x00, 0x40, 0xE0, 0x00, 0x00, 0x40, 0xE0,
    0x00, 0x00, 0x40, 0xE0, 0x00, 0x00, 0x40, 0xE0, 0x00, 0x00, 0x40, 0xE0, 0x00, 0x00, 0x40, 0xE0,
    0x00, 0x00, 0x40, 0xE0, 0x00, 0x00, 0x40, 0xE0, 0x00, 0x00, 0x40, 0xE0, 0x00, 0x00, 0x40, 0xE0,
    0x00, 0x00, 0x40, 0xE0, 0x00, 0x00, 0x40, 0xE0, 0x00, 0x00, 0x40, 0xE0, 0x00, 0x00, 0x40, 0xE0,
    0x00, 0x00, 0x40, 0xE0, 0x00, 0x00, 0x40, 0xE0, 0x00, 0x00, 0x40, 0xE0, 0x00, 0x00, 0x40, 0xE0,
    0x00, 0x00, 0x40, 0xE0, 0x00, 0x00, 0x40, 0xE0, 0x00, 0x00, 0x40, 0xE0, 0x00, 0x00, 0x40, 0xE0,
    0x00, 0x00, 0x40, 0xE0, 0x00, 0x00, 0x40, 0xE0, 0x00, 0x00, 0x40, 0xE0, 0x00, 0x00, 0x40, 0xE0,
    0x00, 0x00, 0x40, 0xE0, 0x00, 0x00, 0x40, 0xE0, 0x00, 0x00, 0x40, 0xE0, 0x00, 0x00, 0x40, 0xE0,
    0x00, 0x00, 0x40, 0xE0, 0x00, 0x00, 0x40, 0xE0, 0x00, 0x00, 0x40, 0xE0, 0x00, 0x00, 0x40, 0xE0,
    0x00, 0x00, 0x40, 0xE0, 0x00, 0x00, 0x40, 0xE0, 0x00, 0x00, 0x40, 0xE0, 0x00, 0x00, 0x40, 0xE0,
    0x00, 0x00, 0x40, 0xE0, 0x00, 0x00, 0x40, 0xE0, 0x00, 0x00, 0x40, 0xE0, 0x00, 0x00, 0x40, 0xE0,
    0x00, 0x00, 0x40, 0xE0, 0x00, 0x00, 0x40, 0xE0, 0x00, 0x00, 0x40, 0xE0, 0x00, 0x00, 0x40, 0xE0,
    0x00, 0x00, 0x40, 0xE0, 0x00, 0x00, 0x40, 0xE0, 0x00, 0x00, 0x40, 0xE0, 0x00, 0x00, 0x40, 0xE0,
    0x00, 0x00, 0x40, 0xE0, 0x00, 0x00, 0x40, 0xE0, 0x00, 0x00, 0x40, 0xE0, 0x00, 0x00, 0x40, 0xE0,
    0x00, 0x00, 0x40, 0xE0, 0x00, 0x00, 0x40, 0xE0, 0x00, 0x00, 0x40, 0xE0, 0x00, 0x00, 0x40, 0xE0,
    0x00, 0x00, 0x40, 0xE0, 0x00, 0x00, 0x40, 0xE0, 0x00, 0x00, 0x40, 0xE0, 0x00, 0x00, 0x40, 0xE0,
    0x00, 0x00, 0x40, 0xE0, 0x00, 0x00, 0x40, 0xE0, 0x00, 0x00, 0x40, 0xE0, 0x00, 0x00, 0x40, 0xE0,
    0x00, 0x00, 0x40, 0xE0, 0x00, 0x00, 0x40, 0xE0, 0x00, 0x00, 0x40, 0xE0, 0x00, 0x00, 0x40, 0xE0,
    0x00, 0x00, 0x40, 0xE0, 0x00, 0x00, 0x40, 0xE0, 0x00, 0x00, 0x40, 0xE0, 0x00, 0x00, 0x40, 0xE0,
    0x00, 0x00, 0x40, 0xE0, 0x00, 0x00, 0x40, 0xE0, 0x00, 0x00, 0x40, 0xE0, 0x00, 0x00, 0x40, 0xE0,
    0x00, 0x00, 0x40, 0xE0, 0x00, 0x00, 0x40, 0xE0, 0x00, 0x00, 0x40, 0xE0, 0x00, 0x00, 0x40, 0xE0,
    0x00, 0x00, 0x40, 0xE0, 0x00, 0x00, 0x40, 0xE0, 0x00, 0x00, 0x40, 0xE0, 0x00, 0x00, 0x40, 0xE0,
    0x00, 0x00, 0x40, 0xE0, 0x00, 0x00, 0x40, 0xE0, 0x00, 0x00, 0x40, 0xE0, 0x00, 0x00, 0x40, 0xE0,
    0x00, 0x00, 0x40, 0xE0, 0x00, 0x00, 0x40, 0xE0, 0x00, 0x00, 0x40, 0xE0, 0x00, 0x00, 0x40, 0xE0,
    0x00, 0x00, 0x40, 0xE0, 0x00, 0x00, 0x40, 0xE0, 0x00, 0x00, 0x40, 0xE0, 0x00, 0x00, 0x40, 0xE0,
    0x00, 0x00, 0x40, 0xE0, 0x00, 0x00, 0x40, 0xE0, 0x00, 0x00, 0x40, 0xE0, 0x00, 0x00, 0x40, 0xE0,
    0x00, 0x00, 0x40, 0xE0, 0x00, 0x00, 0x40, 0xE0, 0x00, 0x00, 0x40, 0xE0, 0x00, 0x00, 0x40, 0xE0,
    0x00, 0x00, 0x40, 0xE0, 0x00, 0x00, 0x40, 0xE0, 0x00, 0x00, 0x40, 0xE0, 0x00, 0x00, 0x40, 0xE0,
    0x00, 0x00, 0x40, 0xE0, 0x00, 0x00, 0x40, 0xE0, 0x00, 0x00, 0x40, 0xE0, 0x00, 0x00, 0x40, 0xE0,
    0x00, 0x00, 0x40, 0xE0, 0x00, 0x00, 0x40, 0xE0, 0x00, 0x00, 0x40, 0xE0, 0x00, 0x00, 0x40, 0xE0,
    0x00, 0x00, 0x40, 0xE0, 0x00, 0x00, 0x40, 0xE0, 0x00, 0x00, 0x40, 0xE0, 0x00, 0x00, 0x40, 0xE0,
    0x00, 0x00, 0x40, 0xE0, 0x00, 0x00, 0x40, 0xE0, 0x00, 0x00, 0x40, 0xE0, 0x00, 0x00, 0x40, 0xE0,
    0x00, 0x00, 0x40, 0xE0, 0x00, 0x00, 0x40, 0xE0, 0x00, 0x00, 0x40, 0xE0, 0x00, 0x00, 0x40, 0xE0,
    0x00, 0x00, 0x40, 0xE0, 0x00, 0x00, 0x40, 0xE0, 0x00, 0x00, 0x40, 0xE0, 0x00, 0x00, 0x40, 0xE0,
    0x00, 0x00, 0x40, 0xE0, 0x00, 0x00, 0x40, 0xE0, 0x00, 0x00, 0x40, 0xE0, 0x00, 0x00, 0x40, 0xE0,
    0x00, 0x00, 0x40, 0xE0, 0x00, 0x00, 0x40, 0xE0, 0x00, 0x00, 0x40, 0xE0, 0x00, 0x00, 0x40, 0xE0,
    0x00, 0x00, 0x40, 0xE0, 0x00, 0x00, 0x40, 0xE0, 0x00, 0x00, 0x40, 0xE0, 0x00, 0x00, 0x40, 0xE0,
    0x00, 0x00, 0x40, 0xE0, 0x00, 0x00, 0x40, 0xE0, 0x00, 0x00, 0x40, 0xE0, 0x00, 0x00, 0x40, 0xE0,
    0x00, 0x00, 0x40, 0xE0, 0x00, 0x00, 0x40, 0xE0, 0x00, 0x00, 0x40, 0xE0, 0x00, 0x00, 0x40, 0xE0,
    0x00, 0x00, 0x40, 0xE0, 0x00, 0x00, 0x40, 0xE0, 0x00, 0x00, 0x40, 0xE0, 0x00, 0x00, 0x40, 0xE0,
    0x00, 0x00, 0x40, 0xE0, 0x00, 0x00, 0x40, 0xE0, 0x00, 0x00, 0x40, 0xE0, 0x00, 0x00, 0x40, 0xE0,
    0x00, 0x00, 0x40, 0xE0, 0x00, 0x00, 0x40, 0xE0, 0x00, 0x00, 0x40, 0xE0, 0x00, 0x00, 0x40, 0xE0,
    0x00, 0x00, 0x40, 0xE0, 0x00, 0x00, 0x40, 0xE0, 0x00, 0x00, 0x40, 0xE0, 0x00, 0x00, 0x40, 0xE0,
    0x00, 0x00, 0x40, 0xE0, 0x00, 0x00, 0x40, 0xE0, 0x00, 0x00, 0x40, 0xE0, 0x00, 0x00, 0x40, 0xE0,
    0x00, 0x00, 0x40, 0xE0, 0x00, 0x00, 0x40, 0xE0, 0x00, 0x00, 0x40, 0xE0, 0x00, 0x00, 0x40, 0xE0,
    0x00, 0x00, 0x40, 0xE0, 0x00, 0x00, 0x40, 0xE0, 0x00, 0x00, 0x40, 0xE0, 0x00, 0x00, 0x40, 0xE0,
    0x00, 0x00, 0x40, 0xE0, 0x00, 0x00, 0x40, 0xE0, 0x00, 0x00, 0x40, 0xE0, 0x00, 0x00, 0x40, 0xE0,
    0x00, 0x00, 0x40, 0xE0, 0x00, 0x00, 0x40, 0xE0, 0x00, 0x00, 0x40, 0xE0, 0x00, 0x00, 0x40, 0xE0,
    0x00, 0x00, 0x40, 0xE0, 0x00, 0x00, 0x40, 0xE0, 0x00, 0x00, 0x40, 0xE0, 0x00, 0x00, 0x40, 0xE0,
    0x00, 0x00, 0x40, 0xE0, 0x00, 0x00, 0x40, 0xE0, 0x00, 0x00, 0x40, 0xE0, 0x00, 0x00, 0x40, 0xE0,
    0x00, 0x00, 0x40, 0xE0, 0x00, 0x00, 0x40, 0xE0, 0x00, 0x00, 0x40, 0xE0, 0x00, 0x00, 0x40, 0xE0,
    0x00, 0x00, 0x40, 0xE0, 0x00, 0x00, 0x40, 0xE0, 0x00, 0x00, 0x40, 0xE0, 0x00, 0x00, 0x40, 0xE0,
    0x00, 0x00, 0x40, 0xE0, 0x00, 0x00, 0x40, 0xE0, 0x00, 0x00, 0x40, 0xE0, 0x00, 0x00, 0x40, 0xE0,
    0x00, 0x00, 0x40, 0xE0, 0x00, 0x00, 0x40, 0xE0, 0x00, 0x00, 0x40, 0xE0, 0x00, 0x00, 0x40, 0xE0,
    0x00, 0x00, 0x40, 0xE0, 0x00, 0x00, 0x40, 0xE0, 0x00, 0x00, 0x40, 0xE0, 0x00, 0x00, 0x40, 0xE0,
    0x00, 0x00, 0x40, 0xE0, 0x00, 0x00, 0x40, 0xE0, 0x00, 0x00, 0x40, 0xE0, 0x00, 0x00, 0x40, 0xE0,
    0x00, 0x00, 0x40, 0xE0, 0x00, 0x00, 0x40, 0xE0, 0x00, 0x00, 0x40, 0xE0, 0x00, 0x00, 0x40, 0xE0,
    0x00, 0x00, 0x40, 0xE0, 0x00, 0x00, 0x40, 0xE0, 0x00, 0x00, 0x40, 0xE0, 0x00, 0x00, 0x40, 0xE0,
    0x00, 0x00, 0x40, 0xE0, 0x00, 0x00, 0x40, 0xE0, 0x00, 0x00, 0x40, 0xE0, 0x00, 0x00, 0x40, 0xE0,
    0x00, 0x00, 0x40, 0xE0, 0x00, 0x00, 0x40, 0xE0, 0x00, 0x00, 0x40, 0xE0, 0x00, 0x00, 0x40, 0xE0,
    0x00, 0x00, 0x40, 0xE0, 0x00, 0x00, 0x40, 0xE0, 0x00, 0x00, 0x40, 0xE0, 0x00, 0x00, 0x40, 0xE0,
    0x00, 0x00, 0x40, 0xE0, 0x00, 0x00, 0x40, 0xE0, 0x00, 0x00, 0x40, 0xE0, 0x00, 0x00, 0x40, 0xE0,
    0x00, 0x00, 0x40, 0xE0, 0x00, 0x00, 0x40, 0xE0, 0x00, 0x00, 0x40, 0xE0, 0x00, 0x00, 0x40, 0xE0,
    0x00, 0x00, 0x40, 0xE0, 0x00, 0x00, 0x40, 0xE0, 0x00, 0x00, 0x40, 0xE0, 0x00, 0x00, 0x40, 0xE0,
    0x00, 0x00, 0x40, 0xE0, 0x00, 0x00, 0x40, 0xE0, 0x00, 0x00, 0x40, 0xE0, 0x00, 0x00, 0x40, 0xE0,
    0x00, 0x00, 0x40, 0xE0, 0x00, 0x00, 0x40, 0xE0, 0x00, 0x00, 0x40, 0xE0, 0x00, 0x00, 0x40, 0xE0,
    0x00, 0x00, 0x40, 0xE0, 0x00, 0x00, 0x40, 0xE0, 0x00, 0x00, 0x40, 0xE0, 0x00, 0x00, 0x40, 0xE0,
    0x00, 0x00, 0x40, 0xE0, 0x00, 0x00, 0x40, 0xE0, 0x00, 0x00, 0x40, 0xE0, 0x00, 0x00, 0x40, 0xE0,
    0x00, 0x00, 0x40, 0xE0, 0x00, 0x00, 0x40, 0xE0, 0x00, 0x00, 0x40, 0xE0, 0x00, 0x00, 0x40, 0xE0,
    0x00, 0x00, 0x40, 0xE0, 0x00, 0x00, 0x40, 0xE0, 0x00, 0x00, 0x40, 0xE0, 0x00, 0x00, 0x40, 0xE0,
    0x00, 0x00, 0x40, 0xE0, 0x00, 0x00, 0x40, 0xE0, 0x00, 0x00, 0x40, 0xE0, 0x00, 0x00, 0x40, 0xE0,
    0x00, 0x00, 0x40, 0xE0, 0x00, 0x00, 0x40, 0xE0, 0x00, 0x00, 0x40, 0xE0, 0x00, 0x00, 0x40, 0xE0,
    0x00, 0x00, 0x40, 0xE0, 0x00, 0x00, 0x40, 0xE0, 0x00, 0x00, 0x40, 0xE0, 0x00, 0x00, 0x40, 0xE0,
    0x00, 0x00, 0x40, 0xE0, 0x00, 0x00, 0x40, 0xE0, 0x00, 0x00, 0x40, 0xE0, 0x00, 0x00, 0x40, 0xE0,
    0x00, 0x00, 0x40, 0xE0, 0x00, 0x00, 0x40, 0xE0, 0x00, 0x00, 0x40, 0xE0, 0x00, 0x00, 0x40, 0xE0,
    0x00, 0x00, 0x40, 0xE0, 0x00, 0x00, 0x40, 0xE0, 0x00, 0x00, 0x40, 0xE0, 0x00, 0x00, 0x40, 0xE0,
    0x00, 0x00, 0x40, 0xE0, 0x00, 0x00, 0x40, 0xE0, 0x00, 0x00, 0x40, 0xE0, 0x00, 0x00, 0x40, 0xE0,
    0x00, 0x00, 0x40, 0xE0, 0x00, 0x00, 0x40, 0xE0, 0x00, 0x00, 0x40, 0xE0, 0x00, 0x00, 0x40, 0xE0,
    0x00, 0x00, 0x40, 0xE0, 0x00, 0x00, 0x40, 0xE0, 0x00, 0x00, 0x40, 0xE0, 0x00, 0x00, 0x40, 0xE0,
    0x00, 0x00, 0x40, 0xE0, 0x00, 0x00, 0x40, 0xE0, 0x00, 0x00, 0x40, 0xE0, 0x00, 0x00, 0x40, 0xE0,
    0x00, 0x00, 0x40, 0xE0, 0x00, 0x00, 0x40, 0xE0, 0x00, 0x00, 0x40, 0xE0, 0x00, 0x00, 0x40, 0xE0,
    0x00, 0x00, 0x40, 0xE0, 0x00, 0x00, 0x40, 0xE0, 0x00, 0x00, 0x40, 0xE0, 0x00, 0x00, 0x40, 0xE0,
    0x00, 0x00, 0x40, 0xE0, 0x00, 0x00, 0x40, 0xE0, 0x00, 0x00, 0x40, 0xE0, 0x00, 0x00, 0x40, 0xE0,
    0x00, 0x00, 0x40, 0xE0, 0x00, 0x00, 0x40, 0xE0, 0x00, 0x00, 0x40, 0xE0, 0x00, 0x00, 0x40, 0xE0,
    0x00, 0x00, 0x40, 0xE0, 0x00, 0x00, 0x40, 0xE0, 0x00, 0x00, 0x40, 0xE0, 0x00, 0x00, 0x40, 0xE0,
    0x00, 0x00, 0x40, 0xE0, 0x00, 0x00, 0x40, 0xE0, 0x00, 0x00, 0x40, 0xE0, 0x00, 0x00, 0x40, 0xE0,
    0x00, 0x00, 0x40, 0xE0, 0x00, 0x00, 0x40, 0xE0, 0x00, 0x00, 0x40, 0xE0, 0x00, 0x00, 0x40, 0xE0,
    0x00, 0x00, 0x40, 0xE0, 0x00, 0x00, 0x40, 0xE0, 0x00, 0x00, 0x40, 0xE0, 0x00, 0x00, 0x40, 0xE0,
    0x00, 0x00, 0x40, 0xE0, 0x00, 0x00, 0x40, 0xE0, 0x00, 0x00, 0x40, 0xE0, 0x00, 0x00, 0x40, 0xE0,
    0x00, 0x00, 0x40, 0xE0, 0x00, 0x00, 0x40, 0xE0, 0x00, 0x00, 0x40, 0xE0, 0x00, 0x00, 0x40, 0xE0,
    0x00, 0x00, 0x40, 0xE0, 0x00, 0x00, 0x40, 0xE0, 0x00, 0x00, 0x40, 0xE0, 0x00, 0x00, 0x40, 0xE0,
    0x00, 0x00, 0x40, 0xE0, 0x00, 0x00, 0x40, 0xE0, 0x00, 0x00, 0x40, 0xE0, 0x00, 0x00, 0x40, 0xE0,
    0x00, 0x00, 0x40, 0xE0, 0x00, 0x00, 0x40, 0xE0, 0x00, 0x00, 0x40, 0xE0, 0x00, 0x00, 0x40, 0xE0,
    0x00, 0x00, 0x40, 0xE0, 0x00, 0x00, 0x40, 0xE0, 0x00, 0x00, 0x40, 0xE0, 0x00, 0x00, 0x40, 0xE0,
    0x00, 0x00, 0x40, 0xE0, 0x00, 0x00, 0x40, 0xE0, 0x00, 0x00, 0x40, 0xE0, 0x00, 0x00, 0x40, 0xE0,
    0x00, 0x00, 0x40, 0xE0, 0x00, 0x00, 0x40, 0xE0, 0x00, 0x00, 0x40, 0xE0, 0x00, 0x00, 0x40, 0xE0,
    0x00, 0x00, 0x40, 0xE0, 0x00, 0x00, 0x40, 0xE0, 0x00, 0x00, 0x40, 0xE0, 0x00, 0x00, 0x40, 0xE0,
    0x00, 0x00, 0x40, 0xE0, 0x00, 0x00, 0x40, 0xE0, 0x00, 0x00, 0x40, 0xE0, 0x00, 0x00, 0x40, 0xE0,
    0x00, 0x00, 0x40, 0xE0, 0x00, 0x00, 0x40, 0xE0, 0x00, 0x00, 0x40, 0xE0, 0x00, 0x00, 0x40, 0xE0,
    0x00, 0x00, 0x40, 0xE0, 0x00, 0x00, 0x40, 0xE0, 0x00, 0x00, 0x40, 0xE0, 0x00, 0x00, 0x40, 0xE0,
    0x00, 0x00, 0x40, 0xE0, 0x00, 0x00, 0x40, 0xE0, 0x00, 0x00, 0x40, 0xE0, 0x00, 0x00, 0x40, 0xE0,
    0x00, 0x00, 0x40, 0xE0, 0x00, 0x00, 0x40, 0xE0, 0x00, 0x00, 0x40, 0xE0, 0x00, 0x00, 0x40, 0xE0,
    0x00, 0x00, 0x40, 0xE0, 0x00, 0x00, 0x40, 0xE0, 0x00, 0x00, 0x40, 0xE0, 0x00, 0x00, 0x40, 0xE0,
    0x00, 0x00, 0x40, 0xE0, 0x00, 0x00, 0x40, 0xE0, 0x00, 0x00, 0x40, 0xE0, 0x00, 0x00, 0x40, 0xE0,
    0x00, 0x00, 0x40, 0xE0, 0x00, 0x00, 0x40, 0xE0, 0x00, 0x00, 0x40, 0xE0, 0x00, 0x00, 0x40, 0xE0,
    0x00, 0x00, 0x40, 0xE0, 0x00, 0x00, 0x40, 0xE0, 0x00, 0x00, 0x40, 0xE0, 0x00, 0x00, 0x40, 0xE0,
    0x00, 0x00, 0x40, 0xE0, 0x00, 0x00, 0x40, 0xE0, 0x00, 0x00, 0x40, 0xE0, 0x00, 0x00, 0x40, 0xE0,
    0x00, 0x00, 0x40, 0xE0, 0x00, 0x00, 0x40, 0xE0, 0x00, 0x00, 0x40, 0xE0, 0x00, 0x00, 0x40, 0xE0,
    0x00, 0x00, 0x40, 0xE0, 0x00, 0x00, 0x40, 0xE0, 0x00, 0x00, 0x40, 0xE0, 0x00, 0x00, 0x40, 0xE0,
    0x00, 0x00, 0x40, 0xE0, 0x00, 0x00, 0x40, 0xE0, 0x00, 0x00, 0x40, 0xE0, 0x00, 0x00, 0x40, 0xE0,
    0x00, 0x00, 0x40, 0xE0, 0x00, 0x00, 0x40, 0xE0, 0x00, 0x00, 0x40, 0xE0, 0x00, 0x00, 0x40, 0xE0,
    0x00, 0x00, 0x40, 0xE0, 0x00, 0x00, 0x40, 0xE0, 0x00, 0x00, 0x40, 0xE0, 0x00, 0x00, 0x40, 0xE0,
    0x00, 0x00, 0x40, 0xE0, 0x00, 0x00, 0x40, 0xE0, 0x00, 0x00, 0x40, 0xE0, 0x00, 0x00, 0x40, 0xE0,
    0x00, 0x00, 0x40, 0xE0, 0x00, 0x00, 0x40, 0xE0, 0x00, 0x00, 0x40, 0xE0, 0x00, 0x00, 0x40, 0xE0,
    0x00, 0x00, 0x40, 0xE0, 0x00, 0x00, 0x40, 0xE0, 0x00, 0x00, 0x40, 0xE0, 0x00, 0x00, 0x40, 0xE0,
    0x00, 0x00, 0x40, 0xE0, 0x00, 0x00, 0x40, 0xE0, 0x00, 0x00, 0x40, 0xE0, 0x00, 0x00, 0x40, 0xE0,
    0x00, 0x00, 0x40, 0xE0, 0x00, 0x00, 0x40, 0xE0, 0x00, 0x00, 0x40, 0xE0, 0x00, 0x00, 0x40, 0xE0,
    0x00, 0x00, 0x40, 0xE0, 0x00, 0x00, 0x40, 0xE0, 0x00, 0x00, 0x40, 0xE0, 0x00, 0x00, 0x40, 0xE0,
    0x00, 0x00, 0x40, 0xE0, 0x00, 0x00, 0x40, 0xE0, 0x00, 0x00, 0x40, 0xE0, 0x00, 0x00, 0x40, 0xE0,
    0x00, 0x00, 0x40, 0xE0, 0x00, 0x00, 0x40, 0xE0, 0x00, 0x00, 0x40, 0xE0, 0x00, 0x00, 0x40, 0xE0,
    0x00, 0x00, 0x40, 0xE0, 0x00, 0x00, 0x40, 0xE0, 0x00, 0x00, 0x40, 0xE0, 0x00, 0x00, 0x40, 0xE0,
    0x00, 0x00, 0x40, 0xE0, 0x00, 0x00, 0x40, 0xE0, 0x00, 0x00, 0x40, 0xE0, 0x00, 0x00, 0x40, 0xE0,
    0x00, 0x00, 0x40, 0xE0, 0x00, 0x00, 0x40, 0xE0, 0x00, 0x00, 0x40, 0xE0, 0x00, 0x00, 0x40, 0xE0,
    0x00, 0x00, 0x40, 0xE0, 0x00, 0x00, 0x40, 0xE0, 0x00, 0x00, 0x40, 0xE0, 0x00, 0x00, 0x40, 0xE0,
    0x00, 0x00, 0x40, 0xE0, 0x00, 0x00, 0x40, 0xE0, 0x00, 0x00, 0x40, 0xE0, 0x00, 0x00, 0x40, 0xE0,
    0x00, 0x00, 0x40, 0xE0, 0x00, 0x00, 0x40, 0xE0, 0x00, 0x00, 0x40, 0xE0, 0x00, 0x00, 0x40, 0xE0,
    0x00, 0x00, 0x40, 0xE0, 0x00, 0x00, 0x40, 0xE0, 0x00, 0x00, 0x40, 0xE0, 0x00, 0x00, 0x40, 0xE0,
    0x00, 0x00, 0x40, 0xE0, 0x00, 0x00, 0x40, 0xE0, 0x00, 0x00, 0x40, 0xE0, 0x00, 0x00, 0x40, 0xE0,
    0x00, 0x00, 0x40, 0xE0, 0x00, 0x00, 0x40, 0xE0, 0x00, 0x00, 0x40, 0xE0, 0x00, 0x00, 0x40, 0xE0,
    0x00, 0x00, 0x40, 0xE0, 0x00, 0x00, 0x40, 0xE0, 0x00, 0x00, 0x40, 0xE0, 0x00, 0x00, 0x40, 0xE0,
    0x00, 0x00, 0x40, 0xE0, 0x00, 0x00, 0x40, 0xE0, 0x00, 0x00, 0x40, 0xE0, 0x00, 0x00, 0x40, 0xE0,
    0x00, 0x00, 0x40, 0xE0, 0x00, 0x00, 0x40, 0xE0, 0x00, 0x00, 0x40, 0xE0, 0x00, 0x00, 0x40, 0xE0,
    0x00, 0x00, 0x40, 0xE0, 0x00, 0x00, 0x40, 0xE0, 0x00, 0x00, 0x40, 0xE0, 0x00, 0x00, 0x40, 0xE0,
    0x00, 0x00, 0x40, 0xE0, 0x00, 0x00, 0x40, 0xE0, 0x00, 0x00, 0x40, 0xE0, 0x00, 0x00, 0x40, 0xE0,
    0x00, 0x00, 0x40, 0xE0, 0x00, 0x00, 0x40, 0xE0, 0x00, 0x00, 0x40, 0xE0, 0x00, 0x00, 0x40, 0xE0,
    0x00, 0x00, 0x40, 0xE0, 0x00, 0x00, 0x40, 0xE0, 0x00, 0x00, 0x40, 0xE0, 0x00, 0x00, 0x40, 0xE0,
    0x00, 0x00, 0x40, 0xE0, 0x00, 0x00, 0x40, 0xE0, 0x00, 0x00, 0x40, 0xE0, 0x00, 0x00, 0x40, 0xE0,
    0x00, 0x00, 0x40, 0xE0, 0x00, 0x00, 0x40, 0xE0, 0x00, 0x00, 0x40, 0xE0, 0x00, 0x00, 0x40, 0xE0,
    0x00, 0x00, 0x40, 0xE0, 0x00, 0x00, 0x40, 0xE0, 0x00, 0x00, 0x40, 0xE0, 0x00, 0x00, 0x40, 0xE0,
    0x00, 0x00, 0x40, 0xE0, 0x00, 0x00, 0x40, 0xE0, 0x00, 0x00, 0x40, 0xE0, 0x00, 0x00, 0x40, 0xE0,
    0x00, 0x00, 0x40, 0xE0, 0x00, 0x00, 0x40, 0xE0, 0x00, 0x00, 0x40, 0xE0, 0x00, 0x00, 0x40, 0xE0,
    0x00, 0x00, 0x40, 0xE0, 0x00, 0x00, 0x40, 0xE0, 0x00, 0x00, 0x40, 0xE0, 0x00, 0x00, 0x40, 0xE0,
    0x00, 0x00, 0x40, 0xE0, 0x00, 0x00, 0x40, 0xE0, 0x00, 0x00, 0x40, 0xE0, 0x00, 0x00, 0x40, 0xE0,
    0x00, 0x00, 0x40, 0xE0, 0x00, 0x00, 0x40, 0xE0, 0x00, 0x00, 0x40, 0xE0, 0x00, 0x00, 0x40, 0xE0,
    0x00, 0x00, 0x40, 0xE0, 0x00, 0x00, 0x40, 0xE0, 0x00, 0x00, 0x40, 0xE0, 0x00, 0x00, 0x40, 0xE0,
    0x00, 0x00, 0x40, 0xE0, 0x00, 0x00, 0x40, 0xE0, 0x00, 0x00, 0x40, 0xE0, 0x00, 0x00, 0x40, 0xE0,
    0x00, 0x00, 0x40, 0xE0, 0x00, 0x00, 0x40, 0xE0, 0x00, 0x00, 0x40, 0xE0, 0x00, 0x00, 0x40, 0xE0,
    0x00, 0x00, 0x40, 0xE0, 0x00, 0x00, 0x40, 0xE0, 0x00, 0x00, 0x40, 0xE0, 0x00, 0x00, 0x40, 0xE0,
    0x00, 0x00, 0x40, 0xE0, 0x00, 0x00, 0x40, 0xE0, 0x00, 0x00, 0x40, 0xE0, 0x00, 0x00, 0x40, 0xE0,
    0x00, 0x00, 0x40, 0xE0, 0x00, 0x00, 0x40, 0xE0, 0x00, 0x00, 0x40, 0xE0, 0x00, 0x00, 0x40, 0xE0,
    0x00, 0x00, 0x40, 0xE0, 0x00, 0x00, 0x40, 0xE0, 0x00, 0x00, 0x40, 0xE0, 0x00, 0x00, 0x40, 0xE0,
    0x00, 0x00, 0x40, 0xE0, 0x00, 0x00, 0x40, 0xE0, 0x00, 0x00, 0x40, 0xE0, 0x00, 0x00, 0x40, 0xE0,
    0x00, 0x00, 0x40, 0xE0, 0x00, 0x00, 0x40, 0xE0, 0x00, 0x00, 0x40, 0xE0, 0x00, 0x00, 0x40, 0xE0,
    0x00, 0x00, 0x40, 0xE0, 0x00, 0x00, 0x40, 0xE0, 0x00, 0x00, 0x40, 0xE0, 0x00, 0x00, 0x40, 0xE0,
    0x00, 0x00, 0x40, 0xE0, 0x00, 0x00, 0x40, 0xE0, 0x00, 0x00, 0x40, 0xE0, 0x00, 0x00, 0x40, 0xE0,
    0x00, 0x00, 0x40, 0xE0, 0x00, 0x00, 0x40, 0xE0, 0x00, 0x00, 0x40, 0xE0, 0x00, 0x00, 0x40, 0xE0,
    0x00, 0x00, 0x40, 0xE0, 0x00, 0x00, 0x40, 0xE0, 0x00, 0x00, 0x40, 0xE0, 0x00, 0x00, 0x40, 0xE0,
    0x00, 0x00, 0x40, 0xE0, 0x00, 0x00, 0x40, 0xE0, 0x00, 0x00, 0x40, 0xE0, 0x00, 0x00, 0x40, 0xE0,
    0x00, 0x00, 0x40, 0xE0, 0x00, 0x00, 0x40, 0xE0, 0x00, 0x00, 0x40, 0xE0, 0x00, 0x00, 0x40, 0xE0,
    0x00, 0x00, 0x40, 0xE0, 0x00, 0x00, 0x40, 0xE0, 0x00, 0x00, 0x40, 0xE0, 0x00, 0x00, 0x40, 0xE0,
    0x00, 0x00, 0x40, 0xE0, 0x00, 0x00, 0x40, 0xE0, 0x00, 0x00, 0x40, 0xE0, 0x00, 0x00, 0x40, 0xE0,
    0x00, 0x00, 0x40, 0xE0, 0x00, 0x00, 0x40, 0xE0, 0x00, 0x00, 0x40, 0xE0, 0x00, 0x00, 0x40, 0xE0,
    0x00, 0x00, 0x40, 0xE0, 0x00, 0x00, 0x40, 0xE0, 0x00, 0x00, 0x40, 0xE0, 0x00, 0x00, 0x40, 0xE0,
    0x00, 0x00, 0x40, 0xE0, 0x00, 0x00, 0x40, 0xE0, 0x00, 0x00, 0x40, 0xE0, 0x00, 0x00, 0x40, 0xE0,
    0x00, 0x00, 0x40, 0xE0, 0x00, 0x00, 0x40, 0xE0, 0x00, 0x00, 0x40, 0xE0, 0x00, 0x00, 0x40, 0xE0,
    0x00, 0x00, 0x40, 0xE0, 0x00, 0x00, 0x40, 0xE0, 0x00, 0x00, 0x40, 0xE0, 0x00, 0x00, 0x40, 0xE0,
    0x00, 0x00, 0x40, 0xE0, 0x00, 0x00, 0x40, 0xE0, 0x00, 0x00, 0x40, 0xE0, 0x00, 0x00, 0x40, 0xE0,
    0x00, 0x00, 0x40, 0xE0, 0x00, 0x00, 0x40, 0xE0, 0x00, 0x00, 0x40, 0xE0, 0x00, 0x00, 0x40, 0xE0,
    0x00, 0x00, 0x40, 0xE0, 0x00, 0x00, 0x40, 0xE0, 0x00, 0x00, 0x40, 0xE0, 0x00, 0x00, 0x40, 0xE0,
    0x00, 0x00, 0x40, 0xE0, 0x00, 0x00, 0x40, 0xE0, 0x00, 0x00, 0x40, 0xE0, 0x00, 0x00, 0x40, 0xE0,
    0x00, 0x00, 0x40, 0xE0, 0x00, 0x00, 0x40, 0xE0, 0x00, 0x00, 0x40, 0xE0, 0x00, 0x00, 0x40, 0xE0,
    0x00, 0x00, 0x40, 0xE0, 0x00, 0x00, 0x40, 0xE0, 0x00, 0x00, 0x40, 0xE0, 0x00, 0x00, 0x40, 0xE0,
    0x00, 0x00, 0x40, 0xE0, 0x00, 0x00, 0x40, 0xE0, 0x00, 0x00, 0x40, 0xE0, 0x00, 0x00, 0x40, 0xE0,
    0x00, 0x00, 0x40, 0xE0, 0x00, 0x00, 0x40, 0xE0, 0x00, 0x00, 0x40, 0xE0, 0x00, 0x00, 0x40, 0xE0,
    0x00, 0x00, 0x40, 0xE0, 0x00, 0x00, 0x40, 0xE0, 0x00, 0x00, 0x40, 0xE0, 0x00, 0x00, 0x40, 0xE0,
    0x00, 0x00, 0x40, 0xE0, 0x00, 0x00, 0x40, 0xE0, 0x00, 0x00, 0x40, 0xE0, 0x00, 0x00, 0x40, 0xE0,
    0x00, 0x00, 0x40, 0xE0, 0x00, 0x00, 0x40, 0xE0, 0x00, 0x00, 0x40, 0xE0, 0x00, 0x00, 0x40, 0xE0,
    0x00, 0x00, 0x40, 0xE0, 0x00, 0x00, 0x40, 0xE0, 0x00, 0x00, 0x40, 0xE0, 0x00, 0x00, 0x40, 0xE0,
    0x00, 0x00, 0x40, 0xE0, 0x00, 0x00, 0x40, 0xE0, 0x00, 0x00, 0x40, 0xE0, 0x00, 0x00, 0x40, 0xE0,
    0x00, 0x00, 0x40, 0xE0, 0x00, 0x00, 0x40, 0xE0, 0x00, 0x00, 0x40, 0xE0, 0x00, 0x00, 0x40, 0xE0,
    0x00, 0x00, 0x40, 0xE0, 0x00, 0x00, 0x40, 0xE0, 0x00, 0x00, 0x40, 0xE0, 0x00, 0x00, 0x40, 0xE0,
    0x00, 0x00, 0x40, 0xE0, 0x00, 0x00, 0x40, 0xE0, 0x00, 0x00, 0x40, 0xE0, 0x00, 0x00, 0x40, 0xE0,
    0x00, 0x00, 0x40, 0xE0, 0x00, 0x00, 0x40, 0xE0, 0x00, 0x00, 0x40, 0xE0, 0x00, 0x00, 0x40, 0xE0,
    0x00, 0x00, 0x40, 0xE0, 0x00, 0x00, 0x40, 0xE0, 0x00, 0x00, 0x40, 0xE0, 0x00, 0x00, 0x40, 0xE0,
    0x00, 0x00, 0x40, 0xE0, 0x00, 0x00, 0x40, 0xE0, 0x00, 0x00, 0x40, 0xE0, 0x00, 0x00, 0x40, 0xE0,
    0x00, 0x00, 0x40, 0xE0, 0x00, 0x00, 0x40, 0xE0, 0x00, 0x00, 0x40, 0xE0, 0x00, 0x00, 0x40, 0xE0,
    0x00, 0x00, 0x40, 0xE0, 0x00, 0x00, 0x40, 0xE0, 0x00, 0x00, 0x40, 0xE0, 0x00, 0x00, 0x40, 0xE0,
    0x00, 0x00, 0x40, 0xE0, 0x00, 0x00, 0x40, 0xE0, 0x00, 0x00, 0x40, 0xE0, 0x00, 0x00, 0x40, 0xE0,
    0x00, 0x00, 0x40, 0xE0, 0x00, 0x00, 0x40, 0xE0, 0x00, 0x00, 0x40, 0xE0, 0x00, 0x00, 0x40, 0xE0,
    0x00, 0x00, 0x40, 0xE0, 0x00, 0x00, 0x40, 0xE0, 0x00, 0x00, 0x40, 0xE0, 0x00, 0x00, 0x40, 0xE0,
    0x00, 0x00, 0x40, 0xE0, 0x00, 0x00, 0x40, 0xE0, 0x00, 0x00, 0x40, 0xE0, 0x00, 0x00, 0x40, 0xE0,
    0x00, 0x00, 0x40, 0xE0, 0x00, 0x00, 0x40, 0xE0, 0x00, 0x00, 0x40, 0xE0, 0x00, 0x00, 0x40, 0xE0,
    0x00, 0x00, 0x40, 0xE0, 0x00, 0x00, 0x40, 0xE0, 0x00, 0x00, 0x40, 0xE0, 0x00, 0x00, 0x40, 0xE0,
    0x00, 0x00, 0x40, 0xE0, 0x00, 0x00, 0x40, 0xE0, 0x00, 0x00, 0x40, 0xE0, 0x00, 0x00, 0x40, 0xE0,
    0x00, 0x00, 0x40, 0xE0, 0x00, 0x00, 0x40, 0xE0, 0x00, 0x00, 0x40, 0xE0, 0x00, 0x00, 0x40, 0xE0,
    0x00, 0x00, 0x40, 0xE0, 0x00, 0x00, 0x40, 0xE0, 0x00, 0x00, 0x40, 0xE0, 0x00, 0x00, 0x40, 0xE0,
    0x00, 0x00, 0x40, 0xE0, 0x00, 0x00, 0x40, 0xE0, 0x00, 0x00, 0x40, 0xE0, 0x00, 0x00, 0x40, 0xE0,
    0x00, 0x00, 0x40, 0xE0, 0x00, 0x00, 0x40, 0xE0, 0x00, 0x00, 0x40, 0xE0, 0x00, 0x00, 0x40, 0xE0,
    0x00, 0x00, 0x40, 0xE0, 0x00, 0x00, 0x40, 0xE0, 0x00, 0x00, 0x40, 0xE0, 0x00, 0x00, 0x40, 0xE0,
    0x00, 0x00, 0x40, 0xE0, 0x00, 0x00, 0x40, 0xE0, 0x00, 0x00, 0x40, 0xE0, 0x00, 0x00, 0x40, 0xE0,
    0x00, 0x00, 0x40, 0xE0, 0x00, 0x00, 0x40, 0xE0, 0x00, 0x00, 0x40, 0xE0, 0x00, 0x00, 0x40, 0xE0,
    0x00, 0x00, 0x40, 0xE0, 0x00, 0x00, 0x40, 0xE0, 0x00, 0x00, 0x40, 0xE0, 0x00, 0x00, 0x40, 0xE0,
    0x00, 0x00, 0x40, 0xE0, 0x00, 0x00, 0x40, 0xE0, 0x00, 0x00, 0x40, 0xE0, 0x00, 0x00, 0x40, 0xE0,
    0x00, 0x00, 0x40, 0xE0, 0x00, 0x00, 0x40, 0xE0, 0x00, 0x00, 0x40, 0xE0, 0x00, 0x00, 0x40, 0xE0,
    0x00, 0x00, 0x40, 0xE0, 0x00, 0x00, 0x40, 0xE0, 0x00, 0x00, 0x40, 0xE0, 0x00, 0x00, 0x40, 0xE0,
    0x00, 0x00, 0x40, 0xE0, 0x00, 0x00, 0x40, 0xE0, 0x00, 0x00, 0x40, 0xE0, 0x00, 0x00, 0x40, 0xE0,
    0x00, 0x00, 0x40, 0xE0, 0x00, 0x00, 0x40, 0xE0, 0x00, 0x00, 0x40, 0xE0, 0x00, 0x00, 0x40, 0xE0,
    0x00, 0x00, 0x40, 0xE0, 0x00, 0x00, 0x40, 0xE0, 0x00, 0x00, 0x40, 0xE0, 0x00, 0x00, 0x40, 0xE0,
    0x00, 0x00, 0x40, 0xE0, 0x00, 0x00, 0x40, 0xE0, 0x00, 0x00, 0x40, 0xE0, 0x00, 0x00, 0x40, 0xE0,
    0x00, 0x00, 0x40, 0xE0, 0x00, 0x00, 0x40, 0xE0, 0x00, 0x00, 0x40, 0xE0, 0x00, 0x00, 0x40, 0xE0,
    0x00, 0x00, 0x40, 0xE0, 0x00, 0x00, 0x40, 0xE0, 0x00, 0x00, 0x40, 0xE0, 0x00, 0x00, 0x40, 0xE0,
    0x00, 0x00, 0x40, 0xE0, 0x00, 0x00, 0x40, 0xE0, 0x00, 0x00, 0x40, 0xE0, 0x00, 0x00, 0x40, 0xE0,
    0x00, 0x00, 0x40, 0xE0, 0x00, 0x00, 0x40, 0xE0, 0x00, 0x00, 0x40, 0xE0, 0x00, 0x00, 0x40, 0xE0,
    0x00, 0x00, 0x40, 0xE0, 0x00, 0x00, 0x40, 0xE0, 0x00, 0x00, 0x40, 0xE0, 0x00, 0x00, 0x40, 0xE0,
    0x00, 0x00, 0x40, 0xE0, 0x00, 0x00, 0x40, 0xE0, 0x00, 0x00, 0x40, 0xE0, 0x00, 0x00, 0x40, 0xE0,
    0x00, 0x00, 0x40, 0xE0, 0x00, 0x00, 0x40, 0xE0, 0x00, 0x00, 0x40, 0xE0, 0x00, 0x00, 0x40, 0xE0,
    0x00, 0x00, 0x40, 0xE0, 0x00, 0x00, 0x40, 0xE0, 0x00, 0x00, 0x40, 0xE0, 0x00, 0x00, 0x40, 0xE0,
    0x00, 0x00, 0x40, 0xE0, 0x00, 0x00, 0x40, 0xE0, 0x00, 0x00, 0x40, 0xE0, 0x00, 0x00, 0x40, 0xE0,
    0x00, 0x00, 0x40, 0xE0, 0x00, 0x00, 0x40, 0xE0, 0x00, 0x00, 0x40, 0xE0, 0x00, 0x00, 0x40, 0xE0,
    0x00, 0x00, 0x40, 0xE0, 0x00, 0x00, 0x40, 0xE0, 0x00, 0x00, 0x40, 0xE0, 0x00, 0x00, 0x40, 0xE0,
    0x00, 0x00, 0x40, 0xE0, 0x00, 0x00, 0x40, 0xE0, 0x00, 0x00, 0x40, 0xE0, 0x00, 0x00, 0x40, 0xE0,
    0x00, 0x00, 0x40, 0xE0, 0x00, 0x00, 0x40, 0xE0, 0x00, 0x00, 0x40, 0xE0, 0x00, 0x00, 0x40, 0xE0,
    0x00, 0x00, 0x40, 0xE0, 0x00, 0x00, 0x40, 0xE0, 0x00, 0x00, 0x40, 0xE0, 0x00, 0x00, 0x40, 0xE0,
    0x00, 0x00, 0x40, 0xE0, 0x00, 0x00, 0x40, 0xE0, 0x00, 0x00, 0x40, 0xE0, 0x00, 0x00, 0x40, 0xE0,
    0x00, 0x00, 0x40, 0xE0, 0x00, 0x00, 0x40, 0xE0, 0x00, 0x00, 0x40, 0xE0, 0x00, 0x00, 0x40, 0xE0,
    0x00, 0x00, 0x40, 0xE0, 0x00, 0x00, 0x40, 0xE0, 0x00, 0x00, 0x40, 0xE0, 0x00, 0x00, 0x40, 0xE0,
    0x00, 0x00, 0x40, 0xE0, 0x00, 0x00, 0x40, 0xE0, 0x00, 0x00, 0x40, 0xE0, 0x00, 0x00, 0x40, 0xE0,
    0x00, 0x00, 0x40, 0xE0, 0x00, 0x00, 0x40, 0xE0, 0x00, 0x00, 0x40, 0xE0, 0x00, 0x00, 0x40, 0xE0,
    0x00, 0x00, 0x40, 0xE0, 0x00, 0x00, 0x40, 0xE0, 0x00, 0x00, 0x40, 0xE0, 0x00, 0x00, 0x40, 0xE0,
    0x00, 0x00, 0x40, 0xE0, 0x00, 0x00, 0x40, 0xE0, 0x00, 0x00, 0x40, 0xE0, 0x00, 0x00, 0x40, 0xE0,
    0x00, 0x00, 0x40, 0xE0, 0x00, 0x00, 0x40, 0xE0, 0x00, 0x00, 0x40, 0xE0, 0x00, 0x00, 0x40, 0xE0,
    0x00, 0x00, 0x40, 0xE0, 0x00, 0x00, 0x40, 0xE0, 0x00, 0x00, 0x40, 0xE0, 0x00, 0x00, 0x40, 0xE0,
    0x00, 0x00, 0x40, 0xE0, 0x00, 0x00, 0x40, 0xE0, 0x00, 0x00, 0x40, 0xE0, 0x00, 0x00, 0x40, 0xE0,
    0x00, 0x00, 0x40, 0xE0, 0x00, 0x00, 0x40, 0xE0, 0x00, 0x00, 0x40, 0xE0, 0x00, 0x00, 0x40, 0xE0,
    0x00, 0x00, 0x40, 0xE0, 0x00, 0x00, 0x40, 0xE0, 0x00, 0x00, 0x40, 0xE0, 0x00, 0x00, 0x40, 0xE0,
    0x00, 0x00, 0x40, 0xE0, 0x00, 0x00, 0x40, 0xE0, 0x00, 0x00, 0x40, 0xE0, 0x00, 0x00, 0x40, 0xE0,
    0x00, 0x00, 0x40, 0xE0, 0x00, 0x00, 0x40, 0xE0, 0x00, 0x00, 0x40, 0xE0, 0x00, 0x00, 0x40, 0xE0,
    0x00, 0x00, 0x40, 0xE0, 0x00, 0x00, 0x40, 0xE0, 0x00, 0x00, 0x40, 0xE0, 0x00, 0x00, 0x40, 0xE0,
    0x00, 0x00, 0x40, 0xE0, 0x00, 0x00, 0x40, 0xE0, 0x00, 0x00, 0x40, 0xE0, 0x00, 0x00, 0x40, 0xE0,
    0x00, 0x00, 0x40, 0xE0, 0x00, 0x00, 0x40, 0xE0, 0x00, 0x00, 0x40, 0xE0, 0x00, 0x00, 0x40, 0xE0,
    0x00, 0x00, 0x40, 0xE0, 0x00, 0x00, 0x40, 0xE0, 0x00, 0x00, 0x40, 0xE0, 0x00, 0x00, 0x40, 0xE0,
    0x00, 0x00, 0x40, 0xE0, 0x00, 0x00, 0x40, 0xE0, 0x00, 0x00, 0x40, 0xE0, 0x00, 0x00, 0x40, 0xE0,
    0x00, 0x00, 0x40, 0xE0, 0x00, 0x00, 0x40, 0xE0, 0x00, 0x00, 0x40, 0xE0, 0x00, 0x00, 0x40, 0xE0,
    0x00, 0x00, 0x40, 0xE0, 0x00, 0x00, 0x40, 0xE0, 0x00, 0x00, 0x40, 0xE0, 0x00, 0x00, 0x40, 0xE0,
    0x00, 0x00, 0x40, 0xE0, 0x00, 0x00, 0x40, 0xE0, 0x00, 0x00, 0x40, 0xE0, 0x00, 0x00, 0x40, 0xE0,
    0x00, 0x00, 0x40, 0xE0, 0x00, 0x00, 0x40, 0xE0, 0x00, 0x00, 0x40, 0xE0, 0x00, 0x00, 0x40, 0xE0,
    0x00, 0x00, 0x40, 0xE0, 0x00, 0x00, 0x40, 0xE0, 0x00, 0x00, 0x40, 0xE0, 0x00, 0x00, 0x40, 0xE0,
    0x00, 0x00, 0x40, 0xE0, 0x00, 0x00, 0x40, 0xE0, 0x00, 0x00, 0x40, 0xE0, 0x00, 0x00, 0x40, 0xE0,
    0x00, 0x00, 0x40, 0xE0, 0x00, 0x00, 0x40, 0xE0, 0x00, 0x00, 0x40, 0xE0, 0x00, 0x00, 0x40, 0xE0,
    0x00, 0x00, 0x40, 0xE0, 0x00, 0x00, 0x40, 0xE0, 0x00, 0x00, 0x40, 0xE0, 0x00, 0x00, 0x40, 0xE0,
    0x00, 0x00, 0x40, 0xE0, 0x00, 0x00, 0x40, 0xE0, 0x00, 0x00, 0x40, 0xE0, 0x00, 0x00, 0x40, 0xE0,
    0x00, 0x00, 0x40, 0xE0, 0x00, 0x00, 0x40, 0xE0, 0x00, 0x00, 0x40, 0xE0, 0x00, 0x00, 0x40, 0xE0,
    0x00, 0x00, 0x40, 0xE0, 0x00, 0x00, 0x40, 0xE0, 0x00, 0x00, 0x40, 0xE0, 0x00, 0x00, 0x40, 0xE0,
    0x00, 0x00, 0x40, 0xE0, 0x00, 0x00, 0x40, 0xE0, 0x00, 0x00, 0x40, 0xE0, 0x00, 0x00, 0x40, 0xE0,
    0x00, 0x00, 0x40, 0xE0, 0x00, 0x00, 0x40, 0xE0, 0x00, 0x00, 0x40, 0xE0, 0x00, 0x00, 0x40, 0xE0,
    0x00, 0x00, 0x40, 0xE0, 0x00, 0x00, 0x40, 0xE0, 0x00, 0x00, 0x40, 0xE0, 0x00, 0x00, 0x40, 0xE0,
    0x00, 0x00, 0x40, 0xE0, 0x00, 0x00, 0x40, 0xE0, 0x00, 0x00, 0x40, 0xE0, 0x00, 0x00, 0x40, 0xE0,
    0x00, 0x00, 0x40, 0xE0, 0x00, 0x00, 0x40, 0xE0, 0x00, 0x00, 0x40, 0xE0, 0x00, 0x00, 0x40, 0xE0,
    0x00, 0x00, 0x40, 0xE0, 0x00, 0x00, 0x40, 0xE0, 0x00, 0x00, 0x40, 0xE0, 0x00, 0x00, 0x40, 0xE0,
    0x00, 0x00, 0x40, 0xE0, 0x00, 0x00, 0x40, 0xE0, 0x00, 0x00, 0x40, 0xE0, 0x00, 0x00, 0x40, 0xE0,
    0x00, 0x00, 0x40, 0xE0, 0x00, 0x00, 0x40, 0xE0, 0x00, 0x00, 0x40, 0xE0, 0x00, 0x00, 0x40, 0xE0,
    0x00, 0x00, 0x40, 0xE0, 0x00, 0x00, 0x40, 0xE0, 0x00, 0x00, 0x40, 0xE0, 0x00, 0x00, 0x40, 0xE0,
    0x00, 0x00, 0x40, 0xE0, 0x00, 0x00, 0x40, 0xE0, 0x00, 0x00, 0x40, 0xE0, 0x00, 0x00, 0x40, 0xE0,
    0x00, 0x00, 0x40, 0xE0, 0x00, 0x00, 0x40, 0xE0, 0x00, 0x00, 0x40, 0xE0, 0x00, 0x00, 0x40, 0xE0,
    0x00, 0x00, 0x40, 0xE0, 0x00, 0x00, 0x40, 0xE0, 0x00, 0x00, 0x40, 0xE0, 0x00, 0x00, 0x40, 0xE0,
    0x00, 0x00, 0x40, 0xE0, 0x00, 0x00, 0x40, 0xE0, 0x00, 0x00, 0x40, 0xE0, 0x00, 0x00, 0x40, 0xE0,
    0x00, 0x00, 0x40, 0xE0, 0x00, 0x00, 0x40, 0xE0, 0x00, 0x00, 0x40, 0xE0, 0x00, 0x00, 0x40, 0xE0,
    0x00, 0x00, 0x40, 0xE0, 0x00, 0x00, 0x40, 0xE0, 0x00, 0x00, 0x40, 0xE0, 0x00, 0x00, 0x40, 0xE0,
    0x00, 0x00, 0x40, 0xE0, 0x00, 0x00, 0x40, 0xE0, 0x00, 0x00, 0x40, 0xE0, 0x00, 0x00, 0x40, 0xE0,
    0x00, 0x00, 0x40, 0xE0, 0x00, 0x00, 0x40, 0xE0, 0x00, 0x00, 0x40, 0xE0, 0x00, 0x00, 0x40, 0xE0,
    0x00, 0x00, 0x40, 0xE0, 0x00, 0x00, 0x40, 0xE0, 0x00, 0x00, 0x40, 0xE0, 0x00, 0x00, 0x40, 0xE0,
    0x00, 0x00, 0x40, 0xE0, 0x00, 0x00, 0x40, 0xE0, 0x00, 0x00, 0x40, 0xE0, 0x00, 0x00, 0x40, 0xE0,
    0x00, 0x00, 0x40, 0xE0, 0x00, 0x00, 0x40, 0xE0, 0x00, 0x00, 0x40, 0xE0, 0x00, 0x00, 0x40, 0xE0,
    0x00, 0x00, 0x40, 0xE0, 0x00, 0x00, 0x40, 0xE0, 0x00, 0x00, 0x40, 0xE0, 0x00, 0x00, 0x40, 0xE0,
    0x00, 0x00, 0x40, 0xE0, 0x00, 0x00, 0x40, 0xE0, 0x00, 0x00, 0x40, 0xE0, 0x00, 0x00, 0x40, 0xE0,
    0x00, 0x00, 0x40, 0xE0, 0x00, 0x00, 0x40, 0xE0, 0x00, 0x00, 0x40, 0xE0, 0x00, 0x00, 0x40, 0xE0,
    0x00, 0x00, 0x40, 0xE0, 0x00, 0x00, 0x40, 0xE0, 0x00, 0x00, 0x40, 0xE0, 0x00, 0x00, 0x40, 0xE0,
    0x00, 0x00, 0x40, 0xE0, 0x00, 0x00, 0x40, 0xE0, 0x00, 0x00, 0x40, 0xE0, 0x00, 0x00, 0x40, 0xE0,
    0x00, 0x00, 0x40, 0xE0, 0x00, 0x00, 0x40, 0xE0, 0x00, 0x00, 0x40, 0xE0, 0x00, 0x00, 0x40, 0xE0,
    0x00, 0x00, 0x40, 0xE0, 0x00, 0x00, 0x40, 0xE0, 0x00, 0x00, 0x40, 0xE0, 0x00, 0x00, 0x40, 0xE0,
    0x00, 0x00, 0x40, 0xE0, 0x00, 0x00, 0x40, 0xE0, 0x00, 0x00, 0x40, 0xE0, 0x00, 0x00, 0x40, 0xE0,
    0x00, 0x00, 0x40, 0xE0, 0x00, 0x00, 0x40, 0xE0, 0x00, 0x00, 0x40, 0xE0, 0x00, 0x00, 0x40, 0xE0,
    0x00, 0x00, 0x40, 0xE0, 0x00, 0x00, 0x40, 0xE0, 0x00, 0x00, 0x40, 0xE0, 0x00, 0x00, 0x40, 0xE0,
    0x00, 0x00, 0x40, 0xE0, 0x00, 0x00, 0x40, 0xE0, 0x00, 0x00, 0x40, 0xE0, 0x00, 0x00, 0x40, 0xE0,
    0x5A, 0x00, 0xFF, 0xFF, 0x00, 0x0A, 0x10, 0x01, 0x00, 0x7C, 0x01, 0x0D, 0x00, 0x00, 0x00, 0x03,
    0x00, 0x00, 0x00, 0x03, 0x3C, 0x01, 0x00, 0x00, 0x00, 0x00, 0x00, 0x00, 0x00, 0x00, 0x00, 0x00,
    0x5A, 0x11, 0xFF, 0xFF, 0x00, 0x0D, 0x10, 0x02, 0x00, 0xE6, 0x01, 0x32, 0xFF, 0xFF, 0x00, 0xE6,
    0x01, 0x32, 0x02, 0xA1, 0x01, 0x62, 0x00, 0x28, 0x05, 0x05, 0x0F, 0x1E, 0x92, 0x01, 0x00, 0x00,
    0x5A, 0x11, 0xFF, 0xFF, 0x00, 0x0D, 0x20, 0x00, 0x00, 0x80, 0x00, 0xBE, 0xFF, 0xFF, 0x00, 0x80,
    0x00, 0xBE, 0x02, 0xF9, 0x00, 0xE3, 0x00, 0x18, 0x05, 0x05, 0x0E, 0x1C, 0x92, 0x01, 0x00, 0x00,
    0x5A, 0x11, 0xFF, 0xFF, 0x00, 0x0D, 0x21, 0x00, 0x00, 0x80, 0x01, 0x1A, 0xFF, 0xFF, 0x00, 0x80,
    0x01, 0x1A, 0x02, 0xF9, 0x01, 0x3F, 0x00, 0x18, 0x05, 0x05, 0x0E, 0x1C, 0x92, 0x01, 0x00, 0x00,
    0x5A, 0x11, 0xFF, 0xFF, 0x00, 0x0D, 0x22, 0x00, 0x00, 0x80, 0x01, 0x77, 0xFF, 0xFF, 0x00, 0x80,
    0x01, 0x77, 0x02, 0xF9, 0x01, 0x9C, 0x00, 0x18, 0x05, 0x05, 0x0E, 0x1C, 0x92, 0x01, 0x00, 0x00,
    0x5A, 0x02, 0xFF, 0xFF, 0x00, 0x0C, 0xF6, 0x30, 0x00, 0x01, 0x00, 0x05, 0x00, 0x23, 0x01, 0xF2,
    0x00, 0x01, 0x01, 0x0A, 0x00, 0x00, 0x3E, 0x01, 0x00, 0x00, 0x00, 0x00, 0x00, 0x00, 0x00, 0x00,
    0x5A, 0x10, 0xFF, 0xFF, 0x00, 0x0D, 0xF6, 0x30, 0x02, 0x5B, 0x01, 0x21, 0xFF, 0xFF, 0x05, 0x12,
    0x00, 0x01, 0x00, 0x00, 0x00, 0x00, 0x00, 0x00, 0x00, 0x00, 0x00, 0x00, 0x00, 0x00, 0x00, 0x00,
    0xFF, 0xFF, 0xFF, 0xFF, 0xFF, 0xFF, 0xFF, 0xFF, 0xFF, 0xFF, 0xFF, 0xFF, 0xFF, 0xFF, 0xFF, 0xFF,
    0xFF, 0xFF, 0xFF, 0xFF, 0xFF, 0xFF, 0xFF, 0xFF, 0xFF, 0xFF, 0xFF, 0xFF, 0xFF, 0xFF, 0xFF, 0xFF
};

const size_t file_14ShowFile_data_size = sizeof(file_14ShowFile_data);

static dwin_update_file_t file_14ShowFile =
{
    .name = file_14ShowFile_name,
    .data = file_14ShowFile_data,
    .size = file_14ShowFile_data_size,
    .position = 0U
};

dwin_update_file_t *get_file_14ShowFile(void)
{
    return &file_14ShowFile;
}
