#include <stdint.h>
#include <stddef.h>

#include "60.h"

const char file_60_name[] = "60.icl";

const uint8_t file_60_data[] = {
    0x44, 0x47, 0x55, 0x53, 0x5F, 0x33, 0xB7, 0xB6, 0x00, 0x00, 0x51, 0xF0, 0x04, 0x00, 0x03, 0x00,
    0x00, 0x00, 0x00, 0x20, 0x00, 0x00, 0x1B, 0x30, 0x00, 0x00, 0x00, 0x00, 0x00, 0x00, 0x39, 0x4C,
    0x02, 0x28, 0x00, 0x76, 0x02, 0x72, 0x00, 0x00, 0x18, 0x94, 0xFF, 0xD8, 0xFF, 0xE0, 0x00, 0x10,
    0x4A, 0x46, 0x49, 0x46, 0x00, 0x01, 0x01, 0x01, 0x00, 0x60, 0x00, 0x60, 0x00, 0x00, 0xFF, 0xDB,
    0x00, 0x43, 0x00, 0x03, 0x02, 0x02, 0x03, 0x02, 0x02, 0x03, 0x03, 0x03, 0x03, 0x04, 0x03, 0x03,
    0x04, 0x05, 0x08, 0x05, 0x05, 0x04, 0x04, 0x05, 0x0A, 0x07, 0x07, 0x06, 0x08, 0x0C, 0x0A, 0x0C,
    0x0C, 0x0B, 0x0A, 0x0B, 0x0B, 0x0D, 0x0E, 0x12, 0x10, 0x0D, 0x0E, 0x11, 0x0E, 0x0B, 0x0B, 0x10,
    0x16, 0x10, 0x11, 0x13, 0x14, 0x15, 0x15, 0x15, 0x0C, 0x0F, 0x17, 0x18, 0x16, 0x14, 0x18, 0x12,
    0x14, 0x15, 0x14, 0xFF, 0xDB, 0x00, 0x43, 0x01, 0x03, 0x04, 0x04, 0x05, 0x04, 0x05, 0x09, 0x05,
    0x05, 0x09, 0x14, 0x0D, 0x0B, 0x0D, 0x14, 0x14, 0x14, 0x14, 0x14, 0x14, 0x14, 0x14, 0x14, 0x14,
    0x14, 0x14, 0x14, 0x14, 0x14, 0x14, 0x14, 0x14, 0x14, 0x14, 0x14, 0x14, 0x14, 0x14, 0x14, 0x14,
    0x14, 0x14, 0x14, 0x14, 0x14, 0x14, 0x14, 0x14, 0x14, 0x14, 0x14, 0x14, 0x14, 0x14, 0x14, 0x14,
    0x14, 0x14, 0x14, 0x14, 0x14, 0x14, 0x14, 0x14, 0xFF, 0xC0, 0x00, 0x11, 0x08, 0x00, 0x76, 0x02,
    0x28, 0x03, 0x01, 0x22, 0x00, 0x02, 0x11, 0x01, 0x03, 0x11, 0x01, 0xFF, 0xC4, 0x00, 0x1F, 0x00,
    0x00, 0x01, 0x05, 0x01, 0x01, 0x01, 0x01, 0x01, 0x01, 0x00, 0x00, 0x00, 0x00, 0x00, 0x00, 0x00,
    0x00, 0x01, 0x02, 0x03, 0x04, 0x05, 0x06, 0x07, 0x08, 0x09, 0x0A, 0x0B, 0xFF, 0xC4, 0x00, 0xB5,
    0x10, 0x00, 0x02, 0x01, 0x03, 0x03, 0x02, 0x04, 0x03, 0x05, 0x05, 0x04, 0x04, 0x00, 0x00, 0x01,
    0x7D, 0x01, 0x02, 0x03, 0x00, 0x04, 0x11, 0x05, 0x12, 0x21, 0x31, 0x41, 0x06, 0x13, 0x51, 0x61,
    0x07, 0x22, 0x71, 0x14, 0x32, 0x81, 0x91, 0xA1, 0x08, 0x23, 0x42, 0xB1, 0xC1, 0x15, 0x52, 0xD1,
    0xF0, 0x24, 0x33, 0x62, 0x72, 0x82, 0x09, 0x0A, 0x16, 0x17, 0x18, 0x19, 0x1A, 0x25, 0x26, 0x27,
    0x28, 0x29, 0x2A, 0x34, 0x35, 0x36, 0x37, 0x38, 0x39, 0x3A, 0x43, 0x44, 0x45, 0x46, 0x47, 0x48,
    0x49, 0x4A, 0x53, 0x54, 0x55, 0x56, 0x57, 0x58, 0x59, 0x5A, 0x63, 0x64, 0x65, 0x66, 0x67, 0x68,
    0x69, 0x6A, 0x73, 0x74, 0x75, 0x76, 0x77, 0x78, 0x79, 0x7A, 0x83, 0x84, 0x85, 0x86, 0x87, 0x88,
    0x89, 0x8A, 0x92, 0x93, 0x94, 0x95, 0x96, 0x97, 0x98, 0x99, 0x9A, 0xA2, 0xA3, 0xA4, 0xA5, 0xA6,
    0xA7, 0xA8, 0xA9, 0xAA, 0xB2, 0xB3, 0xB4, 0xB5, 0xB6, 0xB7, 0xB8, 0xB9, 0xBA, 0xC2, 0xC3, 0xC4,
    0xC5, 0xC6, 0xC7, 0xC8, 0xC9, 0xCA, 0xD2, 0xD3, 0xD4, 0xD5, 0xD6, 0xD7, 0xD8, 0xD9, 0xDA, 0xE1,
    0xE2, 0xE3, 0xE4, 0xE5, 0xE6, 0xE7, 0xE8, 0xE9, 0xEA, 0xF1, 0xF2, 0xF3, 0xF4, 0xF5, 0xF6, 0xF7,
    0xF8, 0xF9, 0xFA, 0xFF, 0xC4, 0x00, 0x1F, 0x01, 0x00, 0x03, 0x01, 0x01, 0x01, 0x01, 0x01, 0x01,
    0x01, 0x01, 0x01, 0x00, 0x00, 0x00, 0x00, 0x00, 0x00, 0x01, 0x02, 0x03, 0x04, 0x05, 0x06, 0x07,
    0x08, 0x09, 0x0A, 0x0B, 0xFF, 0xC4, 0x00, 0xB5, 0x11, 0x00, 0x02, 0x01, 0x02, 0x04, 0x04, 0x03,
    0x04, 0x07, 0x05, 0x04, 0x04, 0x00, 0x01, 0x02, 0x77, 0x00, 0x01, 0x02, 0x03, 0x11, 0x04, 0x05,
    0x21, 0x31, 0x06, 0x12, 0x41, 0x51, 0x07, 0x61, 0x71, 0x13, 0x22, 0x32, 0x81, 0x08, 0x14, 0x42,
    0x91, 0xA1, 0xB1, 0xC1, 0x09, 0x23, 0x33, 0x52, 0xF0, 0x15, 0x62, 0x72, 0xD1, 0x0A, 0x16, 0x24,
    0x34, 0xE1, 0x25, 0xF1, 0x17, 0x18, 0x19, 0x1A, 0x26, 0x27, 0x28, 0x29, 0x2A, 0x35, 0x36, 0x37,
    0x38, 0x39, 0x3A, 0x43, 0x44, 0x45, 0x46, 0x47, 0x48, 0x49, 0x4A, 0x53, 0x54, 0x55, 0x56, 0x57,
    0x58, 0x59, 0x5A, 0x63, 0x64, 0x65, 0x66, 0x67, 0x68, 0x69, 0x6A, 0x73, 0x74, 0x75, 0x76, 0x77,
    0x78, 0x79, 0x7A, 0x82, 0x83, 0x84, 0x85, 0x86, 0x87, 0x88, 0x89, 0x8A, 0x92, 0x93, 0x94, 0x95,
    0x96, 0x97, 0x98, 0x99, 0x9A, 0xA2, 0xA3, 0xA4, 0xA5, 0xA6, 0xA7, 0xA8, 0xA9, 0xAA, 0xB2, 0xB3,
    0xB4, 0xB5, 0xB6, 0xB7, 0xB8, 0xB9, 0xBA, 0xC2, 0xC3, 0xC4, 0xC5, 0xC6, 0xC7, 0xC8, 0xC9, 0xCA,
    0xD2, 0xD3, 0xD4, 0xD5, 0xD6, 0xD7, 0xD8, 0xD9, 0xDA, 0xE2, 0xE3, 0xE4, 0xE5, 0xE6, 0xE7, 0xE8,
    0xE9, 0xEA, 0xF2, 0xF3, 0xF4, 0xF5, 0xF6, 0xF7, 0xF8, 0xF9, 0xFA, 0xFF, 0xDA, 0x00, 0x0F, 0x03,
    0x01, 0x00, 0x02, 0x11, 0x03, 0x11, 0x00, 0x3F, 0x00, 0x00, 0x00, 0x00, 0xF9, 0xC6, 0xE2, 0x7D,
    0x3B, 0xC1, 0xBA, 0x2D, 0xBE, 0xA9, 0xAA, 0x5B, 0x8B, 0xEB, 0xEB, 0xBC, 0x9B, 0x3D, 0x3D, 0x9B,
    0x0A, 0x54, 0x7F, 0xCB, 0x49, 0x3D, 0xBD, 0x07, 0x7F, 0xE5, 0xCD, 0xCB, 0xF1, 0x9F, 0xC5, 0x3B,
    0xCF, 0xD9, 0x6E, 0xE0, 0xB0, 0x8B, 0xB4, 0x36, 0xD6, 0xB1, 0xEC, 0x5F, 0xA6, 0xE5, 0x27, 0xF5,
    0xA4, 0xF8, 0xCF, 0x2B, 0x7F, 0xC2, 0x7D, 0x79, 0x6D, 0xFF, 0x00, 0x2C, 0xAD, 0x21, 0x86, 0x08,
    0x97, 0xFB, 0xAB, 0xE5, 0xAB, 0x63, 0xF3, 0x63, 0x5C, 0x3D, 0x72, 0xC2, 0x11, 0xAB, 0x15, 0x39,
    0xAB, 0xDF, 0xF0, 0x3D, 0xEC, 0x56, 0x2A, 0xB6, 0x06, 0xAC, 0xB0, 0xB8, 0x59, 0x38, 0x28, 0x3B,
    0x36, 0xB4, 0x72, 0x6B, 0x76, 0xDE, 0xFA, 0xBB, 0xD9, 0x5E, 0xC9, 0x5B, 0x4D, 0xD9, 0xDB, 0x7F,
    0xC2, 0xE7, 0xF1, 0x8F, 0xFD, 0x06, 0x3F, 0xF2, 0x56, 0x1F, 0xFE, 0x22, 0x8F, 0xF8, 0x5C, 0xFE,
    0x31, 0xFF, 0x00, 0xA0, 0xC7, 0xFE, 0x4A, 0xC3, 0xFF, 0x00, 0xC4, 0x57, 0x13, 0x45, 0x5F, 0xB0,
    0xA5, 0xFC, 0x8B, 0xEE, 0x39, 0x7F, 0xB5, 0x31, 0xFF, 0x00, 0xF3, 0xFE, 0x7F, 0xF8, 0x13, 0xFF,
    0x00, 0x33, 0xB6, 0xFF, 0x00, 0x85, 0xCF, 0xE3, 0x1F, 0xFA, 0x0C, 0x7F, 0xE4, 0xAC, 0x3F, 0xFC,
    0x45, 0x1F, 0xF0, 0xB9, 0xFC, 0x63, 0xFF, 0x00, 0x41, 0x8F, 0xFC, 0x95, 0x87, 0xFF, 0x00, 0x88,
    0xAE, 0x26, 0x8A, 0x3D, 0x85, 0x2F, 0xE4, 0x5F, 0x70, 0x7F, 0x6A, 0x63, 0xFF, 0x00, 0xE7, 0xFC,
    0xFF, 0x00, 0xF0, 0x27, 0xFE, 0x67, 0x6D, 0xFF, 0x00, 0x0B, 0x9F, 0xC6, 0x3F, 0xF4, 0x18, 0xFF,
    0x00, 0xC9, 0x58, 0x7F, 0xF8, 0x8A, 0x3F, 0xE1, 0x73, 0xF8, 0xC7, 0xFE, 0x83, 0x1F, 0xF9, 0x2B,
    0x0F, 0xFF, 0x00, 0x11, 0x5C, 0x4D, 0x14, 0x7B, 0x0A, 0x5F, 0xC8, 0xBE, 0xE0, 0xFE, 0xD4, 0xC7,
    0xFF, 0x00, 0xCF, 0xF9, 0xFF, 0x00, 0xE0, 0x4F, 0xFC, 0xCE, 0xDB, 0xFE, 0x17, 0x3F, 0x8C, 0x7F,
    0xE8, 0x31, 0xFF, 0x00, 0x92, 0xB0, 0xFF, 0x00, 0xF1, 0x14, 0x7F, 0xC2, 0xE7, 0xF1, 0x8F, 0xFD,
    0x06, 0x3F, 0xF2, 0x56, 0x1F, 0xFE, 0x22, 0xB8, 0x9A, 0x28, 0xF6, 0x14, 0xBF, 0x91, 0x7D, 0xC1,
    0xFD, 0xA9, 0x8F, 0xFF, 0x00, 0x9F, 0xF3, 0xFF, 0x00, 0xC0, 0x9F, 0xF9, 0x9D, 0xB7, 0xFC, 0x2E,
    0x7F, 0x18, 0xFF, 0x00, 0xD0, 0x63, 0xFF, 0x00, 0x25, 0x61, 0xFF, 0x00, 0xE2, 0x28, 0xFF, 0x00,
    0x85, 0xCF, 0xE3, 0x1F, 0xFA, 0x0C, 0x7F, 0xE4, 0xAC, 0x3F, 0xFC, 0x45, 0x71, 0x34, 0x51, 0xEC,
    0x29, 0x7F, 0x22, 0xFB, 0x83, 0xFB, 0x53, 0x1F, 0xFF, 0x00, 0x3F, 0xE7, 0xFF, 0x00, 0x81, 0x3F,
    0xF3, 0x3B, 0x6F, 0xF8, 0x5C, 0xFE, 0x31, 0xFF, 0x00, 0xA0, 0xC7, 0xFE, 0x4A, 0xC3, 0xFF, 0x00,
    0xC4, 0x51, 0xFF, 0x00, 0x0B, 0x9F, 0xC6, 0x3F, 0xF4, 0x18, 0xFF, 0x00, 0xC9, 0x58, 0x7F, 0xF8,
    0x8A, 0xE2, 0x68, 0xA3, 0xD8, 0x52, 0xFE, 0x45, 0xF7, 0x07, 0xF6, 0xA6, 0x3F, 0xFE, 0x7F, 0xCF,
    0xFF, 0x00, 0x02, 0x7F, 0xE6, 0x76, 0xDF, 0xF0, 0xB9, 0xFC, 0x63, 0xFF, 0x00, 0x41, 0x8F, 0xFC,
    0x95, 0x87, 0xFF, 0x00, 0x88, 0xA3, 0xFE, 0x17, 0x3F, 0x8C, 0x7F, 0xE8, 0x31, 0xFF, 0x00, 0x92,
    0xB0, 0xFF, 0x00, 0xF1, 0x15, 0xC4, 0xD1, 0x47, 0xB0, 0xA5, 0xFC, 0x8B, 0xEE, 0x0F, 0xED, 0x4C,
    0x7F, 0xFC, 0xFF, 0x00, 0x9F, 0xFE, 0x04, 0xFF, 0x00, 0xCC, 0xED, 0xBF, 0xE1, 0x73, 0xF8, 0xC7,
    0xFE, 0x83, 0x1F, 0xF9, 0x2B, 0x0F, 0xFF, 0x00, 0x11, 0x47, 0xFC, 0x2E, 0x7F, 0x18, 0xFF, 0x00,
    0xD0, 0x63, 0xFF, 0x00, 0x25, 0x61, 0xFF, 0x00, 0xE2, 0x2B, 0x89, 0xA2, 0x8F, 0x61, 0x4B, 0xF9,
    0x17, 0xDC, 0x1F, 0xDA, 0x98, 0xFF, 0x00, 0xF9, 0xFF, 0x00, 0x3F, 0xFC, 0x09, 0xFF, 0x00, 0x99,
    0xDB, 0x7F, 0xC2, 0xE7, 0xF1, 0x8F, 0xFD, 0x06, 0x3F, 0xF2, 0x56, 0x1F, 0xFE, 0x22, 0x8F, 0xF8,
    0x5C, 0xFE, 0x31, 0xFF, 0x00, 0xA0, 0xC7, 0xFE, 0x4A, 0xC3, 0xFF, 0x00, 0xC4, 0x57, 0x13, 0x45,
    0x1E, 0xC2, 0x97, 0xF2, 0x2F, 0xB8, 0x3F, 0xB5, 0x31, 0xFF, 0x00, 0xF3, 0xFE, 0x7F, 0xF8, 0x13,
    0xFF, 0x00, 0x33, 0xB6, 0xFF, 0x00, 0x85, 0xCF, 0xE3, 0x1F, 0xFA, 0x0C, 0x7F, 0xE4, 0xAC, 0x3F,
    0xFC, 0x45, 0x1F, 0xF0, 0xB9, 0xFC, 0x63, 0xFF, 0x00, 0x41, 0x8F, 0xFC, 0x95, 0x87, 0xFF, 0x00,
    0x88, 0xAE, 0x26, 0x8A, 0x3D, 0x85, 0x2F, 0xE4, 0x5F, 0x70, 0x7F, 0x6A, 0x63, 0xFF, 0x00, 0xE7,
    0xFC, 0xFF, 0x00, 0xF0, 0x27, 0xFE, 0x67, 0x6D, 0xFF, 0x00, 0x0B, 0x9F, 0xC6, 0x3F, 0xF4, 0x18,
    0xFF, 0x00, 0xC9, 0x58, 0x7F, 0xF8, 0x8A, 0x3F, 0xE1, 0x73, 0xF8, 0xC7, 0xFE, 0x83, 0x1F, 0xF9,
    0x2B, 0x0F, 0xFF, 0x00, 0x11, 0x5C, 0x4D, 0x14, 0x7B, 0x0A, 0x5F, 0xC8, 0xBE, 0xE0, 0xFE, 0xD4,
    0xC7, 0xFF, 0x00, 0xCF, 0xF9, 0xFF, 0x00, 0xE0, 0x4F, 0xFC, 0xCE, 0xDB, 0xFE, 0x17, 0x3F, 0x8C,
    0x7F, 0xE8, 0x31, 0xFF, 0x00, 0x92, 0xB0, 0xFF, 0x00, 0xF1, 0x14, 0x7F, 0xC2, 0xE7, 0xF1, 0x8F,
    0xFD, 0x06, 0x3F, 0xF2, 0x56, 0x1F, 0xFE, 0x22, 0xB8, 0x9A, 0x28, 0xF6, 0x14, 0xBF, 0x91, 0x7D,
    0xC1, 0xFD, 0xA9, 0x8F, 0xFF, 0x00, 0x9F, 0xF3, 0xFF, 0x00, 0xC0, 0x9F, 0xF9, 0x9D, 0xB7, 0xFC,
    0x2E, 0x7F, 0x18, 0xFF, 0x00, 0xD0, 0x63, 0xFF, 0x00, 0x25, 0x61, 0xFF, 0x00, 0xE2, 0x28, 0xFF,
    0x00, 0x85, 0xCF, 0xE3, 0x1F, 0xFA, 0x0C, 0x7F, 0xE4, 0xAC, 0x3F, 0xFC, 0x45, 0x71, 0x34, 0x51,
    0xEC, 0x29, 0x7F, 0x22, 0xFB, 0x83, 0xFB, 0x53, 0x1F, 0xFF, 0x00, 0x3F, 0xE7, 0xFF, 0x00, 0x81,
    0x3F, 0xF3, 0x3B, 0x6F, 0xF8, 0x5C, 0xFE, 0x31, 0xFF, 0x00, 0xA0, 0xC7, 0xFE, 0x4A, 0xC3, 0xFF,
    0x00, 0xC4, 0x51, 0xFF, 0x00, 0x0B, 0x9F, 0xC6, 0x3F, 0xF4, 0x18, 0xFF, 0x00, 0xC9, 0x58, 0x7F,
    0xF8, 0x8A, 0xE2, 0x68, 0xA3, 0xD8, 0x52, 0xFE, 0x45, 0xF7, 0x07, 0xF6, 0xA6, 0x3F, 0xFE, 0x7F,
    0xCF, 0xFF, 0x00, 0x02, 0x7F, 0xE6, 0x76, 0xDF, 0xF0, 0xB9, 0xFC, 0x63, 0xFF, 0x00, 0x41, 0x8F,
    0xFC, 0x95, 0x87, 0xFF, 0x00, 0x88, 0xA3, 0xFE, 0x17, 0x3F, 0x8C, 0x7F, 0xE8, 0x31, 0xFF, 0x00,
    0x92, 0xB0, 0xFF, 0x00, 0xF1, 0x15, 0xC4, 0xD1, 0x47, 0xB0, 0xA5, 0xFC, 0x8B, 0xEE, 0x0F, 0xED,
    0x4C, 0x7F, 0xFC, 0xFF, 0x00, 0x9F, 0xFE, 0x04, 0xFF, 0x00, 0xCC, 0xED, 0xBF, 0xE1, 0x73, 0xF8,
    0xC7, 0xFE, 0x83, 0x1F, 0xF9, 0x2B, 0x0F, 0xFF, 0x00, 0x11, 0x47, 0xFC, 0x2E, 0x7F, 0x18, 0xFF,
    0x00, 0xD0, 0x63, 0xFF, 0x00, 0x25, 0x61, 0xFF, 0x00, 0xE2, 0x2B, 0x89, 0xA2, 0x8F, 0x61, 0x4B,
    0xF9, 0x17, 0xDC, 0x1F, 0xDA, 0x98, 0xFF, 0x00, 0xF9, 0xFF, 0x00, 0x3F, 0xFC, 0x09, 0xFF, 0x00,
    0x99, 0xDB, 0x7F, 0xC2, 0xE7, 0xF1, 0x8F, 0xFD, 0x06, 0x3F, 0xF2, 0x56, 0x1F, 0xFE, 0x22, 0x8F,
    0xF8, 0x5C, 0xFE, 0x31, 0xFF, 0x00, 0xA0, 0xC7, 0xFE, 0x4A, 0xC3, 0xFF, 0x00, 0xC4, 0x57, 0x13,
    0x45, 0x1E, 0xC2, 0x97, 0xF2, 0x2F, 0xB8, 0x3F, 0xB5, 0x31, 0xFF, 0x00, 0xF3, 0xFE, 0x7F, 0xF8,
    0x13, 0xFF, 0x00, 0x33, 0xB6, 0xFF, 0x00, 0x85, 0xCF, 0xE3, 0x1F, 0xFA, 0x0C, 0x7F, 0xE4, 0xAC,
    0x3F, 0xFC, 0x45, 0x1F, 0xF0, 0xB9, 0xFC, 0x63, 0xFF, 0x00, 0x41, 0x8F, 0xFC, 0x95, 0x87, 0xFF,
    0x00, 0x88, 0xAE, 0x26, 0x8A, 0x3D, 0x85, 0x2F, 0xE4, 0x5F, 0x70, 0x7F, 0x6A, 0x63, 0xFF, 0x00,
    0xE7, 0xFC, 0xFF, 0x00, 0xF0, 0x27, 0xFE, 0x67, 0x6D, 0xFF, 0x00, 0x0B, 0x9F, 0xC6, 0x3F, 0xF4,
    0x18, 0xFF, 0x00, 0xC9, 0x58, 0x7F, 0xF8, 0x8A, 0x3F, 0xE1, 0x73, 0xF8, 0xC7, 0xFE, 0x83, 0x1F,
    0xF9, 0x2B, 0x0F, 0xFF, 0x00, 0x11, 0x5C, 0x4D, 0x14, 0x7B, 0x0A, 0x5F, 0xC8, 0xBE, 0xE0, 0xFE,
    0xD4, 0xC7, 0xFF, 0x00, 0xCF, 0xF9, 0xFF, 0x00, 0xE0, 0x4F, 0xFC, 0xCE, 0xDB, 0xFE, 0x17, 0x3F,
    0x8C, 0x7F, 0xE8, 0x31, 0xFF, 0x00, 0x92, 0xB0, 0xFF, 0x00, 0xF1, 0x14, 0x7F, 0xC2, 0xE7, 0xF1,
    0x8F, 0xFD, 0x06, 0x3F, 0xF2, 0x56, 0x1F, 0xFE, 0x22, 0xB8, 0x9A, 0x28, 0xF6, 0x14, 0xBF, 0x91,
    0x7D, 0xC1, 0xFD, 0xA9, 0x8F, 0xFF, 0x00, 0x9F, 0xF3, 0xFF, 0x00, 0xC0, 0x9F, 0xF9, 0x9D, 0xB7,
    0xFC, 0x2E, 0x7F, 0x18, 0xFF, 0x00, 0xD0, 0x63, 0xFF, 0x00, 0x25, 0x61, 0xFF, 0x00, 0xE2, 0x28,
    0xFF, 0x00, 0x85, 0xCF, 0xE3, 0x1F, 0xFA, 0x0C, 0x7F, 0xE4, 0xAC, 0x3F, 0xFC, 0x45, 0x71, 0x34,
    0x51, 0xEC, 0x29, 0x7F, 0x22, 0xFB, 0x83, 0xFB, 0x53, 0x1F, 0xFF, 0x00, 0x3F, 0xE7, 0xFF, 0x00,
    0x81, 0x3F, 0xF3, 0x3B, 0x6F, 0xF8, 0x5C, 0xFE, 0x31, 0xFF, 0x00, 0xA0, 0xC7, 0xFE, 0x4A, 0xC3,
    0xFF, 0x00, 0xC4, 0x51, 0xFF, 0x00, 0x0B, 0x9F, 0xC6, 0x3F, 0xF4, 0x18, 0xFF, 0x00, 0xC9, 0x58,
    0x7F, 0xF8, 0x8A, 0xE2, 0x68, 0xA3, 0xD8, 0x52, 0xFE, 0x45, 0xF7, 0x07, 0xF6, 0xA6, 0x3F, 0xFE,
    0x7F, 0xCF, 0xFF, 0x00, 0x02, 0x7F, 0xE6, 0x76, 0xDF, 0xF0, 0xB9, 0xFC, 0x63, 0xFF, 0x00, 0x41,
    0x8F, 0xFC, 0x95, 0x87, 0xFF, 0x00, 0x88, 0xA3, 0xFE, 0x17, 0x3F, 0x8C, 0x7F, 0xE8, 0x31, 0xFF,
    0x00, 0x92, 0xB0, 0xFF, 0x00, 0xF1, 0x15, 0xC4, 0xD1, 0x47, 0xB0, 0xA5, 0xFC, 0x8B, 0xEE, 0x0F,
    0xED, 0x4C, 0x7F, 0xFC, 0xFF, 0x00, 0x9F, 0xFE, 0x04, 0xFF, 0x00, 0xCC, 0xED, 0xBF, 0xE1, 0x73,
    0xF8, 0xC7, 0xFE, 0x83, 0x1F, 0xF9, 0x2B, 0x0F, 0xFF, 0x00, 0x11, 0x47, 0xFC, 0x2E, 0x7F, 0x18,
    0xFF, 0x00, 0xD0, 0x63, 0xFF, 0x00, 0x25, 0x61, 0xFF, 0x00, 0xE2, 0x2B, 0x89, 0xA2, 0x8F, 0x61,
    0x4B, 0xF9, 0x17, 0xDC, 0x1F, 0xDA, 0x98, 0xFF, 0x00, 0xF9, 0xFF, 0x00, 0x3F, 0xFC, 0x09, 0xFF,
    0x00, 0x99, 0xDB, 0x7F, 0xC2, 0xE7, 0xF1, 0x8F, 0xFD, 0x06, 0x3F, 0xF2, 0x56, 0x1F, 0xFE, 0x22,
    0x8F, 0xF8, 0x5C, 0xFE, 0x31, 0xFF, 0x00, 0xA0, 0xC7, 0xFE, 0x4A, 0xC3, 0xFF, 0x00, 0xC4, 0x57,
    0x13, 0x45, 0x1E, 0xC2, 0x97, 0xF2, 0x2F, 0xB8, 0x3F, 0xB5, 0x31, 0xFF, 0x00, 0xF3, 0xFE, 0x7F,
    0xF8, 0x13, 0xFF, 0x00, 0x33, 0xB6, 0xFF, 0x00, 0x85, 0xCF, 0xE3, 0x1F, 0xFA, 0x0C, 0x7F, 0xE4,
    0xAC, 0x3F, 0xFC, 0x45, 0x1F, 0xF0, 0xB9, 0xFC, 0x63, 0xFF, 0x00, 0x41, 0x8F, 0xFC, 0x95, 0x87,
    0xFF, 0x00, 0x88, 0xAE, 0x26, 0x8A, 0x3D, 0x85, 0x2F, 0xE4, 0x5F, 0x70, 0x7F, 0x6A, 0x63, 0xFF,
    0x00, 0xE7, 0xFC, 0xFF, 0x00, 0xF0, 0x27, 0xFE, 0x67, 0x6D, 0xFF, 0x00, 0x0B, 0x9F, 0xC6, 0x3F,
    0xF4, 0x18, 0xFF, 0x00, 0xC9, 0x58, 0x7F, 0xF8, 0x8A, 0x3F, 0xE1, 0x73, 0xF8, 0xC7, 0xFE, 0x83,
    0x1F, 0xF9, 0x2B, 0x0F, 0xFF, 0x00, 0x11, 0x5C, 0x4D, 0x14, 0x7B, 0x0A, 0x5F, 0xC8, 0xBE, 0xE0,
    0xFE, 0xD4, 0xC7, 0xFF, 0x00, 0xCF, 0xF9, 0xFF, 0x00, 0xE0, 0x4F, 0xFC, 0xCE, 0xDB, 0xFE, 0x17,
    0x3F, 0x8C, 0x7F, 0xE8, 0x31, 0xFF, 0x00, 0x92, 0xB0, 0xFF, 0x00, 0xF1, 0x14, 0x7F, 0xC2, 0xE7,
    0xF1, 0x8F, 0xFD, 0x06, 0x3F, 0xF2, 0x56, 0x1F, 0xFE, 0x22, 0xB8, 0x9A, 0x28, 0xF6, 0x14, 0xBF,
    0x91, 0x7D, 0xC1, 0xFD, 0xA9, 0x8F, 0xFF, 0x00, 0x9F, 0xF3, 0xFF, 0x00, 0xC0, 0x9F, 0xF9, 0x9D,
    0xB7, 0xFC, 0x2E, 0x7F, 0x18, 0xFF, 0x00, 0xD0, 0x63, 0xFF, 0x00, 0x25, 0x61, 0xFF, 0x00, 0xE2,
    0x28, 0xFF, 0x00, 0x85, 0xCF, 0xE3, 0x1F, 0xFA, 0x0C, 0x7F, 0xE4, 0xAC, 0x3F, 0xFC, 0x45, 0x71,
    0x34, 0x51, 0xEC, 0x29, 0x7F, 0x22, 0xFB, 0x83, 0xFB, 0x53, 0x1F, 0xFF, 0x00, 0x3F, 0xE7, 0xFF,
    0x00, 0x81, 0x3F, 0xF3, 0x3B, 0x6F, 0xF8, 0x5C, 0xFE, 0x31, 0xFF, 0x00, 0xA0, 0xC7, 0xFE, 0x4A,
    0xC3, 0xFF, 0x00, 0xC4, 0x51, 0xFF, 0x00, 0x0B, 0x9F, 0xC6, 0x3F, 0xF4, 0x18, 0xFF, 0x00, 0xC9,
    0x58, 0x7F, 0xF8, 0x8A, 0xE2, 0x68, 0xA3, 0xD8, 0x52, 0xFE, 0x45, 0xF7, 0x07, 0xF6, 0xA6, 0x3F,
    0xFE, 0x7F, 0xCF, 0xFF, 0x00, 0x02, 0x7F, 0xE6, 0x76, 0xDF, 0xF0, 0xB9, 0xFC, 0x63, 0xFF, 0x00,
    0x41, 0x8F, 0xFC, 0x95, 0x87, 0xFF, 0x00, 0x88, 0xA3, 0xFE, 0x17, 0x3F, 0x8C, 0x7F, 0xE8, 0x31,
    0xFF, 0x00, 0x92, 0xB0, 0xFF, 0x00, 0xF1, 0x15, 0xC4, 0xD1, 0x47, 0xB0, 0xA5, 0xFC, 0x8B, 0xEE,
    0x0F, 0xED, 0x4C, 0x7F, 0xFC, 0xFF, 0x00, 0x9F, 0xFE, 0x04, 0xFF, 0x00, 0xCC, 0xED, 0xBF, 0xE1,
    0x73, 0xF8, 0xC7, 0xFE, 0x83, 0x1F, 0xF9, 0x2B, 0x0F, 0xFF, 0x00, 0x11, 0x47, 0xFC, 0x2E, 0x7F,
    0x18, 0xFF, 0x00, 0xD0, 0x63, 0xFF, 0x00, 0x25, 0x61, 0xFF, 0x00, 0xE2, 0x2B, 0x89, 0xA2, 0x8F,
    0x61, 0x4B, 0xF9, 0x17, 0xDC, 0x1F, 0xDA, 0x98, 0xFF, 0x00, 0xF9, 0xFF, 0x00, 0x3F, 0xFC, 0x09,
    0xFF, 0x00, 0x99, 0xDB, 0x7F, 0xC2, 0xE7, 0xF1, 0x8F, 0xFD, 0x06, 0x3F, 0xF2, 0x56, 0x1F, 0xFE,
    0x22, 0x90, 0xFC, 0x60, 0xF1, 0x2D, 0xC0, 0x31, 0xDF, 0x4F, 0x6B, 0xA9, 0xDB, 0x9F, 0xBD, 0x6F,
    0x77, 0x67, 0x13, 0x46, 0xDF, 0x50, 0x14, 0x7F, 0x3A, 0xE2, 0xA8, 0xA3, 0xD8, 0x52, 0xFE, 0x55,
    0xF7, 0x07, 0xF6, 0xA6, 0x3F, 0xFE, 0x7F, 0xCB, 0xFF, 0x00, 0x02, 0x6F, 0xF3, 0xB9, 0xAF, 0xE3,
    0x2F, 0x06, 0x68, 0xFE, 0x28, 0xF0, 0xDD, 0xDF, 0x89, 0x7C, 0x35, 0x69, 0xFD, 0x9B, 0x79, 0x63,
    0x86, 0xD4, 0xB4, 0x94, 0x3B, 0xA3, 0x54, 0x3C, 0x79, 0xD1, 0x7A, 0x2E, 0x7A, 0xAF, 0x6F, 0x6C,
    0x72, 0x56, 0xF7, 0xC1, 0xFF, 0x00, 0xF4, 0x8F, 0x1B, 0x41, 0x60, 0xFC, 0xDB, 0xDF, 0xDB, 0xCF,
    0x6D, 0x32, 0xF6, 0x64, 0x31, 0x31, 0xC1, 0xFC, 0x54, 0x51, 0x5C, 0xB3, 0xC4, 0x2C, 0x34, 0xB9,
    0x25, 0xAF, 0x63, 0xDF, 0xC2, 0xE4, 0xD5, 0x33, 0xBA, 0x2B, 0x15, 0x46, 0xD1, 0x6A, 0xEA, 0x5A,
    0x59, 0x36, 0xBA, 0xA4, 0xB6, 0xBA, 0x7A, 0xF4, 0xBE, 0xD6, 0xB8, 0xBF, 0x19, 0xFF, 0x00, 0xE4,
    0xA5, 0x6B, 0x1F, 0xF6, 0xC7, 0xFF, 0x00, 0x44, 0xA5, 0x71, 0x35, 0xDB, 0x7C, 0x67, 0xFF, 0x00,
    0x92, 0x95, 0xAC, 0x7F, 0xDB, 0x1F, 0xFD, 0x12, 0x95, 0xC4, 0xD7, 0x55, 0x0F, 0xE1, 0x43, 0xD1,
    0x1E, 0x06, 0x69, 0xFE, 0xFF, 0x00, 0x5F, 0xFC, 0x72, 0xFC, 0xD8, 0x51, 0x45, 0x15, 0xB9, 0xE5,
    0x85, 0x14, 0x55, 0xCB, 0x3D, 0x26, 0xF3, 0x50, 0xB6, 0xBA, 0xB8, 0xB6, 0xB7, 0x79, 0xE2, 0xB6,
    0x01, 0xA6, 0x29, 0xC9, 0x40, 0x73, 0x82, 0x47, 0x5C, 0x71, 0xD7, 0xA0, 0xEF, 0x49, 0xB5, 0x15,
    0x76, 0x69, 0x0A, 0x73, 0xAB, 0x2E, 0x5A, 0x69, 0xB7, 0xE5, 0xAE, 0xDA, 0xBF, 0xB9, 0x6A, 0x53,
    0xA2, 0x8A, 0x29, 0x99, 0x85, 0x14, 0x51, 0x40, 0x05, 0x14, 0x51, 0x40, 0x05, 0x14, 0x51, 0x40,
    0x05, 0x14, 0x51, 0x40, 0x05, 0x14, 0x51, 0x40, 0x05, 0x14, 0x51, 0x40, 0x05, 0x14, 0x51, 0x40,
    0x05, 0x14, 0x51, 0x40, 0x05, 0x14, 0x51, 0x40, 0x05, 0x14, 0x51, 0x40, 0x05, 0x14, 0x51, 0x40,
    0x05, 0x14, 0x51, 0x40, 0x05, 0x14, 0x51, 0x40, 0x05, 0x14, 0x51, 0x40, 0x05, 0x14, 0x51, 0x40,
    0x05, 0x14, 0x51, 0x40, 0x05, 0x14, 0x51, 0x40, 0x05, 0x14, 0x51, 0x40, 0x05, 0x14, 0x51, 0x40,
    0x05, 0x14, 0x51, 0x40, 0x05, 0x14, 0x51, 0x40, 0x05, 0x14, 0x51, 0x40, 0x05, 0x14, 0x51, 0x40,
    0x05, 0x14, 0x51, 0x40, 0x05, 0x14, 0x51, 0x40, 0x05, 0x14, 0x51, 0x40, 0x05, 0x14, 0x51, 0x40,
    0x05, 0x14, 0x51, 0x40, 0x05, 0x14, 0x51, 0x40, 0x05, 0x14, 0x51, 0x40, 0x1D, 0xB7, 0xC1, 0x8F,
    0xF9, 0x29, 0x5A, 0x3F, 0xFD, 0xB6, 0xFF, 0x00, 0xD1, 0x2F, 0x45, 0x1F, 0x06, 0x3F, 0xE4, 0xA5,
    0x68, 0xFF, 0x00, 0xF6, 0xDB, 0xFF, 0x00, 0x44, 0xBD, 0x15, 0xF3, 0xD9, 0x8F, 0xF1, 0x57, 0xA7,
    0xF9, 0x9F, 0xB1, 0x70, 0x77, 0xFB, 0x84, 0xFF, 0x00, 0xC6, 0xFF, 0x00, 0x28, 0x87, 0xC6, 0x7F,
    0xF9, 0x29, 0x5A, 0xC7, 0xFD, 0xB1, 0xFF, 0x00, 0xD1, 0x29, 0x5C, 0x4D, 0x76, 0xDF, 0x19, 0xFF,
    0x00, 0xE4, 0xA5, 0x6B, 0x1F, 0xF6, 0xC7, 0xFF, 0x00, 0x44, 0xA5, 0x71, 0x35, 0xED, 0x50, 0xFE,
    0x14, 0x3D, 0x11, 0xF9, 0x8E, 0x69, 0xFE, 0xFF, 0x00, 0x5F, 0xFC, 0x72, 0xFC, 0xD8, 0x51, 0x45,
    0x15, 0xB9, 0xE5, 0x85, 0x7A, 0x37, 0xC0, 0x8B, 0xA7, 0x83, 0xC6, 0xCD, 0x1A, 0xFD, 0xD9, 0xAD,
    0x64, 0x56, 0x1F, 0x42, 0xA7, 0xFA, 0x57, 0x9F, 0x1B, 0x69, 0x56, 0xD9, 0x6E, 0x0C, 0x6C, 0x21,
    0x67, 0x28, 0xAE, 0x47, 0x05, 0x80, 0x04, 0x81, 0xF4, 0x04, 0x7E, 0x63, 0xD6, 0xBD, 0x63, 0xE0,
    0x17, 0x87, 0x26, 0x7D, 0x42, 0xF3, 0x5A, 0x91, 0x0A, 0xDB, 0xA4, 0x66, 0xDE, 0x22, 0xC3, 0xEF,
    0xB1, 0x20, 0xB1, 0x1F, 0x40, 0x31, 0xFF, 0x00, 0x02, 0xAF, 0x3B, 0x30, 0x9C, 0x63, 0x85, 0xA9,
    0xCD, 0xDA, 0xDF, 0x33, 0xED, 0xB8, 0x37, 0x0F, 0x5E, 0xAF, 0x10, 0x61, 0x15, 0x24, 0xEE, 0xA4,
    0xA4, 0xFF, 0x00, 0xC2, 0x93, 0x6D, 0xFA, 0x5B, 0xF3, 0x35, 0x7E, 0x28, 0x7C, 0x24, 0x8A, 0xFA,
    0x19, 0xB5, 0x7D, 0x12, 0x11, 0x1D, 0xDA, 0x82, 0xF3, 0x59, 0xC4, 0xBF, 0x2C, 0xBE, 0xAC, 0xA3,
    0xB3, 0x7B, 0x77, 0xFA, 0xF5, 0xF0, 0xE2, 0x31, 0x5F, 0x65, 0x57, 0xCE, 0xDF, 0x1A, 0x3C, 0x26,
    0x9E, 0x1E, 0xF1, 0x1A, 0xDE, 0x5B, 0x47, 0xB2, 0xD2, 0xFC, 0x19, 0x36, 0x81, 0xC2, 0xC8, 0x0F,
    0xCE, 0x07, 0xE6, 0x0F, 0xE2, 0x6B, 0xC8, 0xCA, 0x71, 0xD2, 0x9B, 0xFA, 0xBD, 0x57, 0x7E, 0xCF,
    0xF4, 0xFF, 0x00, 0x23, 0xF4, 0x6F, 0x11, 0x38, 0x52, 0x8E, 0x16, 0x1F, 0xDB, 0x38, 0x18, 0xF2,
    0xAB, 0xDA, 0xA4, 0x56, 0xD7, 0x7B, 0x49, 0x2E, 0x97, 0x7A, 0x49, 0x6D, 0x76, 0x9F, 0x56, 0x79,
    0xED, 0x14, 0x51, 0x5F, 0x50, 0x7E, 0x06, 0x14, 0x51, 0x45, 0x00, 0x14, 0x51, 0x45, 0x00, 0x14,
    0x51, 0x45, 0x00, 0x14, 0x51, 0x45, 0x00, 0x14, 0x51, 0x45, 0x00, 0x14, 0x51, 0x45, 0x00, 0x14,
    0x51, 0x45, 0x00, 0x14, 0x51, 0x45, 0x00, 0x14, 0x51, 0x45, 0x00, 0x14, 0x51, 0x45, 0x00, 0x14,
    0x51, 0x45, 0x00, 0x14, 0x51, 0x45, 0x00, 0x14, 0x51, 0x45, 0x00, 0x14, 0x51, 0x45, 0x00, 0x14,
    0x51, 0x45, 0x00, 0x14, 0x51, 0x45, 0x00, 0x14, 0x51, 0x45, 0x00, 0x14, 0x51, 0x45, 0x00, 0x14,
    0x51, 0x45, 0x00, 0x14, 0x51, 0x45, 0x00, 0x14, 0x51, 0x45, 0x00, 0x14, 0x51, 0x45, 0x00, 0x14,
    0x51, 0x45, 0x00, 0x14, 0x51, 0x45, 0x00, 0x14, 0x51, 0x45, 0x00, 0x14, 0x51, 0x45, 0x00, 0x14,
    0x51, 0x45, 0x00, 0x14, 0x51, 0x45, 0x00, 0x14, 0x51, 0x45, 0x00, 0x76, 0xDF, 0x06, 0x3F, 0xE4,
    0xA5, 0x68, 0xFF, 0x00, 0xF6, 0xDB, 0xFF, 0x00, 0x44, 0xBD, 0x14, 0x7C, 0x18, 0xFF, 0x00, 0x92,
    0x95, 0xA3, 0xFF, 0x00, 0xDB, 0x6F, 0xFD, 0x12, 0xF4, 0x57, 0xCF, 0x66, 0x3F, 0xC5, 0x5E, 0x9F,
    0xE6, 0x7E, 0xC5, 0xC1, 0xDF, 0xEE, 0x13, 0xFF, 0x00, 0x1B, 0xFC, 0xA2, 0x1F, 0x19, 0xFF, 0x00,
    0xE4, 0xA5, 0x6B, 0x1F, 0xF6, 0xC7, 0xFF, 0x00, 0x44, 0xA5, 0x71, 0x35, 0xDB, 0x7C, 0x67, 0xFF,
    0x00, 0x92, 0x95, 0xAC, 0x7F, 0xDB, 0x1F, 0xFD, 0x12, 0x95, 0xC4, 0xD7, 0xB5, 0x43, 0xF8, 0x50,
    0xF4, 0x47, 0xE6, 0x39, 0xA7, 0xFB, 0xFD, 0x7F, 0xF1, 0xCB, 0xF3, 0x61, 0x5A, 0x5E, 0x1D, 0xD0,
    0xE7, 0xF1, 0x26, 0xB7, 0x69, 0xA6, 0xDB, 0x7F, 0xAD, 0xB8, 0x7D, 0xBB, 0xBB, 0x28, 0xEA, 0x58,
    0xFB, 0x00, 0x09, 0xFC, 0x2B, 0x36, 0xBD, 0x8B, 0xF6, 0x7D, 0xD0, 0xD5, 0xE5, 0xD4, 0xF5, 0x77,
    0x5C, 0x94, 0xC5, 0xB4, 0x44, 0xF6, 0x27, 0xE6, 0x6F, 0xFD, 0x97, 0xF3, 0x35, 0x96, 0x32, 0xBF,
    0xD5, 0xA8, 0x4A, 0xA7, 0x55, 0xB7, 0xA9, 0xE9, 0x70, 0xDE, 0x53, 0xFD, 0xB7, 0x9A, 0xD0, 0xC0,
    0xBF, 0x86, 0x4E, 0xF2, 0xFF, 0x00, 0x0A, 0xD6, 0x5F, 0x82, 0xB7, 0xCC, 0x97, 0xC5, 0xBE, 0x01,
    0x86, 0xF7, 0xC5, 0xBE, 0x18, 0xF0, 0xDD, 0xA2, 0x98, 0x74, 0xE8, 0x6D, 0x59, 0xE4, 0x75, 0xFB,
    0xDB, 0x43, 0x7C, 0xEC, 0x7F, 0xDA, 0x38, 0x1C, 0xFA, 0x9A, 0xF5, 0xEB, 0x2B, 0x28, 0x34, 0xEB,
    0x48, 0xAD, 0xAD, 0xA2, 0x58, 0x2D, 0xE2, 0x50, 0xA9, 0x1A, 0x0C, 0x05, 0x15, 0x13, 0xE9, 0xB1,
    0xB6, 0xAD, 0x15, 0xFE, 0x07, 0x9C, 0x90, 0x3C, 0x19, 0xF5, 0x0C, 0xCA, 0xDF, 0xCD, 0x7F, 0x5A,
    0xA9, 0xE2, 0x9F, 0x10, 0xC7, 0xE1, 0x5D, 0x12, 0x7D, 0x4E, 0x68, 0x5A, 0x68, 0x20, 0x64, 0x0E,
    0xA8, 0x70, 0xD8, 0x67, 0x0B, 0x91, 0xEB, 0x8C, 0xF4, 0xAF, 0x85, 0xAB, 0x5A, 0xA6, 0x25, 0x53,
    0xA4, 0xB5, 0xB7, 0xE2, 0xDB, 0x67, 0xF5, 0xAE, 0x03, 0x2B, 0xC1, 0xE4, 0x53, 0xC6, 0x63, 0xE4,
    0x94, 0x54, 0x9D, 0xEF, 0x6F, 0x86, 0x9C, 0x23, 0x14, 0x92, 0xEC, 0x95, 0x9B, 0x6B, 0xF3, 0x35,
    0xAB, 0xCF, 0x7E, 0x35, 0xE8, 0xB2, 0xEB, 0x5E, 0x1A, 0xB2, 0x4B, 0x68, 0x8C, 0xD7, 0x6B, 0x7A,
    0x8B, 0x1A, 0xA8, 0xC9, 0x3B, 0x83, 0x0C, 0x7E, 0xA3, 0xF2, 0xAE, 0xD3, 0x45, 0xD6, 0xAC, 0xFC,
    0x41, 0xA7, 0x45, 0x7D, 0x61, 0x3A, 0xCF, 0x6D, 0x20, 0xE1, 0x87, 0x50, 0x7B, 0x82, 0x3B, 0x11,
    0xE9, 0x57, 0x48, 0x04, 0x8A, 0xC6, 0x8D, 0x49, 0x61, 0xAB, 0x29, 0xDB, 0x58, 0xBD, 0x8F, 0x4F,
    0x31, 0xC1, 0xD0, 0xCF, 0x32, 0xEA, 0x98, 0x5E, 0x7F, 0x72, 0xAC, 0x7E, 0x25, 0x67, 0xA3, 0xB3,
    0xBA, 0xE9, 0xD3, 0x43, 0xE7, 0xDF, 0x8B, 0x9F, 0x0F, 0x8F, 0x86, 0xA5, 0xB7, 0xD4, 0xED, 0x13,
    0x36, 0x93, 0xAA, 0xA4, 0xE1, 0x47, 0x09, 0x28, 0x1C, 0x9F, 0xA3, 0x63, 0x3F, 0x5C, 0xFA, 0x8A,
    0xF3, 0x7A, 0xFA, 0xF7, 0x5B, 0xD2, 0x2D, 0xF5, 0xED, 0x2A, 0xEB, 0x4F, 0xBA, 0x50, 0xD0, 0x5C,
    0x46, 0x51, 0xB8, 0xE9, 0xE8, 0x47, 0xB8, 0x38, 0x23, 0xE9, 0x5F, 0x24, 0xDF, 0x59, 0xC9, 0xA7,
    0xDE, 0xDC, 0x5A, 0xCC, 0x31, 0x2C, 0x12, 0x34, 0x4E, 0x3D, 0xD4, 0xE0, 0xFF, 0x00, 0x2A, 0xFB,
    0x0C, 0xAB, 0x16, 0xF1, 0x14, 0xDC, 0x27, 0xF1, 0x47, 0xF2, 0xFE, 0xB4, 0x3F, 0x9A, 0x3C, 0x42,
    0xE1, 0xDA, 0x79, 0x36, 0x3A, 0x18, 0xAC, 0x32, 0xB5, 0x2A, 0xD7, 0xD3, 0xB4, 0x95, 0xAE, 0xBD,
    0x1A, 0xF7, 0x97, 0xCC, 0x82, 0x8A, 0x28, 0xAF, 0x70, 0xFC, 0xA0, 0x28, 0xA2, 0x8A, 0x00, 0x28,
    0xA2, 0x8A, 0x00, 0x28, 0xA2, 0x8A, 0x00, 0x28, 0xA2, 0x8A, 0x00, 0x28, 0xA2, 0x8A, 0x00, 0x28,
    0xA2, 0x8A, 0x00, 0x28, 0xA2, 0x8A, 0x00, 0x28, 0xA2, 0x8A, 0x00, 0x28, 0xA2, 0x8A, 0x00, 0x28,
    0xA2, 0x8A, 0x00, 0x28, 0xA2, 0x8A, 0x00, 0x28, 0xA2, 0x8A, 0x00, 0x28, 0xA2, 0x8A, 0x00, 0x28,
    0xA2, 0x8A, 0x00, 0x28, 0xA2, 0x8A, 0x00, 0x28, 0xA2, 0x8A, 0x00, 0x28, 0xA2, 0x8A, 0x00, 0x28,
    0xA2, 0x8A, 0x00, 0x28, 0xA2, 0x8A, 0x00, 0x28, 0xA2, 0x8A, 0x00, 0x28, 0xA2, 0x8A, 0x00, 0x28,
    0xA2, 0x8A, 0x00, 0x28, 0xA2, 0x8A, 0x00, 0x28, 0xA2, 0x8A, 0x00, 0x28, 0xA2, 0x8A, 0x00, 0x28,
    0xA2, 0x8A, 0x00, 0x28, 0xA2, 0x8A, 0x00, 0x28, 0xA2, 0x8A, 0x00, 0xED, 0xBE, 0x0C, 0x7F, 0xC9,
    0x4A, 0xD1, 0xFF, 0x00, 0xED, 0xB7, 0xFE, 0x89, 0x7A, 0x28, 0xF8, 0x31, 0xFF, 0x00, 0x25, 0x2B,
    0x47, 0xFF, 0x00, 0xB6, 0xDF, 0xFA, 0x25, 0xE8, 0xAF, 0x9E, 0xCC, 0x7F, 0x8A, 0xBD, 0x3F, 0xCC,
    0xFD, 0x8B, 0x83, 0xBF, 0xDC, 0x27, 0xFE, 0x37, 0xF9, 0x44, 0x3E, 0x33, 0xFF, 0x00, 0xC9, 0x4A,
    0xD6, 0x3F, 0xED, 0x8F, 0xFE, 0x89, 0x4A, 0xE2, 0x6B, 0xB6, 0xF8, 0xCF, 0xFF, 0x00, 0x25, 0x2B,
    0x58, 0xFF, 0x00, 0xB6, 0x3F, 0xFA, 0x25, 0x2B, 0x89, 0xAF, 0x6A, 0x87, 0xF0, 0xA1, 0xE8, 0x8F,
    0xCC, 0x73, 0x4F, 0xF7, 0xFA, 0xFF, 0x00, 0xE3, 0x97, 0xE6, 0xC2, 0xBE, 0x84, 0xF8, 0x0C, 0x50,
    0xF8, 0x26, 0x5D, 0xBF, 0x78, 0x5E, 0x49, 0xBF, 0xEB, 0xB5, 0x3F, 0xA6, 0x2B, 0xE7, 0xBA, 0xF5,
    0xAF, 0x80, 0x7E, 0x25, 0x8E, 0xD3, 0x50, 0xBC, 0xD1, 0x66, 0x7D, 0xBF, 0x6A, 0xC4, 0xD0, 0x64,
    0xF0, 0x5D, 0x47, 0xCC, 0x3E, 0xA4, 0x60, 0xFF, 0x00, 0xC0, 0x4D, 0x79, 0xF9, 0xAD, 0x37, 0x53,
    0x0B, 0x2E, 0x5E, 0x96, 0x67, 0xDA, 0x78, 0x7B, 0x8C, 0xA5, 0x83, 0xE2, 0x0A, 0x5E, 0xD5, 0xD9,
    0x4D, 0x4A, 0x09, 0xF9, 0xC9, 0x2B, 0x7D, 0xED, 0x5B, 0xE6, 0x8F, 0x71, 0xAF, 0x2B, 0xF8, 0xED,
    0xE2, 0xA8, 0x2D, 0x74, 0x54, 0xD0, 0xE2, 0x70, 0xF7, 0x57, 0x2C, 0xAF, 0x2A, 0x83, 0xF7, 0x23,
    0x52, 0x08, 0xCF, 0xB9, 0x20, 0x63, 0xE8, 0x6B, 0xD0, 0xBC, 0x49, 0xAA, 0x9D, 0x0F, 0xC3, 0xFA,
    0x8E, 0xA0, 0x00, 0x66, 0xB6, 0x81, 0xE4, 0x55, 0x3D, 0x0B, 0x00, 0x70, 0x3F, 0x3C, 0x57, 0xC9,
    0xB7, 0xB7, 0xB3, 0xEA, 0x37, 0x72, 0xDC, 0xDC, 0xCA, 0xD3, 0xDC, 0x4A, 0xC5, 0x9E, 0x47, 0x39,
    0x2C, 0x6B, 0xC0, 0xCA, 0x70, 0x9E, 0xDA, 0xA7, 0xB6, 0x96, 0xD1, 0xFC, 0xCF, 0xD7, 0xFC, 0x46,
    0xE2, 0x27, 0x96, 0x60, 0xFF, 0x00, 0xB3, 0x28, 0xAF, 0x7E, 0xBC, 0x5D, 0xDF, 0x68, 0x5E, 0xCF,
    0xE7, 0x2D, 0xBC, 0x95, 0xDF, 0x63, 0xD0, 0x3E, 0x07, 0xF8, 0x92, 0x5D, 0x33, 0xC5, 0x23, 0x4C,
    0x67, 0x3F, 0x64, 0xBF, 0x56, 0x1B, 0x0F, 0x41, 0x22, 0x82, 0x43, 0x7E, 0x40, 0x8F, 0xC4, 0x7A,
    0x57, 0xD0, 0x95, 0xF2, 0xEF, 0xC2, 0xF8, 0x1A, 0xE3, 0xC7, 0xBA, 0x32, 0xAE, 0x7E, 0x59, 0x4B,
    0x93, 0xE8, 0x15, 0x49, 0x3F, 0xA0, 0xAF, 0x7A, 0xF0, 0xD7, 0x8F, 0xAC, 0x7C, 0x4F, 0xAF, 0x6A,
    0xDA, 0x6D, 0xA9, 0x0D, 0xF6, 0x32, 0x0C, 0x72, 0xAB, 0x64, 0x4C, 0xBD, 0x18, 0x8F, 0xA3, 0x71,
    0xEE, 0x08, 0xAD, 0x33, 0x7A, 0x0D, 0xD6, 0xF6, 0x90, 0x5D, 0x2E, 0xFE, 0xFB, 0x1C, 0x9E, 0x1B,
    0x66, 0xB1, 0x86, 0x57, 0x1C, 0x26, 0x2A, 0xA5, 0x9B, 0xA9, 0x28, 0xD3, 0x4F, 0xAF, 0xBA, 0xA6,
    0xD2, 0xF2, 0x5A, 0xF9, 0x6B, 0x6E, 0xB6, 0x3A, 0x8A, 0xF9, 0x4F, 0xC7, 0xC5, 0x0F, 0x8D, 0xB5,
    0xCF, 0x2F, 0x1B, 0x7E, 0xD9, 0x2F, 0x4F, 0x5D, 0xC7, 0x3F, 0xAE, 0x6B, 0xE9, 0xBF, 0x11, 0x6B,
    0x70, 0x78, 0x73, 0x44, 0xBB, 0xD4, 0x6E, 0x08, 0x11, 0xC0, 0x85, 0xB0, 0x4E, 0x37, 0x37, 0x45,
    0x5F, 0xC4, 0xE0, 0x7E, 0x35, 0xF2, 0x55, 0xDD, 0xCC, 0x97, 0xB7, 0x53, 0x5C, 0x4A, 0x77, 0x4B,
    0x33, 0x99, 0x1C, 0xFA, 0x92, 0x72, 0x6B, 0x6C, 0x8E, 0x9B, 0xE6, 0x9D, 0x4E, 0x9A, 0x2F, 0xD4,
    0xF3, 0x7C, 0x57, 0xC6, 0x52, 0xF6, 0x58, 0x5C, 0x12, 0x7E, 0xFD, 0xE5, 0x37, 0xE4, 0xAD, 0xCA,
    0xBE, 0xF7, 0x7F, 0xB8, 0x8A, 0x8A, 0x28, 0xAF, 0xAC, 0x3F, 0x9D, 0x42, 0x8A, 0x28, 0xA0, 0x02,
    0x8A, 0x28, 0xA0, 0x02, 0x8A, 0x28, 0xA0, 0x02, 0x8A, 0x28, 0xA0, 0x02, 0x8A, 0x28, 0xA0, 0x02,
    0x8A, 0x28, 0xA0, 0x02, 0x8A, 0x28, 0xA0, 0x02, 0x8A, 0x28, 0xA0, 0x02, 0x8A, 0x28, 0xA0, 0x02,
    0x8A, 0x28, 0xA0, 0x02, 0x8A, 0x28, 0xA0, 0x02, 0x8A, 0x28, 0xA0, 0x02, 0x8A, 0x28, 0xA0, 0x02,
    0x8A, 0x28, 0xA0, 0x02, 0x8A, 0x28, 0xA0, 0x02, 0x8A, 0x28, 0xA0, 0x02, 0x8A, 0x28, 0xA0, 0x02,
    0x8A, 0x28, 0xA0, 0x02, 0x8A, 0x28, 0xA0, 0x02, 0x8A, 0x28, 0xA0, 0x02, 0x8A, 0x28, 0xA0, 0x02,
    0x8A, 0x28, 0xA0, 0x02, 0x8A, 0x28, 0xA0, 0x02, 0x8A, 0x28, 0xA0, 0x02, 0x8A, 0x28, 0xA0, 0x02,
    0x8A, 0x28, 0xA0, 0x02, 0x8A, 0x28, 0xA0, 0x02, 0x8A, 0x28, 0xA0, 0x0E, 0xDB, 0xE0, 0xC7, 0xFC,
    0x94, 0xAD, 0x1F, 0xFE, 0xDB, 0x7F, 0xE8, 0x97, 0xA2, 0x8F, 0x83, 0x1F, 0xF2, 0x52, 0xB4, 0x7F,
    0xFB, 0x6D, 0xFF, 0x00, 0xA2, 0x5E, 0x8A, 0xF9, 0xEC, 0xC7, 0xF8, 0xAB, 0xD3, 0xFC, 0xCF, 0xD8,
    0xB8, 0x3B, 0xFD, 0xC2, 0x7F, 0xE3, 0x7F, 0x94, 0x43, 0xE3, 0x3F, 0xFC, 0x94, 0xAD, 0x63, 0xFE,
    0xD8, 0xFF, 0x00, 0xE8, 0x94, 0xAE, 0x26, 0xBB, 0x6F, 0x8C, 0xFF, 0x00, 0xF2, 0x52, 0xB5, 0x8F,
    0xFB, 0x63, 0xFF, 0x00, 0xA2, 0x52, 0xB8, 0x9A, 0xF6, 0xA8, 0x7F, 0x0A, 0x1E, 0x88, 0xFC, 0xC7,
    0x34, 0xFF, 0x00, 0x7F, 0xAF, 0xFE, 0x39, 0x7E, 0x6C, 0x2A, 0x5B, 0x6B, 0x99, 0x6C, 0xAE, 0x62,
    0xB8, 0x82, 0x46, 0x8A, 0x68, 0x98, 0x3A, 0x3A, 0x9C, 0x15, 0x20, 0xE4, 0x11, 0x51, 0x51, 0x5B,
    0xB5, 0x7D, 0x19, 0xE6, 0xC6, 0x4E, 0x2D, 0x4A, 0x2E, 0xCD, 0x1E, 0xEB, 0xA3, 0x7C, 0x49, 0xB1,
    0xF1, 0xEF, 0x85, 0xEF, 0x74, 0x5D, 0x42, 0x44, 0xB1, 0xD5, 0xE7, 0xB6, 0x78, 0x54, 0xB9, 0x0B,
    0x1C, 0xCE, 0x54, 0xED, 0x2A, 0x7B, 0x1C, 0xE3, 0x83, 0xF8, 0x66, 0xBC, 0x32, 0x44, 0x68, 0x9D,
    0x91, 0xD4, 0xAB, 0xA9, 0x20, 0x83, 0xD4, 0x1A, 0x6D, 0x15, 0xC7, 0x87, 0xC2, 0xC3, 0x0C, 0xE5,
    0xEC, 0xF6, 0x7A, 0xDB, 0xB1, 0xF4, 0xB9, 0xCE, 0x7F, 0x89, 0xCF, 0x69, 0xD0, 0xFA, 0xEA, 0x4E,
    0xA5, 0x24, 0xE3, 0xCD, 0xD6, 0x49, 0xB4, 0xD7, 0x32, 0xDA, 0xE9, 0xF5, 0x5B, 0xDF, 0x55, 0x71,
    0xF1, 0xCA, 0xF1, 0x12, 0x51, 0xD9, 0x09, 0x05, 0x49, 0x53, 0x8C, 0x83, 0xD4, 0x57, 0x7F, 0xF0,
    0x63, 0x53, 0xB3, 0xD0, 0x75, 0xBD, 0x47, 0x53, 0xD4, 0x2E, 0x92, 0xD6, 0xD2, 0x1B, 0x43, 0x19,
    0x67, 0x3C, 0xB3, 0x33, 0xA9, 0x00, 0x0E, 0xA4, 0xE1, 0x4F, 0x03, 0xD2, 0xBC, 0xF6, 0x8A, 0xD6,
    0xBD, 0x25, 0x5E, 0x9C, 0xA9, 0xB7, 0x6B, 0x9E, 0x76, 0x55, 0x98, 0xCF, 0x2A, 0xC6, 0xD2, 0xC6,
    0xC2, 0x3C, 0xCE, 0x9B, 0xBA, 0x4E, 0xF6, 0xBD, 0x9A, 0x57, 0xB7, 0xAD, 0xDF, 0x7B, 0x1D, 0xBF,
    0xC4, 0x9F, 0x89, 0x13, 0x78, 0xDA, 0xED, 0x60, 0x81, 0x5A, 0xDF, 0x4A, 0x85, 0xB7, 0x47, 0x13,
    0x7D, 0xE7, 0x6E, 0x9B, 0x9B, 0xDF, 0xD0, 0x76, 0xAE, 0x22, 0x8A, 0x29, 0xD2, 0xA5, 0x0A, 0x10,
    0x54, 0xE9, 0xAB, 0x24, 0x67, 0x98, 0xE6, 0x38, 0x9C, 0xD7, 0x15, 0x3C, 0x66, 0x32, 0x7C, 0xD3,
    0x96, 0xEF, 0xF2, 0x49, 0x74, 0x4B, 0xA2, 0x0A, 0x28, 0xA2, 0xB6, 0x3C, 0xD0, 0xA2, 0x8A, 0x28,
    0x00, 0xA2, 0x8A, 0x28, 0x00, 0xA2, 0x8A, 0x28, 0x00, 0xA2, 0x8A, 0x28, 0x00, 0xA2, 0x8A, 0x28,
    0x00, 0xA2, 0x8A, 0x28, 0x00, 0xA2, 0x8A, 0x28, 0x00, 0xA2, 0x8A, 0x28, 0x00, 0xA2, 0x8A, 0x28,
    0x00, 0xA2, 0x8A, 0x28, 0x00, 0xA2, 0x8A, 0x28, 0x00, 0xA2, 0x8A, 0x28, 0x00, 0xA2, 0x8A, 0x28,
    0x00, 0xA2, 0x8A, 0x28, 0x00, 0xA2, 0x8A, 0x28, 0x00, 0xA2, 0x8A, 0x28, 0x00, 0xA2, 0x8A, 0x28,
    0x00, 0xA2, 0x8A, 0x28, 0x00, 0xA2, 0x8A, 0x28, 0x00, 0xA2, 0x8A, 0x28, 0x00, 0xA2, 0x8A, 0x28,
    0x00, 0xA2, 0x8A, 0x28, 0x00, 0xA2, 0x8A, 0x28, 0x00, 0xA2, 0x8A, 0x28, 0x00, 0xA2, 0x8A, 0x28,
    0x00, 0xA2, 0x8A, 0x28, 0x00, 0xA2, 0x8A, 0x28, 0x00, 0xA2, 0x8A, 0x28, 0x03, 0xB6, 0xF8, 0x31,
    0xFF, 0x00, 0x25, 0x2B, 0x47, 0xFF, 0x00, 0xB6, 0xDF, 0xFA, 0x25, 0xE8, 0xA3, 0xE0, 0xC7, 0xFC,
    0x94, 0xAD, 0x1F, 0xFE, 0xDB, 0x7F, 0xE8, 0x97, 0xA2, 0xBE, 0x7B, 0x31, 0xFE, 0x2A, 0xF4, 0xFF,
    0x00, 0x33, 0xF6, 0x2E, 0x0E, 0xFF, 0x00, 0x70, 0x9F, 0xF8, 0xDF, 0xE5, 0x10, 0xF8, 0xCF, 0xFF,
    0x00, 0x25, 0x2B, 0x58, 0xFF, 0x00, 0xB6, 0x3F, 0xFA, 0x25, 0x2B, 0x89, 0xAE, 0xD7, 0xE2, 0x91,
    0xFE, 0xD5, 0xD5, 0x2C, 0x7C, 0x47, 0x09, 0xF3, 0x2C, 0xF5, 0x9B, 0x48, 0xA7, 0x47, 0x5E, 0x81,
    0xD5, 0x02, 0x3A, 0x7D, 0x41, 0x51, 0x9F, 0xAD, 0x71, 0x55, 0xED, 0x50, 0xFE, 0x14, 0x7D, 0x0F,
    0xCC, 0x73, 0x45, 0xFE, 0xDD, 0x59, 0xF7, 0x93, 0x6B, 0xD1, 0xEA, 0x9F, 0xCD, 0x34, 0x14, 0x51,
    0x45, 0x6E, 0x79, 0x61, 0x45, 0x14, 0x50, 0x01, 0x45, 0x14, 0x50, 0x01, 0x45, 0x14, 0x50, 0x01,
    0x45, 0x14, 0x50, 0x01, 0x45, 0x14, 0x50, 0x01, 0x45, 0x14, 0x50, 0x01, 0x45, 0x14, 0x50, 0x01,
    0x45, 0x14, 0x50, 0x01, 0x45, 0x14, 0x50, 0x01, 0x45, 0x14, 0x50, 0x01, 0x45, 0x14, 0x50, 0x01,
    0x45, 0x14, 0x50, 0x01, 0x45, 0x14, 0x50, 0x01, 0x45, 0x14, 0x50, 0x01, 0x45, 0x14, 0x50, 0x01,
    0x45, 0x14, 0x50, 0x01, 0x45, 0x14, 0x50, 0x01, 0x45, 0x14, 0x50, 0x01, 0x45, 0x14, 0x50, 0x01,
    0x45, 0x14, 0x50, 0x01, 0x45, 0x14, 0x50, 0x01, 0x45, 0x14, 0x50, 0x01, 0x45, 0x14, 0x50, 0x01,
    0x45, 0x14, 0x50, 0x01, 0x45, 0x14, 0x50, 0x01, 0x45, 0x14, 0x50, 0x01, 0x45, 0x14, 0x50, 0x01,
    0x45, 0x14, 0x50, 0x01, 0x45, 0x14, 0x50, 0x01, 0x45, 0x14, 0x50, 0x01, 0x45, 0x14, 0x50, 0x01,
    0x45, 0x14, 0x50, 0x07, 0x6D, 0xF0, 0x63, 0xFE, 0x4A, 0x56, 0x8F, 0xFF, 0x00, 0x6D, 0xBF, 0xF4,
    0x4B, 0xD1, 0x49, 0xF0, 0xB4, 0xFF, 0x00, 0x64, 0xEA, 0xB7, 0xDE, 0x24, 0x9B, 0xE4, 0xB2, 0xD1,
    0xAD, 0x25, 0x9D, 0xE4, 0x3D, 0x0B, 0xB2, 0x14, 0x44, 0xFA, 0xB1, 0x27, 0x1F, 0x4A, 0x2B, 0xC4,
    0xC6, 0x51, 0x9D, 0x6A, 0xBE, 0xE2, 0xBD, 0x91, 0xFA, 0x8F, 0x0D, 0xE6, 0x18, 0x6C, 0xBB, 0x03,
    0x6C, 0x54, 0xF9, 0x5C, 0xA4, 0xDA, 0xF3, 0x5A, 0x2B, 0xFD, 0xE8, 0xE4, 0x3C, 0x11, 0xF1, 0x19,
    0x34, 0x2D, 0x36, 0x5D, 0x0F, 0x5A, 0xB1, 0xFE, 0xD7, 0xF0, 0xFC, 0xCF, 0xE6, 0x79, 0x21, 0xB6,
    0xCB, 0x6E, 0xFF, 0x00, 0xDF, 0x89, 0xBB, 0x1F, 0x6E, 0x87, 0xF1, 0x39, 0xF5, 0x8D, 0x1F, 0xE0,
    0x8E, 0x9D, 0xE2, 0x9B, 0x18, 0xF5, 0x0D, 0x33, 0x5A, 0xBA, 0xB6, 0xB4, 0x94, 0x06, 0x48, 0xEE,
    0xED, 0x55, 0xE4, 0x00, 0x8E, 0xE5, 0x5C, 0x0A, 0x28, 0xAE, 0x8C, 0x5C, 0xA5, 0x41, 0x73, 0xD3,
    0x76, 0x6C, 0xF1, 0xF8, 0x7A, 0x8D, 0x2C, 0xD2, 0xA3, 0xC3, 0xE3, 0x22, 0xA7, 0x18, 0x2D, 0x3A,
    0x35, 0xAE, 0xD7, 0x4D, 0x3B, 0x79, 0x3B, 0xDB, 0xA5, 0x8B, 0xBF, 0xF0, 0xCD, 0xDF, 0xF5, 0x31,
    0x7F, 0xE4, 0x8F, 0xFF, 0x00, 0x6C, 0xA3, 0xFE, 0x19, 0xBB, 0xFE, 0xA6, 0x2F, 0xFC, 0x91, 0xFF,
    0x00, 0xED, 0x94, 0x51, 0x5E, 0x57, 0xD7, 0x6B, 0xFF, 0x00, 0x37, 0xE0, 0x8F, 0xBB, 0xFF, 0x00,
    0x56, 0xB2, 0xAF, 0xF9, 0xF3, 0xFF, 0x00, 0x93, 0x4B, 0xFC, 0xC3, 0xFE, 0x19, 0xBB, 0xFE, 0xA6,
    0x2F, 0xFC, 0x91, 0xFF, 0x00, 0xED, 0x94, 0x7F, 0xC3, 0x37, 0x7F, 0xD4, 0xC5, 0xFF, 0x00, 0x92,
    0x3F, 0xFD, 0xB2, 0x8A, 0x28, 0xFA, 0xED, 0x7F, 0xE6, 0xFC, 0x10, 0x7F, 0xAB, 0x59, 0x57, 0xFC,
    0xF9, 0xFF, 0x00, 0xC9, 0xA5, 0xFE, 0x61, 0xFF, 0x00, 0x0C, 0xDD, 0xFF, 0x00, 0x53, 0x17, 0xFE,
    0x48, 0xFF, 0x00, 0xF6, 0xCA, 0x3F, 0xE1, 0x9B, 0xBF, 0xEA, 0x62, 0xFF, 0x00, 0xC9, 0x1F, 0xFE,
    0xD9, 0x45, 0x14, 0x7D, 0x76, 0xBF, 0xF3, 0x7E, 0x08, 0x3F, 0xD5, 0xAC, 0xAB, 0xFE, 0x7C, 0xFF,
    0x00, 0xE4, 0xD2, 0xFF, 0x00, 0x30, 0xFF, 0x00, 0x86, 0x6E, 0xFF, 0x00, 0xA9, 0x8B, 0xFF, 0x00,
    0x24, 0x7F, 0xFB, 0x65, 0x1F, 0xF0, 0xCD, 0xDF, 0xF5, 0x31, 0x7F, 0xE4, 0x8F, 0xFF, 0x00, 0x6C,
    0xA2, 0x8A, 0x3E, 0xBB, 0x5F, 0xF9, 0xBF, 0x04, 0x1F, 0xEA, 0xD6, 0x55, 0xFF, 0x00, 0x3E, 0x7F,
    0xF2, 0x69, 0x7F, 0x98, 0x7F, 0xC3, 0x37, 0x7F, 0xD4, 0xC5, 0xFF, 0x00, 0x92, 0x3F, 0xFD, 0xB2,
    0x8F, 0xF8, 0x66, 0xEF, 0xFA, 0x98, 0xBF, 0xF2, 0x47, 0xFF, 0x00, 0xB6, 0x51, 0x45, 0x1F, 0x5D,
    0xAF, 0xFC, 0xDF, 0x82, 0x0F, 0xF5, 0x6B, 0x2A, 0xFF, 0x00, 0x9F, 0x3F, 0xF9, 0x34, 0xBF, 0xCC,
    0x3F, 0xE1, 0x9B, 0xBF, 0xEA, 0x62, 0xFF, 0x00, 0xC9, 0x1F, 0xFE, 0xD9, 0x47, 0xFC, 0x33, 0x77,
    0xFD, 0x4C, 0x5F, 0xF9, 0x23, 0xFF, 0x00, 0xDB, 0x28, 0xA2, 0x8F, 0xAE, 0xD7, 0xFE, 0x6F, 0xC1,
    0x07, 0xFA, 0xB5, 0x95, 0x7F, 0xCF, 0x9F, 0xFC, 0x9A, 0x5F, 0xE6, 0x1F, 0xF0, 0xCD, 0xDF, 0xF5,
    0x31, 0x7F, 0xE4, 0x8F, 0xFF, 0x00, 0x6C, 0xA3, 0xFE, 0x19, 0xBB, 0xFE, 0xA6, 0x2F, 0xFC, 0x91,
    0xFF, 0x00, 0xED, 0x94, 0x51, 0x47, 0xD7, 0x6B, 0xFF, 0x00, 0x37, 0xE0, 0x83, 0xFD, 0x5A, 0xCA,
    0xBF, 0xE7, 0xCF, 0xFE, 0x4D, 0x2F, 0xF3, 0x0F, 0xF8, 0x66, 0xEF, 0xFA, 0x98, 0xBF, 0xF2, 0x47,
    0xFF, 0x00, 0xB6, 0x51, 0xFF, 0x00, 0x0C, 0xDD, 0xFF, 0x00, 0x53, 0x17, 0xFE, 0x48, 0xFF, 0x00,
    0xF6, 0xCA, 0x28, 0xA3, 0xEB, 0xB5, 0xFF, 0x00, 0x9B, 0xF0, 0x41, 0xFE, 0xAD, 0x65, 0x5F, 0xF3,
    0xE7, 0xFF, 0x00, 0x26, 0x97, 0xF9, 0x87, 0xFC, 0x33, 0x77, 0xFD, 0x4C, 0x5F, 0xF9, 0x23, 0xFF,
    0x00, 0xDB, 0x28, 0xFF, 0x00, 0x86, 0x6E, 0xFF, 0x00, 0xA9, 0x8B, 0xFF, 0x00, 0x24, 0x7F, 0xFB,
    0x65, 0x14, 0x51, 0xF5, 0xDA, 0xFF, 0x00, 0xCD, 0xF8, 0x20, 0xFF, 0x00, 0x56, 0xB2, 0xAF, 0xF9,
    0xF3, 0xFF, 0x00, 0x93, 0x4B, 0xFC, 0xC3, 0xFE, 0x19, 0xBB, 0xFE, 0xA6, 0x2F, 0xFC, 0x91, 0xFF,
    0x00, 0xED, 0x94, 0x7F, 0xC3, 0x37, 0x7F, 0xD4, 0xC5, 0xFF, 0x00, 0x92, 0x3F, 0xFD, 0xB2, 0x8A,
    0x28, 0xFA, 0xED, 0x7F, 0xE6, 0xFC, 0x10, 0x7F, 0xAB, 0x59, 0x57, 0xFC, 0xF9, 0xFF, 0x00, 0xC9,
    0xA5, 0xFE, 0x61, 0xFF, 0x00, 0x0C, 0xDD, 0xFF, 0x00, 0x53, 0x17, 0xFE, 0x48, 0xFF, 0x00, 0xF6,
    0xCA, 0x3F, 0xE1, 0x9B, 0xBF, 0xEA, 0x62, 0xFF, 0x00, 0xC9, 0x1F, 0xFE, 0xD9, 0x45, 0x14, 0x7D,
    0x76, 0xBF, 0xF3, 0x7E, 0x08, 0x3F, 0xD5, 0xAC, 0xAB, 0xFE, 0x7C, 0xFF, 0x00, 0xE4, 0xD2, 0xFF,
    0x00, 0x30, 0xFF, 0x00, 0x86, 0x6E, 0xFF, 0x00, 0xA9, 0x8B, 0xFF, 0x00, 0x24, 0x7F, 0xFB, 0x65,
    0x1F, 0xF0, 0xCD, 0xDF, 0xF5, 0x31, 0x7F, 0xE4, 0x8F, 0xFF, 0x00, 0x6C, 0xA2, 0x8A, 0x3E, 0xBB,
    0x5F, 0xF9, 0xBF, 0x04, 0x1F, 0xEA, 0xD6, 0x55, 0xFF, 0x00, 0x3E, 0x7F, 0xF2, 0x69, 0x7F, 0x98,
    0x7F, 0xC3, 0x37, 0x7F, 0xD4, 0xC5, 0xFF, 0x00, 0x92, 0x3F, 0xFD, 0xB2, 0x8F, 0xF8, 0x66, 0xEF,
    0xFA, 0x98, 0xBF, 0xF2, 0x47, 0xFF, 0x00, 0xB6, 0x51, 0x45, 0x1F, 0x5D, 0xAF, 0xFC, 0xDF, 0x82,
    0x0F, 0xF5, 0x6B, 0x2A, 0xFF, 0x00, 0x9F, 0x3F, 0xF9, 0x34, 0xBF, 0xCC, 0x3F, 0xE1, 0x9B, 0xBF,
    0xEA, 0x62, 0xFF, 0x00, 0xC9, 0x1F, 0xFE, 0xD9, 0x47, 0xFC, 0x33, 0x77, 0xFD, 0x4C, 0x5F, 0xF9,
    0x23, 0xFF, 0x00, 0xDB, 0x28, 0xA2, 0x8F, 0xAE, 0xD7, 0xFE, 0x6F, 0xC1, 0x07, 0xFA, 0xB5, 0x95,
    0x7F, 0xCF, 0x9F, 0xFC, 0x9A, 0x5F, 0xE6, 0x1F, 0xF0, 0xCD, 0xDF, 0xF5, 0x31, 0x7F, 0xE4, 0x8F,
    0xFF, 0x00, 0x6C, 0xA3, 0xFE, 0x19, 0xBB, 0xFE, 0xA6, 0x2F, 0xFC, 0x91, 0xFF, 0x00, 0xED, 0x94,
    0x51, 0x47, 0xD7, 0x6B, 0xFF, 0x00, 0x37, 0xE0, 0x83, 0xFD, 0x5A, 0xCA, 0xBF, 0xE7, 0xCF, 0xFE,
    0x4D, 0x2F, 0xF3, 0x0F, 0xF8, 0x66, 0xEF, 0xFA, 0x98, 0xBF, 0xF2, 0x47, 0xFF, 0x00, 0xB6, 0x51,
    0xFF, 0x00, 0x0C, 0xDD, 0xFF, 0x00, 0x53, 0x17, 0xFE, 0x48, 0xFF, 0x00, 0xF6, 0xCA, 0x28, 0xA3,
    0xEB, 0xB5, 0xFF, 0x00, 0x9B, 0xF0, 0x41, 0xFE, 0xAD, 0x65, 0x5F, 0xF3, 0xE7, 0xFF, 0x00, 0x26,
    0x97, 0xF9, 0x87, 0xFC, 0x33, 0x77, 0xFD, 0x4C, 0x5F, 0xF9, 0x23, 0xFF, 0x00, 0xDB, 0x28, 0xFF,
    0x00, 0x86, 0x6E, 0xFF, 0x00, 0xA9, 0x8B, 0xFF, 0x00, 0x24, 0x7F, 0xFB, 0x65, 0x14, 0x51, 0xF5,
    0xDA, 0xFF, 0x00, 0xCD, 0xF8, 0x20, 0xFF, 0x00, 0x56, 0xB2, 0xAF, 0xF9, 0xF3, 0xFF, 0x00, 0x93,
    0x4B, 0xFC, 0xC3, 0xFE, 0x19, 0xBB, 0xFE, 0xA6, 0x2F, 0xFC, 0x91, 0xFF, 0x00, 0xED, 0x94, 0x7F,
    0xC3, 0x37, 0x7F, 0xD4, 0xC5, 0xFF, 0x00, 0x92, 0x3F, 0xFD, 0xB2, 0x8A, 0x28, 0xFA, 0xED, 0x7F,
    0xE6, 0xFC, 0x10, 0x7F, 0xAB, 0x59, 0x57, 0xFC, 0xF9, 0xFF, 0x00, 0xC9, 0xA5, 0xFE, 0x61, 0xFF,
    0x00, 0x0C, 0xDD, 0xFF, 0x00, 0x53, 0x17, 0xFE, 0x48, 0xFF, 0x00, 0xF6, 0xCA, 0x3F, 0xE1, 0x9B,
    0xBF, 0xEA, 0x62, 0xFF, 0x00, 0xC9, 0x1F, 0xFE, 0xD9, 0x45, 0x14, 0x7D, 0x76, 0xBF, 0xF3, 0x7E,
    0x08, 0x3F, 0xD5, 0xAC, 0xAB, 0xFE, 0x7C, 0xFF, 0x00, 0xE4, 0xD2, 0xFF, 0x00, 0x30, 0xFF, 0x00,
    0x86, 0x6E, 0xFF, 0x00, 0xA9, 0x8B, 0xFF, 0x00, 0x24, 0x7F, 0xFB, 0x65, 0x1F, 0xF0, 0xCD, 0xDF,
    0xF5, 0x31, 0x7F, 0xE4, 0x8F, 0xFF, 0x00, 0x6C, 0xA2, 0x8A, 0x3E, 0xBB, 0x5F, 0xF9, 0xBF, 0x04,
    0x1F, 0xEA, 0xD6, 0x55, 0xFF, 0x00, 0x3E, 0x7F, 0xF2, 0x69, 0x7F, 0x98, 0x7F, 0xC3, 0x37, 0x7F,
    0xD4, 0xC5, 0xFF, 0x00, 0x92, 0x3F, 0xFD, 0xB2, 0x8F, 0xF8, 0x66, 0xEF, 0xFA, 0x98, 0xBF, 0xF2,
    0x47, 0xFF, 0x00, 0xB6, 0x51, 0x45, 0x1F, 0x5D, 0xAF, 0xFC, 0xDF, 0x82, 0x0F, 0xF5, 0x6B, 0x2A,
    0xFF, 0x00, 0x9F, 0x3F, 0xF9, 0x34, 0xBF, 0xCC, 0x3F, 0xE1, 0x9B, 0xBF, 0xEA, 0x62, 0xFF, 0x00,
    0xC9, 0x1F, 0xFE, 0xD9, 0x47, 0xFC, 0x33, 0x77, 0xFD, 0x4C, 0x5F, 0xF9, 0x23, 0xFF, 0x00, 0xDB,
    0x28, 0xA2, 0x8F, 0xAE, 0xD7, 0xFE, 0x6F, 0xC1, 0x07, 0xFA, 0xB5, 0x95, 0x7F, 0xCF, 0x9F, 0xFC,
    0x9A, 0x5F, 0xE6, 0x1F, 0xF0, 0xCD, 0xDF, 0xF5, 0x31, 0x7F, 0xE4, 0x8F, 0xFF, 0x00, 0x6C, 0xA3,
    0xFE, 0x19, 0xBB, 0xFE, 0xA6, 0x2F, 0xFC, 0x91, 0xFF, 0x00, 0xED, 0x94, 0x51, 0x47, 0xD7, 0x6B,
    0xFF, 0x00, 0x37, 0xE0, 0x83, 0xFD, 0x5A, 0xCA, 0xBF, 0xE7, 0xCF, 0xFE, 0x4D, 0x2F, 0xF3, 0x0F,
    0xF8, 0x66, 0xEF, 0xFA, 0x98, 0xBF, 0xF2, 0x47, 0xFF, 0x00, 0xB6, 0x51, 0xFF, 0x00, 0x0C, 0xDD,
    0xFF, 0x00, 0x53, 0x17, 0xFE, 0x48, 0xFF, 0x00, 0xF6, 0xCA, 0x28, 0xA3, 0xEB, 0xB5, 0xFF, 0x00,
    0x9B, 0xF0, 0x41, 0xFE, 0xAD, 0x65, 0x5F, 0xF3, 0xE7, 0xFF, 0x00, 0x26, 0x97, 0xF9, 0x87, 0xFC,
    0x33, 0x77, 0xFD, 0x4C, 0x5F, 0xF9, 0x23, 0xFF, 0x00, 0xDB, 0x28, 0xFF, 0x00, 0x86, 0x6E, 0xFF,
    0x00, 0xA9, 0x8B, 0xFF, 0x00, 0x24, 0x7F, 0xFB, 0x65, 0x14, 0x51, 0xF5, 0xDA, 0xFF, 0x00, 0xCD,
    0xF8, 0x20, 0xFF, 0x00, 0x56, 0xB2, 0xAF, 0xF9, 0xF3, 0xFF, 0x00, 0x93, 0x4B, 0xFC, 0xC3, 0xFE,
    0x19, 0xBB, 0xFE, 0xA6, 0x2F, 0xFC, 0x91, 0xFF, 0x00, 0xED, 0x94, 0x7F, 0xC3, 0x37, 0x7F, 0xD4,
    0xC5, 0xFF, 0x00, 0x92, 0x3F, 0xFD, 0xB2, 0x8A, 0x28, 0xFA, 0xED, 0x7F, 0xE6, 0xFC, 0x10, 0x7F,
    0xAB, 0x59, 0x57, 0xFC, 0xF9, 0xFF, 0x00, 0xC9, 0xA5, 0xFE, 0x61, 0xFF, 0x00, 0x0C, 0xDD, 0xFF,
    0x00, 0x53, 0x17, 0xFE, 0x48, 0xFF, 0x00, 0xF6, 0xCA, 0x3F, 0xE1, 0x9B, 0xBF, 0xEA, 0x62, 0xFF,
    0x00, 0xC9, 0x1F, 0xFE, 0xD9, 0x45, 0x14, 0x7D, 0x76, 0xBF, 0xF3, 0x7E, 0x08, 0x3F, 0xD5, 0xAC,
    0xAB, 0xFE, 0x7C, 0xFF, 0x00, 0xE4, 0xD2, 0xFF, 0x00, 0x30, 0xFF, 0x00, 0x86, 0x6E, 0xFF, 0x00,
    0xA9, 0x8B, 0xFF, 0x00, 0x24, 0x7F, 0xFB, 0x65, 0x1F, 0xF0, 0xCD, 0xDF, 0xF5, 0x31, 0x7F, 0xE4,
    0x8F, 0xFF, 0x00, 0x6C, 0xA2, 0x8A, 0x3E, 0xBB, 0x5F, 0xF9, 0xBF, 0x04, 0x1F, 0xEA, 0xD6, 0x55,
    0xFF, 0x00, 0x3E, 0x7F, 0xF2, 0x69, 0x7F, 0x98, 0x7F, 0xC3, 0x37, 0x7F, 0xD4, 0xC5, 0xFF, 0x00,
    0x92, 0x3F, 0xFD, 0xB2, 0x8F, 0xF8, 0x66, 0xEF, 0xFA, 0x98, 0xBF, 0xF2, 0x47, 0xFF, 0x00, 0xB6,
    0x51, 0x45, 0x1F, 0x5D, 0xAF, 0xFC, 0xDF, 0x82, 0x0F, 0xF5, 0x6B, 0x2A, 0xFF, 0x00, 0x9F, 0x3F,
    0xF9, 0x34, 0xBF, 0xCC, 0x3F, 0xE1, 0x9B, 0xBF, 0xEA, 0x62, 0xFF, 0x00, 0xC9, 0x1F, 0xFE, 0xD9,
    0x47, 0xFC, 0x33, 0x77, 0xFD, 0x4C, 0x5F, 0xF9, 0x23, 0xFF, 0x00, 0xDB, 0x28, 0xA2, 0x8F, 0xAE,
    0xD7, 0xFE, 0x6F, 0xC1, 0x07, 0xFA, 0xB5, 0x95, 0x7F, 0xCF, 0x9F, 0xFC, 0x9A, 0x5F, 0xE6, 0x1F,
    0xF0, 0xCD, 0xDF, 0xF5, 0x31, 0x7F, 0xE4, 0x8F, 0xFF, 0x00, 0x6C, 0xA3, 0xFE, 0x19, 0xBB, 0xFE,
    0xA6, 0x2F, 0xFC, 0x91, 0xFF, 0x00, 0xED, 0x94, 0x51, 0x47, 0xD7, 0x6B, 0xFF, 0x00, 0x37, 0xE0,
    0x83, 0xFD, 0x5A, 0xCA, 0xBF, 0xE7, 0xCF, 0xFE, 0x4D, 0x2F, 0xF3, 0x0F, 0xF8, 0x66, 0xEF, 0xFA,
    0x98, 0xBF, 0xF2, 0x47, 0xFF, 0x00, 0xB6, 0x51, 0xFF, 0x00, 0x0C, 0xDD, 0xFF, 0x00, 0x53, 0x17,
    0xFE, 0x48, 0xFF, 0x00, 0xF6, 0xCA, 0x28, 0xA3, 0xEB, 0xB5, 0xFF, 0x00, 0x9B, 0xF0, 0x41, 0xFE,
    0xAD, 0x65, 0x5F, 0xF3, 0xE7, 0xFF, 0x00, 0x26, 0x97, 0xF9, 0x87, 0xFC, 0x33, 0x77, 0xFD, 0x4C,
    0x5F, 0xF9, 0x23, 0xFF, 0x00, 0xDB, 0x2A, 0x96, 0xAD, 0xF0, 0x4F, 0x4E, 0xF0, 0xAD, 0xA3, 0x5F,
    0x6A, 0x9A, 0xCD, 0xD5, 0xD5, 0xA2, 0x72, 0xD1, 0xDA, 0x5A, 0xAA, 0x39, 0x1E, 0xC5, 0x9C, 0x8A,
    0x28, 0xAD, 0x29, 0xE2, 0xEB, 0x4E, 0x4A, 0x2E, 0x5B, 0xFA, 0x1C, 0xD8, 0x9E, 0x1F, 0xCB, 0x28,
    0x51, 0x9D, 0x58, 0x51, 0xD5, 0x26, 0xF5, 0x72, 0x7F, 0x85, 0xCF, 0x28, 0xF1, 0xBF, 0xC4, 0x64,
    0xD7, 0x34, 0xC8, 0xF4, 0x3D, 0x16, 0xC7, 0xFB, 0x27, 0xC3, 0xF0, 0xBF, 0x99, 0xE4, 0x96, 0xDD,
    0x2D, 0xC3, 0xFF, 0x00, 0x7E, 0x56, 0xEE, 0x7D, 0x07, 0x41, 0xEF, 0x81, 0x82, 0x8A, 0x2B, 0xE8,
    0x63, 0x15, 0x05, 0x64, 0x7E, 0x3B, 0x5A, 0xBC, 0xF1, 0x33, 0xE7, 0xA8, 0xF5, 0xDB, 0xB2, 0x49,
    0x6C, 0x92, 0x5A, 0x24, 0xBB, 0x1F, 0xFF, 0xD9, 0x00, 0x00, 0x00, 0x00, 0x00, 0x00, 0x00, 0x00,
    0x02, 0x28, 0x00, 0x76, 0x02, 0x72, 0x00, 0x00, 0x1B, 0xA0, 0xFF, 0xD8, 0xFF, 0xE0, 0x00, 0x10,
    0x4A, 0x46, 0x49, 0x46, 0x00, 0x01, 0x01, 0x01, 0x00, 0x60, 0x00, 0x60, 0x00, 0x00, 0xFF, 0xDB,
    0x00, 0x43, 0x00, 0x03, 0x02, 0x02, 0x03, 0x02, 0x02, 0x03, 0x03, 0x03, 0x03, 0x04, 0x03, 0x03,
    0x04, 0x05, 0x08, 0x05, 0x05, 0x04, 0x04, 0x05, 0x0A, 0x07, 0x07, 0x06, 0x08, 0x0C, 0x0A, 0x0C,
    0x0C, 0x0B, 0x0A, 0x0B, 0x0B, 0x0D, 0x0E, 0x12, 0x10, 0x0D, 0x0E, 0x11, 0x0E, 0x0B, 0x0B, 0x10,
    0x16, 0x10, 0x11, 0x13, 0x14, 0x15, 0x15, 0x15, 0x0C, 0x0F, 0x17, 0x18, 0x16, 0x14, 0x18, 0x12,
    0x14, 0x15, 0x14, 0xFF, 0xDB, 0x00, 0x43, 0x01, 0x03, 0x04, 0x04, 0x05, 0x04, 0x05, 0x09, 0x05,
    0x05, 0x09, 0x14, 0x0D, 0x0B, 0x0D, 0x14, 0x14, 0x14, 0x14, 0x14, 0x14, 0x14, 0x14, 0x14, 0x14,
    0x14, 0x14, 0x14, 0x14, 0x14, 0x14, 0x14, 0x14, 0x14, 0x14, 0x14, 0x14, 0x14, 0x14, 0x14, 0x14,
    0x14, 0x14, 0x14, 0x14, 0x14, 0x14, 0x14, 0x14, 0x14, 0x14, 0x14, 0x14, 0x14, 0x14, 0x14, 0x14,
    0x14, 0x14, 0x14, 0x14, 0x14, 0x14, 0x14, 0x14, 0xFF, 0xC0, 0x00, 0x11, 0x08, 0x00, 0x76, 0x02,
    0x28, 0x03, 0x01, 0x22, 0x00, 0x02, 0x11, 0x01, 0x03, 0x11, 0x01, 0xFF, 0xC4, 0x00, 0x1F, 0x00,
    0x00, 0x01, 0x05, 0x01, 0x01, 0x01, 0x01, 0x01, 0x01, 0x00, 0x00, 0x00, 0x00, 0x00, 0x00, 0x00,
    0x00, 0x01, 0x02, 0x03, 0x04, 0x05, 0x06, 0x07, 0x08, 0x09, 0x0A, 0x0B, 0xFF, 0xC4, 0x00, 0xB5,
    0x10, 0x00, 0x02, 0x01, 0x03, 0x03, 0x02, 0x04, 0x03, 0x05, 0x05, 0x04, 0x04, 0x00, 0x00, 0x01,
    0x7D, 0x01, 0x02, 0x03, 0x00, 0x04, 0x11, 0x05, 0x12, 0x21, 0x31, 0x41, 0x06, 0x13, 0x51, 0x61,
    0x07, 0x22, 0x71, 0x14, 0x32, 0x81, 0x91, 0xA1, 0x08, 0x23, 0x42, 0xB1, 0xC1, 0x15, 0x52, 0xD1,
    0xF0, 0x24, 0x33, 0x62, 0x72, 0x82, 0x09, 0x0A, 0x16, 0x17, 0x18, 0x19, 0x1A, 0x25, 0x26, 0x27,
    0x28, 0x29, 0x2A, 0x34, 0x35, 0x36, 0x37, 0x38, 0x39, 0x3A, 0x43, 0x44, 0x45, 0x46, 0x47, 0x48,
    0x49, 0x4A, 0x53, 0x54, 0x55, 0x56, 0x57, 0x58, 0x59, 0x5A, 0x63, 0x64, 0x65, 0x66, 0x67, 0x68,
    0x69, 0x6A, 0x73, 0x74, 0x75, 0x76, 0x77, 0x78, 0x79, 0x7A, 0x83, 0x84, 0x85, 0x86, 0x87, 0x88,
    0x89, 0x8A, 0x92, 0x93, 0x94, 0x95, 0x96, 0x97, 0x98, 0x99, 0x9A, 0xA2, 0xA3, 0xA4, 0xA5, 0xA6,
    0xA7, 0xA8, 0xA9, 0xAA, 0xB2, 0xB3, 0xB4, 0xB5, 0xB6, 0xB7, 0xB8, 0xB9, 0xBA, 0xC2, 0xC3, 0xC4,
    0xC5, 0xC6, 0xC7, 0xC8, 0xC9, 0xCA, 0xD2, 0xD3, 0xD4, 0xD5, 0xD6, 0xD7, 0xD8, 0xD9, 0xDA, 0xE1,
    0xE2, 0xE3, 0xE4, 0xE5, 0xE6, 0xE7, 0xE8, 0xE9, 0xEA, 0xF1, 0xF2, 0xF3, 0xF4, 0xF5, 0xF6, 0xF7,
    0xF8, 0xF9, 0xFA, 0xFF, 0xC4, 0x00, 0x1F, 0x01, 0x00, 0x03, 0x01, 0x01, 0x01, 0x01, 0x01, 0x01,
    0x01, 0x01, 0x01, 0x00, 0x00, 0x00, 0x00, 0x00, 0x00, 0x01, 0x02, 0x03, 0x04, 0x05, 0x06, 0x07,
    0x08, 0x09, 0x0A, 0x0B, 0xFF, 0xC4, 0x00, 0xB5, 0x11, 0x00, 0x02, 0x01, 0x02, 0x04, 0x04, 0x03,
    0x04, 0x07, 0x05, 0x04, 0x04, 0x00, 0x01, 0x02, 0x77, 0x00, 0x01, 0x02, 0x03, 0x11, 0x04, 0x05,
    0x21, 0x31, 0x06, 0x12, 0x41, 0x51, 0x07, 0x61, 0x71, 0x13, 0x22, 0x32, 0x81, 0x08, 0x14, 0x42,
    0x91, 0xA1, 0xB1, 0xC1, 0x09, 0x23, 0x33, 0x52, 0xF0, 0x15, 0x62, 0x72, 0xD1, 0x0A, 0x16, 0x24,
    0x34, 0xE1, 0x25, 0xF1, 0x17, 0x18, 0x19, 0x1A, 0x26, 0x27, 0x28, 0x29, 0x2A, 0x35, 0x36, 0x37,
    0x38, 0x39, 0x3A, 0x43, 0x44, 0x45, 0x46, 0x47, 0x48, 0x49, 0x4A, 0x53, 0x54, 0x55, 0x56, 0x57,
    0x58, 0x59, 0x5A, 0x63, 0x64, 0x65, 0x66, 0x67, 0x68, 0x69, 0x6A, 0x73, 0x74, 0x75, 0x76, 0x77,
    0x78, 0x79, 0x7A, 0x82, 0x83, 0x84, 0x85, 0x86, 0x87, 0x88, 0x89, 0x8A, 0x92, 0x93, 0x94, 0x95,
    0x96, 0x97, 0x98, 0x99, 0x9A, 0xA2, 0xA3, 0xA4, 0xA5, 0xA6, 0xA7, 0xA8, 0xA9, 0xAA, 0xB2, 0xB3,
    0xB4, 0xB5, 0xB6, 0xB7, 0xB8, 0xB9, 0xBA, 0xC2, 0xC3, 0xC4, 0xC5, 0xC6, 0xC7, 0xC8, 0xC9, 0xCA,
    0xD2, 0xD3, 0xD4, 0xD5, 0xD6, 0xD7, 0xD8, 0xD9, 0xDA, 0xE2, 0xE3, 0xE4, 0xE5, 0xE6, 0xE7, 0xE8,
    0xE9, 0xEA, 0xF2, 0xF3, 0xF4, 0xF5, 0xF6, 0xF7, 0xF8, 0xF9, 0xFA, 0xFF, 0xDA, 0x00, 0x0F, 0x03,
    0x01, 0x00, 0x02, 0x11, 0x03, 0x11, 0x00, 0x3F, 0x00, 0x00, 0x00, 0x00, 0xF2, 0x6B, 0x2B, 0x0F,
    0x0D, 0x7C, 0x24, 0xF0, 0x46, 0x9F, 0xE2, 0xEF, 0x17, 0x69, 0xFF, 0x00, 0xDB, 0xBA, 0xCE, 0xAD,
    0xB9, 0xB4, 0x5F, 0x0F, 0x48, 0xFB, 0x62, 0x68, 0x94, 0xE0, 0xDC, 0x4E, 0x47, 0x3B, 0x32, 0x7E,
    0x55, 0xFE, 0x2F, 0x70, 0x49, 0x5E, 0x66, 0xE3, 0xF6, 0xC3, 0xF8, 0x9B, 0x1C, 0x8C, 0x34, 0x9D,
    0x4F, 0x4F, 0xF0, 0xFD, 0xA7, 0xF0, 0xD9, 0x69, 0xBA, 0x5D, 0xB8, 0x89, 0x07, 0x60, 0x37, 0xA3,
    0x1F, 0xD6, 0x93, 0xF6, 0xC3, 0x99, 0xA3, 0xF8, 0xEB, 0xAA, 0x69, 0x4B, 0xC5, 0x9E, 0x91, 0x67,
    0x65, 0x63, 0x6A, 0x9D, 0x92, 0x21, 0x6D, 0x1B, 0x85, 0x1F, 0x8C, 0x8D, 0xF9, 0xD7, 0x8A, 0x57,
    0xCC, 0x60, 0xB0, 0x54, 0x33, 0x2A, 0x10, 0xC6, 0xE3, 0x60, 0xAA, 0x4A, 0xA2, 0xE6, 0x4A, 0x5A,
    0xA8, 0xA7, 0xAA, 0x49, 0x3D, 0x15, 0x95, 0xAE, 0xED, 0x76, 0xEE, 0xEF, 0xB2, 0x3D, 0x6A, 0xF5,
    0xEA, 0x61, 0x6A, 0x3A, 0x14, 0x1F, 0x2A, 0x8E, 0x9A, 0x68, 0xDB, 0x5B, 0xB6, 0xF7, 0xDE, 0xF6,
    0x57, 0xB2, 0x56, 0xD0, 0xF6, 0x8F, 0xF8, 0x6C, 0x7F, 0x8B, 0xFF, 0x00, 0xF4, 0x37, 0xFF, 0x00,
    0xE5, 0x32, 0xCF, 0xFF, 0x00, 0x8C, 0xD1, 0xFF, 0x00, 0x0D, 0x8F, 0xF1, 0x7F, 0xFE, 0x86, 0xFF,
    0x00, 0xFC, 0xA6, 0x59, 0xFF, 0x00, 0xF1, 0x9A, 0xF1, 0x7A, 0x2B, 0xBB, 0xFB, 0x17, 0x2C, 0xFF,
    0x00, 0xA0, 0x5A, 0x7F, 0xF8, 0x04, 0x7F, 0xC8, 0xE7, 0xFA, 0xFE, 0x2F, 0xFE, 0x7E, 0xCB, 0xEF,
    0x67, 0xB4, 0x7F, 0xC3, 0x63, 0xFC, 0x5F, 0xFF, 0x00, 0xA1, 0xBF, 0xFF, 0x00, 0x29, 0x96, 0x7F,
    0xFC, 0x66, 0x8F, 0xF8, 0x6C, 0x7F, 0x8B, 0xFF, 0x00, 0xF4, 0x37, 0xFF, 0x00, 0xE5, 0x32, 0xCF,
    0xFF, 0x00, 0x8C, 0xD7, 0x8B, 0xD1, 0x47, 0xF6, 0x2E, 0x59, 0xFF, 0x00, 0x40, 0xB4, 0xFF, 0x00,
    0xF0, 0x08, 0xFF, 0x00, 0x90, 0x7D, 0x7F, 0x17, 0xFF, 0x00, 0x3F, 0x65, 0xF7, 0xB3, 0xDA, 0x3F,
    0xE1, 0xB1, 0xFE, 0x2F, 0xFF, 0x00, 0xD0, 0xDF, 0xFF, 0x00, 0x94, 0xCB, 0x3F, 0xFE, 0x33, 0x47,
    0xFC, 0x36, 0x3F, 0xC5, 0xFF, 0x00, 0xFA, 0x1B, 0xFF, 0x00, 0xF2, 0x99, 0x67, 0xFF, 0x00, 0xC6,
    0x6B, 0xC5, 0xE8, 0xA3, 0xFB, 0x17, 0x2C, 0xFF, 0x00, 0xA0, 0x5A, 0x7F, 0xF8, 0x04, 0x7F, 0xC8,
    0x3E, 0xBF, 0x8B, 0xFF, 0x00, 0x9F, 0xB2, 0xFB, 0xD9, 0xED, 0x1F, 0xF0, 0xD8, 0xFF, 0x00, 0x17,
    0xFF, 0x00, 0xE8, 0x6F, 0xFF, 0x00, 0xCA, 0x65, 0x9F, 0xFF, 0x00, 0x19, 0xA3, 0xFE, 0x1B, 0x1F,
    0xE2, 0xFF, 0x00, 0xFD, 0x0D, 0xFF, 0x00, 0xF9, 0x4C, 0xB3, 0xFF, 0x00, 0xE3, 0x35, 0xE2, 0xF4,
    0x51, 0xFD, 0x8B, 0x96, 0x7F, 0xD0, 0x2D, 0x3F, 0xFC, 0x02, 0x3F, 0xE4, 0x1F, 0x5F, 0xC5, 0xFF,
    0x00, 0xCF, 0xD9, 0x7D, 0xEC, 0xF6, 0x8F, 0xF8, 0x6C, 0x7F, 0x8B, 0xFF, 0x00, 0xF4, 0x37, 0xFF,
    0x00, 0xE5, 0x32, 0xCF, 0xFF, 0x00, 0x8C, 0xD1, 0xFF, 0x00, 0x0D, 0x8F, 0xF1, 0x7F, 0xFE, 0x86,
    0xFF, 0x00, 0xFC, 0xA6, 0x59, 0xFF, 0x00, 0xF1, 0x9A, 0xF1, 0x7A, 0x28, 0xFE, 0xC5, 0xCB, 0x3F,
    0xE8, 0x16, 0x9F, 0xFE, 0x01, 0x1F, 0xF2, 0x0F, 0xAF, 0xE2, 0xFF, 0x00, 0xE7, 0xEC, 0xBE, 0xF6,
    0x7B, 0x47, 0xFC, 0x36, 0x3F, 0xC5, 0xFF, 0x00, 0xFA, 0x1B, 0xFF, 0x00, 0xF2, 0x99, 0x67, 0xFF,
    0x00, 0xC6, 0x68, 0xFF, 0x00, 0x86, 0xC7, 0xF8, 0xBF, 0xFF, 0x00, 0x43, 0x7F, 0xFE, 0x53, 0x2C,
    0xFF, 0x00, 0xF8, 0xCD, 0x78, 0xBD, 0x14, 0x7F, 0x62, 0xE5, 0x9F, 0xF4, 0x0B, 0x4F, 0xFF, 0x00,
    0x00, 0x8F, 0xF9, 0x07, 0xD7, 0xF1, 0x7F, 0xF3, 0xF6, 0x5F, 0x7B, 0x3D, 0xA3, 0xFE, 0x1B, 0x1F,
    0xE2, 0xFF, 0x00, 0xFD, 0x0D, 0xFF, 0x00, 0xF9, 0x4C, 0xB3, 0xFF, 0x00, 0xE3, 0x34, 0x7F, 0xC3,
    0x63, 0xFC, 0x5F, 0xFF, 0x00, 0xA1, 0xBF, 0xFF, 0x00, 0x29, 0x96, 0x7F, 0xFC, 0x66, 0xBC, 0x5E,
    0x8A, 0x3F, 0xB1, 0x72, 0xCF, 0xFA, 0x05, 0xA7, 0xFF, 0x00, 0x80, 0x47, 0xFC, 0x83, 0xEB, 0xF8,
    0xBF, 0xF9, 0xFB, 0x2F, 0xBD, 0x9E, 0xD1, 0xFF, 0x00, 0x0D, 0x8F, 0xF1, 0x7F, 0xFE, 0x86, 0xFF,
    0x00, 0xFC, 0xA6, 0x59, 0xFF, 0x00, 0xF1, 0x9A, 0x3F, 0xE1, 0xB1, 0xFE, 0x2F, 0xFF, 0x00, 0xD0,
    0xDF, 0xFF, 0x00, 0x94, 0xCB, 0x3F, 0xFE, 0x33, 0x5E, 0x2F, 0x45, 0x1F, 0xD8, 0xB9, 0x67, 0xFD,
    0x02, 0xD3, 0xFF, 0x00, 0xC0, 0x23, 0xFE, 0x41, 0xF5, 0xFC, 0x5F, 0xFC, 0xFD, 0x97, 0xDE, 0xCF,
    0x68, 0xFF, 0x00, 0x86, 0xC7, 0xF8, 0xBF, 0xFF, 0x00, 0x43, 0x7F, 0xFE, 0x53, 0x2C, 0xFF, 0x00,
    0xF8, 0xCD, 0x1F, 0xF0, 0xD8, 0xFF, 0x00, 0x17, 0xFF, 0x00, 0xE8, 0x6F, 0xFF, 0x00, 0xCA, 0x65,
    0x9F, 0xFF, 0x00, 0x19, 0xAF, 0x17, 0xA2, 0x8F, 0xEC, 0x5C, 0xB3, 0xFE, 0x81, 0x69, 0xFF, 0x00,
    0xE0, 0x11, 0xFF, 0x00, 0x20, 0xFA, 0xFE, 0x2F, 0xFE, 0x7E, 0xCB, 0xEF, 0x67, 0xB4, 0x7F, 0xC3,
    0x63, 0xFC, 0x5F, 0xFF, 0x00, 0xA1, 0xBF, 0xFF, 0x00, 0x29, 0x96, 0x7F, 0xFC, 0x66, 0x8F, 0xF8,
    0x6C, 0x7F, 0x8B, 0xFF, 0x00, 0xF4, 0x37, 0xFF, 0x00, 0xE5, 0x32, 0xCF, 0xFF, 0x00, 0x8C, 0xD7,
    0x8B, 0xD1, 0x47, 0xF6, 0x2E, 0x59, 0xFF, 0x00, 0x40, 0xB4, 0xFF, 0x00, 0xF0, 0x08, 0xFF, 0x00,
    0x90, 0x7D, 0x7F, 0x17, 0xFF, 0x00, 0x3F, 0x65, 0xF7, 0xB3, 0xDA, 0x3F, 0xE1, 0xB1, 0xFE, 0x2F,
    0xFF, 0x00, 0xD0, 0xDF, 0xFF, 0x00, 0x94, 0xCB, 0x3F, 0xFE, 0x33, 0x47, 0xFC, 0x36, 0x3F, 0xC5,
    0xFF, 0x00, 0xFA, 0x1B, 0xFF, 0x00, 0xF2, 0x99, 0x67, 0xFF, 0x00, 0xC6, 0x6B, 0xC5, 0xE8, 0xA3,
    0xFB, 0x17, 0x2C, 0xFF, 0x00, 0xA0, 0x5A, 0x7F, 0xF8, 0x04, 0x7F, 0xC8, 0x3E, 0xBF, 0x8B, 0xFF,
    0x00, 0x9F, 0xB2, 0xFB, 0xD9, 0xED, 0x1F, 0xF0, 0xD8, 0xFF, 0x00, 0x17, 0xFF, 0x00, 0xE8, 0x6F,
    0xFF, 0x00, 0xCA, 0x65, 0x9F, 0xFF, 0x00, 0x19, 0xA3, 0xFE, 0x1B, 0x1F, 0xE2, 0xFF, 0x00, 0xFD,
    0x0D, 0xFF, 0x00, 0xF9, 0x4C, 0xB3, 0xFF, 0x00, 0xE3, 0x35, 0xE2, 0xF4, 0x51, 0xFD, 0x8B, 0x96,
    0x7F, 0xD0, 0x2D, 0x3F, 0xFC, 0x02, 0x3F, 0xE4, 0x1F, 0x5F, 0xC5, 0xFF, 0x00, 0xCF, 0xD9, 0x7D,
    0xEC, 0xF6, 0x8F, 0xF8, 0x6C, 0x7F, 0x8B, 0xFF, 0x00, 0xF4, 0x37, 0xFF, 0x00, 0xE5, 0x32, 0xCF,
    0xFF, 0x00, 0x8C, 0xD1, 0xFF, 0x00, 0x0D, 0x8F, 0xF1, 0x7F, 0xFE, 0x86, 0xFF, 0x00, 0xFC, 0xA6,
    0x59, 0xFF, 0x00, 0xF1, 0x9A, 0xF1, 0x7A, 0x28, 0xFE, 0xC5, 0xCB, 0x3F, 0xE8, 0x16, 0x9F, 0xFE,
    0x01, 0x1F, 0xF2, 0x0F, 0xAF, 0xE2, 0xFF, 0x00, 0xE7, 0xEC, 0xBE, 0xF6, 0x7B, 0x47, 0xFC, 0x36,
    0x3F, 0xC5, 0xFF, 0x00, 0xFA, 0x1B, 0xFF, 0x00, 0xF2, 0x99, 0x67, 0xFF, 0x00, 0xC6, 0x68, 0xFF,
    0x00, 0x86, 0xC7, 0xF8, 0xBF, 0xFF, 0x00, 0x43, 0x7F, 0xFE, 0x53, 0x2C, 0xFF, 0x00, 0xF8, 0xCD,
    0x78, 0xBD, 0x14, 0x7F, 0x62, 0xE5, 0x9F, 0xF4, 0x0B, 0x4F, 0xFF, 0x00, 0x00, 0x8F, 0xF9, 0x07,
    0xD7, 0xF1, 0x7F, 0xF3, 0xF6, 0x5F, 0x7B, 0x3D, 0xA3, 0xFE, 0x1B, 0x1F, 0xE2, 0xFF, 0x00, 0xFD,
    0x0D, 0xFF, 0x00, 0xF9, 0x4C, 0xB3, 0xFF, 0x00, 0xE3, 0x34, 0x7F, 0xC3, 0x63, 0xFC, 0x5F, 0xFF,
    0x00, 0xA1, 0xBF, 0xFF, 0x00, 0x29, 0x96, 0x7F, 0xFC, 0x66, 0xBC, 0x5E, 0x8A, 0x3F, 0xB1, 0x72,
    0xCF, 0xFA, 0x05, 0xA7, 0xFF, 0x00, 0x80, 0x47, 0xFC, 0x83, 0xEB, 0xF8, 0xBF, 0xF9, 0xFB, 0x2F,
    0xBD, 0x9E, 0xD1, 0xFF, 0x00, 0x0D, 0x8F, 0xF1, 0x7F, 0xFE, 0x86, 0xFF, 0x00, 0xFC, 0xA6, 0x59,
    0xFF, 0x00, 0xF1, 0x9A, 0x3F, 0xE1, 0xB1, 0xFE, 0x2F, 0xFF, 0x00, 0xD0, 0xDF, 0xFF, 0x00, 0x94,
    0xCB, 0x3F, 0xFE, 0x33, 0x5E, 0x2F, 0x45, 0x1F, 0xD8, 0xB9, 0x67, 0xFD, 0x02, 0xD3, 0xFF, 0x00,
    0xC0, 0x23, 0xFE, 0x41, 0xF5, 0xFC, 0x5F, 0xFC, 0xFD, 0x97, 0xDE, 0xCF, 0x68, 0xFF, 0x00, 0x86,
    0xC7, 0xF8, 0xBF, 0xFF, 0x00, 0x43, 0x7F, 0xFE, 0x53, 0x2C, 0xFF, 0x00, 0xF8, 0xCD, 0x1F, 0xF0,
    0xD8, 0xFF, 0x00, 0x17, 0xFF, 0x00, 0xE8, 0x6F, 0xFF, 0x00, 0xCA, 0x65, 0x9F, 0xFF, 0x00, 0x19,
    0xAF, 0x17, 0xA2, 0x8F, 0xEC, 0x5C, 0xB3, 0xFE, 0x81, 0x69, 0xFF, 0x00, 0xE0, 0x11, 0xFF, 0x00,
    0x20, 0xFA, 0xFE, 0x2F, 0xFE, 0x7E, 0xCB, 0xEF, 0x67, 0xB4, 0x7F, 0xC3, 0x63, 0xFC, 0x5F, 0xFF,
    0x00, 0xA1, 0xBF, 0xFF, 0x00, 0x29, 0x96, 0x7F, 0xFC, 0x66, 0x8F, 0xF8, 0x6C, 0x7F, 0x8B, 0xFF,
    0x00, 0xF4, 0x37, 0xFF, 0x00, 0xE5, 0x32, 0xCF, 0xFF, 0x00, 0x8C, 0xD7, 0x8B, 0xD1, 0x47, 0xF6,
    0x2E, 0x59, 0xFF, 0x00, 0x40, 0xB4, 0xFF, 0x00, 0xF0, 0x08, 0xFF, 0x00, 0x90, 0x7D, 0x7F, 0x17,
    0xFF, 0x00, 0x3F, 0x65, 0xF7, 0xB3, 0xDA, 0x3F, 0xE1, 0xB1, 0xFE, 0x2F, 0xFF, 0x00, 0xD0, 0xDF,
    0xFF, 0x00, 0x94, 0xCB, 0x3F, 0xFE, 0x33, 0x47, 0xFC, 0x36, 0x3F, 0xC5, 0xFF, 0x00, 0xFA, 0x1B,
    0xFF, 0x00, 0xF2, 0x99, 0x67, 0xFF, 0x00, 0xC6, 0x6B, 0xC5, 0xE8, 0xA3, 0xFB, 0x17, 0x2C, 0xFF,
    0x00, 0xA0, 0x5A, 0x7F, 0xF8, 0x04, 0x7F, 0xC8, 0x3E, 0xBF, 0x8B, 0xFF, 0x00, 0x9F, 0xB2, 0xFB,
    0xD9, 0xED, 0x1F, 0xF0, 0xD8, 0xFF, 0x00, 0x17, 0xFF, 0x00, 0xE8, 0x6F, 0xFF, 0x00, 0xCA, 0x65,
    0x9F, 0xFF, 0x00, 0x19, 0xA3, 0xFE, 0x1B, 0x1F, 0xE2, 0xFF, 0x00, 0xFD, 0x0D, 0xFF, 0x00, 0xF9,
    0x4C, 0xB3, 0xFF, 0x00, 0xE3, 0x35, 0xE2, 0xF4, 0x51, 0xFD, 0x8B, 0x96, 0x7F, 0xD0, 0x2D, 0x3F,
    0xFC, 0x02, 0x3F, 0xE4, 0x1F, 0x5F, 0xC5, 0xFF, 0x00, 0xCF, 0xD9, 0x7D, 0xEC, 0xF6, 0x8F, 0xF8,
    0x6C, 0x7F, 0x8B, 0xFF, 0x00, 0xF4, 0x37, 0xFF, 0x00, 0xE5, 0x32, 0xCF, 0xFF, 0x00, 0x8C, 0xD1,
    0xFF, 0x00, 0x0D, 0x8F, 0xF1, 0x7F, 0xFE, 0x86, 0xFF, 0x00, 0xFC, 0xA6, 0x59, 0xFF, 0x00, 0xF1,
    0x9A, 0xF1, 0x7A, 0x28, 0xFE, 0xC5, 0xCB, 0x3F, 0xE8, 0x16, 0x9F, 0xFE, 0x01, 0x1F, 0xF2, 0x0F,
    0xAF, 0xE2, 0xFF, 0x00, 0xE7, 0xEC, 0xBE, 0xF6, 0x7B, 0x47, 0xFC, 0x36, 0x3F, 0xC5, 0xFF, 0x00,
    0xFA, 0x1B, 0xFF, 0x00, 0xF2, 0x99, 0x67, 0xFF, 0x00, 0xC6, 0x68, 0xFF, 0x00, 0x86, 0xC7, 0xF8,
    0xBF, 0xFF, 0x00, 0x43, 0x7F, 0xFE, 0x53, 0x2C, 0xFF, 0x00, 0xF8, 0xCD, 0x78, 0xBD, 0x14, 0x7F,
    0x62, 0xE5, 0x9F, 0xF4, 0x0B, 0x4F, 0xFF, 0x00, 0x00, 0x8F, 0xF9, 0x07, 0xD7, 0xF1, 0x7F, 0xF3,
    0xF6, 0x5F, 0x7B, 0x3D, 0xA3, 0xFE, 0x1B, 0x1F, 0xE2, 0xFF, 0x00, 0xFD, 0x0D, 0xFF, 0x00, 0xF9,
    0x4C, 0xB3, 0xFF, 0x00, 0xE3, 0x34, 0x7F, 0xC3, 0x63, 0xFC, 0x5F, 0xFF, 0x00, 0xA1, 0xBF, 0xFF,
    0x00, 0x29, 0x96, 0x7F, 0xFC, 0x66, 0xBC, 0x5E, 0x8A, 0x3F, 0xB1, 0x72, 0xCF, 0xFA, 0x05, 0xA7,
    0xFF, 0x00, 0x80, 0x47, 0xFC, 0x83, 0xEB, 0xF8, 0xBF, 0xF9, 0xFB, 0x2F, 0xBD, 0x9E, 0xD1, 0xFF,
    0x00, 0x0D, 0x8F, 0xF1, 0x7F, 0xFE, 0x86, 0xFF, 0x00, 0xFC, 0xA6, 0x59, 0xFF, 0x00, 0xF1, 0x9A,
    0x3F, 0xE1, 0xB1, 0xFE, 0x2F, 0xFF, 0x00, 0xD0, 0xDF, 0xFF, 0x00, 0x94, 0xCB, 0x3F, 0xFE, 0x33,
    0x5E, 0x2F, 0x45, 0x1F, 0xD8, 0xB9, 0x67, 0xFD, 0x02, 0xD3, 0xFF, 0x00, 0xC0, 0x23, 0xFE, 0x41,
    0xF5, 0xFC, 0x5F, 0xFC, 0xFD, 0x97, 0xDE, 0xCF, 0x68, 0xFF, 0x00, 0x86, 0xC7, 0xF8, 0xBF, 0xFF,
    0x00, 0x43, 0x7F, 0xFE, 0x53, 0x2C, 0xFF, 0x00, 0xF8, 0xCD, 0x1F, 0xF0, 0xD8, 0xFF, 0x00, 0x17,
    0xFF, 0x00, 0xE8, 0x6F, 0xFF, 0x00, 0xCA, 0x65, 0x9F, 0xFF, 0x00, 0x19, 0xAF, 0x17, 0xA2, 0x8F,
    0xEC, 0x5C, 0xB3, 0xFE, 0x81, 0x69, 0xFF, 0x00, 0xE0, 0x11, 0xFF, 0x00, 0x20, 0xFA, 0xFE, 0x2F,
    0xFE, 0x7E, 0xCB, 0xEF, 0x67, 0xB4, 0x7F, 0xC3, 0x63, 0xFC, 0x5F, 0xFF, 0x00, 0xA1, 0xBF, 0xFF,
    0x00, 0x29, 0x96, 0x7F, 0xFC, 0x66, 0x8F, 0xF8, 0x6C, 0x7F, 0x8B, 0xFF, 0x00, 0xF4, 0x37, 0xFF,
    0x00, 0xE5, 0x32, 0xCF, 0xFF, 0x00, 0x8C, 0xD7, 0x8B, 0xD1, 0x47, 0xF6, 0x2E, 0x59, 0xFF, 0x00,
    0x40, 0xB4, 0xFF, 0x00, 0xF0, 0x08, 0xFF, 0x00, 0x90, 0x7D, 0x7F, 0x17, 0xFF, 0x00, 0x3F, 0x65,
    0xF7, 0xB3, 0xDA, 0x3F, 0xE1, 0xB1, 0xFE, 0x2F, 0xFF, 0x00, 0xD0, 0xDF, 0xFF, 0x00, 0x94, 0xCB,
    0x3F, 0xFE, 0x33, 0x47, 0xFC, 0x36, 0x3F, 0xC5, 0xFF, 0x00, 0xFA, 0x1B, 0xFF, 0x00, 0xF2, 0x99,
    0x67, 0xFF, 0x00, 0xC6, 0x6B, 0xC5, 0xE8, 0xA3, 0xFB, 0x17, 0x2C, 0xFF, 0x00, 0xA0, 0x5A, 0x7F,
    0xF8, 0x04, 0x7F, 0xC8, 0x3E, 0xBF, 0x8B, 0xFF, 0x00, 0x9F, 0xB2, 0xFB, 0xD9, 0xED, 0x1F, 0xF0,
    0xD8, 0xFF, 0x00, 0x17, 0xFF, 0x00, 0xE8, 0x6F, 0xFF, 0x00, 0xCA, 0x65, 0x9F, 0xFF, 0x00, 0x19,
    0xA3, 0xFE, 0x1B, 0x1F, 0xE2, 0xFF, 0x00, 0xFD, 0x0D, 0xFF, 0x00, 0xF9, 0x4C, 0xB3, 0xFF, 0x00,
    0xE3, 0x35, 0xE2, 0xF4, 0x51, 0xFD, 0x8B, 0x96, 0x7F, 0xD0, 0x2D, 0x3F, 0xFC, 0x02, 0x3F, 0xE4,
    0x1F, 0x5F, 0xC5, 0xFF, 0x00, 0xCF, 0xD9, 0x7D, 0xEC, 0xF6, 0x8F, 0xF8, 0x6C, 0x7F, 0x8B, 0xFF,
    0x00, 0xF4, 0x37, 0xFF, 0x00, 0xE5, 0x32, 0xCF, 0xFF, 0x00, 0x8C, 0xD1, 0xFF, 0x00, 0x0D, 0x8F,
    0xF1, 0x7F, 0xFE, 0x86, 0xFF, 0x00, 0xFC, 0xA6, 0x59, 0xFF, 0x00, 0xF1, 0x9A, 0xF1, 0x7A, 0x28,
    0xFE, 0xC5, 0xCB, 0x3F, 0xE8, 0x16, 0x9F, 0xFE, 0x01, 0x1F, 0xF2, 0x0F, 0xAF, 0xE2, 0xFF, 0x00,
    0xE7, 0xEC, 0xBE, 0xF6, 0x7B, 0x47, 0xFC, 0x36, 0x3F, 0xC5, 0xFF, 0x00, 0xFA, 0x1B, 0xFF, 0x00,
    0xF2, 0x99, 0x67, 0xFF, 0x00, 0xC6, 0x68, 0xFF, 0x00, 0x86, 0xC7, 0xF8, 0xBF, 0xFF, 0x00, 0x43,
    0x7F, 0xFE, 0x53, 0x2C, 0xFF, 0x00, 0xF8, 0xCD, 0x78, 0xBD, 0x14, 0x7F, 0x62, 0xE5, 0x9F, 0xF4,
    0x0B, 0x4F, 0xFF, 0x00, 0x00, 0x8F, 0xF9, 0x07, 0xD7, 0xF1, 0x7F, 0xF3, 0xF6, 0x5F, 0x7B, 0x3D,
    0xA3, 0xFE, 0x1B, 0x1F, 0xE2, 0xFF, 0x00, 0xFD, 0x0D, 0xFF, 0x00, 0xF9, 0x4C, 0xB3, 0xFF, 0x00,
    0xE3, 0x34, 0x7F, 0xC3, 0x63, 0xFC, 0x5F, 0xFF, 0x00, 0xA1, 0xBF, 0xFF, 0x00, 0x29, 0x96, 0x7F,
    0xFC, 0x66, 0xBC, 0x5E, 0x8A, 0x3F, 0xB1, 0x72, 0xCF, 0xFA, 0x05, 0xA7, 0xFF, 0x00, 0x80, 0x47,
    0xFC, 0x83, 0xEB, 0xF8, 0xBF, 0xF9, 0xFB, 0x2F, 0xBD, 0x9E, 0xD1, 0xFF, 0x00, 0x0D, 0x8F, 0xF1,
    0x7F, 0xFE, 0x86, 0xFF, 0x00, 0xFC, 0xA6, 0x59, 0xFF, 0x00, 0xF1, 0x9A, 0x3F, 0xE1, 0xB1, 0xFE,
    0x2F, 0xFF, 0x00, 0xD0, 0xDF, 0xFF, 0x00, 0x94, 0xCB, 0x3F, 0xFE, 0x33, 0x5E, 0x2F, 0x45, 0x1F,
    0xD8, 0xB9, 0x67, 0xFD, 0x02, 0xD3, 0xFF, 0x00, 0xC0, 0x23, 0xFE, 0x41, 0xF5, 0xFC, 0x5F, 0xFC,
    0xFD, 0x97, 0xDE, 0xCF, 0x68, 0xFF, 0x00, 0x86, 0xC7, 0xF8, 0xBF, 0xFF, 0x00, 0x43, 0x7F, 0xFE,
    0x53, 0x2C, 0xFF, 0x00, 0xF8, 0xCD, 0x1F, 0xF0, 0xD7, 0x9F, 0x12, 0x6F, 0x41, 0x8B, 0x5A, 0xD4,
    0x34, 0xDF, 0x12, 0x58, 0x37, 0x0F, 0x61, 0xAA, 0xE9, 0x36, 0xCF, 0x04, 0x83, 0x18, 0xC3, 0x05,
    0x45, 0x3F, 0xAD, 0x78, 0xBD, 0x14, 0xBF, 0xB1, 0x72, 0xCF, 0xFA, 0x06, 0x87, 0xFE, 0x02, 0x97,
    0xE2, 0xAC, 0xFF, 0x00, 0x11, 0xFD, 0x7F, 0x17, 0xFF, 0x00, 0x3F, 0x65, 0xF7, 0xB3, 0xD3, 0x3E,
    0x23, 0xFC, 0x38, 0xF0, 0x9F, 0xC5, 0x0F, 0x87, 0xDA, 0x9F, 0x8F, 0xFC, 0x01, 0xA5, 0xFF, 0x00,
    0xC2, 0x3B, 0xAC, 0x68, 0xDB, 0x64, 0xF1, 0x07, 0x85, 0xE2, 0x72, 0xF0, 0x24, 0x2D, 0xC7, 0xDA,
    0xAD, 0x89, 0xE4, 0x26, 0x7E, 0xF2, 0x7F, 0x08, 0xCF, 0x40, 0x32, 0xC5, 0x6E, 0x7E, 0xC8, 0x8C,
    0x6F, 0x3E, 0x36, 0x58, 0xE8, 0x92, 0x1C, 0xD8, 0xEB, 0x96, 0x17, 0xDA, 0x75, 0xE4, 0x7D, 0x9E,
    0x26, 0xB6, 0x91, 0xC8, 0x23, 0xBF, 0x28, 0xB4, 0x57, 0xCB, 0x63, 0x78, 0x82, 0x97, 0x0D, 0xD7,
    0x78, 0x2C, 0x42, 0x94, 0xE2, 0xD2, 0x94, 0x75, 0xBB, 0x49, 0xDD, 0x72, 0xB6, 0xF5, 0x76, 0x6B,
    0x46, 0xF5, 0xB3, 0xB3, 0x6E, 0xD7, 0x3D, 0x7C, 0x3E, 0x5B, 0x3C, 0xD2, 0x9A, 0xAF, 0x4E, 0xD1,
    0x7B, 0x3E, 0xCD, 0xF7, 0x4B, 0xA5, 0xD3, 0xD7, 0xCC, 0x3F, 0x6C, 0x7F, 0xF9, 0x38, 0xFF, 0x00,
    0x17, 0xFF, 0x00, 0xDB, 0x9F, 0xFE, 0x91, 0xC1, 0x5E, 0x2F, 0x5E, 0xD1, 0xFB, 0x63, 0xFF, 0x00,
    0xC9, 0xC7, 0xF8, 0xBF, 0xFE, 0xDC, 0xFF, 0x00, 0xF4, 0x8E, 0x0A, 0xF1, 0x7A, 0xFA, 0xAC, 0x97,
    0xFE, 0x45, 0x98, 0x5F, 0xFA, 0xF7, 0x0F, 0xFD, 0x25, 0x1E, 0x3E, 0x3F, 0xFD, 0xEE, 0xAF, 0xF8,
    0x9F, 0xE6, 0x14, 0x51, 0x45, 0x7B, 0x27, 0x08, 0x51, 0x45, 0x14, 0x00, 0x51, 0x45, 0x14, 0x00,
    0x51, 0x45, 0x14, 0x00, 0x51, 0x45, 0x14, 0x00, 0x51, 0x45, 0x14, 0x00, 0x51, 0x45, 0x14, 0x00,
    0x51, 0x45, 0x14, 0x00, 0x51, 0x45, 0x14, 0x00, 0x51, 0x45, 0x14, 0x00, 0x51, 0x45, 0x14, 0x00,
    0x51, 0x45, 0x14, 0x00, 0x51, 0x45, 0x14, 0x00, 0x51, 0x45, 0x14, 0x00, 0x51, 0x45, 0x14, 0x00,
    0x51, 0x45, 0x14, 0x00, 0x51, 0x45, 0x14, 0x00, 0x51, 0x45, 0x14, 0x00, 0x51, 0x45, 0x14, 0x00,
    0x51, 0x45, 0x14, 0x00, 0x51, 0x45, 0x14, 0x00, 0x51, 0x45, 0x14, 0x00, 0x51, 0x45, 0x14, 0x00,
    0x51, 0x45, 0x14, 0x00, 0x51, 0x45, 0x14, 0x00, 0x51, 0x45, 0x14, 0x00, 0x51, 0x45, 0x14, 0x00,
    0x51, 0x45, 0x14, 0x00, 0x51, 0x45, 0x14, 0x00, 0x51, 0x45, 0x14, 0x00, 0x51, 0x45, 0x14, 0x00,
    0x51, 0x45, 0x14, 0x00, 0x51, 0x45, 0x14, 0x01, 0xED, 0x1F, 0xB1, 0xC7, 0xFC, 0x9C, 0x7F, 0x84,
    0x3F, 0xED, 0xF3, 0xFF, 0x00, 0x48, 0xE7, 0xA2, 0x8F, 0xD8, 0xE3, 0xFE, 0x4E, 0x3F, 0xC2, 0x1F,
    0xF6, 0xF9, 0xFF, 0x00, 0xA4, 0x73, 0xD1, 0x5F, 0x80, 0x71, 0xFF, 0x00, 0xFC, 0x8C, 0xE9, 0xFF,
    0x00, 0xD7, 0xB5, 0xFF, 0x00, 0xA5, 0x48, 0xFD, 0x23, 0x86, 0xFF, 0x00, 0xDD, 0x25, 0xFE, 0x27,
    0xF9, 0x20, 0xFD, 0xB1, 0xFF, 0x00, 0xE4, 0xE3, 0xFC, 0x5F, 0xFF, 0x00, 0x6E, 0x7F, 0xFA, 0x47,
    0x05, 0x78, 0xBD, 0x7B, 0x47, 0xED, 0x8F, 0xFF, 0x00, 0x27, 0x1F, 0xE2, 0xFF, 0x00, 0xFB, 0x73,
    0xFF, 0x00, 0xD2, 0x38, 0x2B, 0xC5, 0xEB, 0xF6, 0x6C, 0x97, 0xFE, 0x45, 0x98, 0x5F, 0xFA, 0xF7,
    0x0F, 0xFD, 0x25, 0x1F, 0x0B, 0x8F, 0xFF, 0x00, 0x7B, 0xAB, 0xFE, 0x27, 0xF9, 0x85, 0x14, 0x51,
    0x5E, 0xC9, 0xC2, 0x15, 0xF4, 0x7F, 0xEC, 0x77, 0xF0, 0x02, 0xD3, 0xE2, 0x96, 0xBD, 0x77, 0xE2,
    0x0F, 0x11, 0x5A, 0x7D, 0xA7, 0xC3, 0x7A, 0x5B, 0x08, 0xD2, 0xDE, 0x4C, 0x84, 0xBA, 0xB8, 0x3C,
    0xED, 0x38, 0x3C, 0xAA, 0x0C, 0x12, 0x3B, 0xEE, 0x51, 0xC8, 0xC8, 0xAF, 0x06, 0xF0, 0xA7, 0x86,
    0x2F, 0xFC, 0x67, 0xE2, 0x4D, 0x37, 0x42, 0xD2, 0xE1, 0xF3, 0xF5, 0x0D, 0x42, 0x75, 0xB7, 0x85,
    0x3B, 0x64, 0x9E, 0xA4, 0xF6, 0x00, 0x72, 0x4F, 0x60, 0x09, 0xAF, 0xD5, 0xFF, 0x00, 0x86, 0x7E,
    0x00, 0xD3, 0xFE, 0x18, 0x78, 0x1F, 0x49, 0xF0, 0xDE, 0x9A, 0xBF, 0xB8, 0xB2, 0x88, 0x2B, 0xCB,
    0x8E, 0x66, 0x94, 0xF2, 0xF2, 0x1F, 0x76, 0x62, 0x4F, 0xB7, 0x41, 0xC0, 0x15, 0xF9, 0xEF, 0x19,
    0x67, 0x6F, 0x2C, 0xC2, 0x2C, 0x3D, 0x09, 0x5A, 0xAD, 0x4E, 0xDB, 0xA8, 0xF5, 0x7E, 0xAF, 0x65,
    0xF3, 0x7D, 0x0F, 0xA5, 0xC8, 0xF0, 0x0B, 0x17, 0x5B, 0xDA, 0xD4, 0x57, 0x84, 0x7F, 0x17, 0xD1,
    0x7E, 0xAF, 0xE4, 0x70, 0xFF, 0x00, 0x16, 0x7F, 0x66, 0x6F, 0x06, 0xFC, 0x40, 0xF0, 0x65, 0xE6,
    0x9F, 0xA7, 0x68, 0x1A, 0x66, 0x8B, 0xAC, 0x47, 0x0B, 0x1B, 0x0B, 0xDB, 0x2B, 0x64, 0xB7, 0x31,
    0xCA, 0x07, 0xCA, 0x18, 0xA0, 0x1B, 0x90, 0x9E, 0x08, 0x39, 0xE0, 0x92, 0x39, 0xAF, 0xCC, 0xCD,
    0x57, 0x4B, 0xBA, 0xD1, 0x35, 0x3B, 0xBD, 0x3E, 0xFA, 0x16, 0xB7, 0xBD, 0xB4, 0x99, 0xE0, 0x9E,
    0x17, 0xEA, 0x8E, 0xA4, 0xAB, 0x29, 0xFA, 0x10, 0x6B, 0xF6, 0x3E, 0x29, 0xE2, 0xB8, 0x2F, 0xE5,
    0x48, 0x92, 0x6C, 0x62, 0x8F, 0xB5, 0x81, 0xDA, 0xC3, 0xA8, 0x3E, 0x87, 0xDA, 0xBE, 0x22, 0xFD,
    0xBB, 0xBE, 0x0D, 0x7F, 0x66, 0xEA, 0x96, 0xFF, 0x00, 0x10, 0x34, 0xB8, 0x31, 0x6D, 0x78, 0x56,
    0xDB, 0x54, 0x58, 0xD7, 0x84, 0x94, 0x0C, 0x47, 0x29, 0xFF, 0x00, 0x78, 0x0D, 0xA4, 0xFA, 0xAA,
    0xF7, 0x6A, 0xF9, 0x0E, 0x0A, 0xCF, 0x6A, 0x53, 0xC4, 0xBC, 0xBF, 0x15, 0x36, 0xD4, 0xFE, 0x16,
    0xDB, 0x76, 0x97, 0x6D, 0x5F, 0xDA, 0x5F, 0x8A, 0xF3, 0x3D, 0xBC, 0xFB, 0x2E, 0x8C, 0xA9, 0x7D,
    0x66, 0x8C, 0x6C, 0xE3, 0xBD, 0xBB, 0x77, 0xD3, 0xB7, 0xE5, 0xE8, 0x7C, 0x87, 0x45, 0x14, 0x57,
    0xEE, 0x27, 0xE7, 0xE1, 0x45, 0x14, 0x50, 0x01, 0x45, 0x14, 0x50, 0x01, 0x45, 0x14, 0x50, 0x01,
    0x45, 0x14, 0x50, 0x01, 0x45, 0x14, 0x50, 0x01, 0x45, 0x14, 0x50, 0x01, 0x45, 0x14, 0x50, 0x01,
    0x45, 0x14, 0x50, 0x01, 0x45, 0x14, 0x50, 0x01, 0x45, 0x14, 0x50, 0x01, 0x45, 0x14, 0x50, 0x01,
    0x45, 0x14, 0x50, 0x01, 0x45, 0x14, 0x50, 0x01, 0x45, 0x14, 0x50, 0x01, 0x45, 0x14, 0x50, 0x01,
    0x45, 0x14, 0x50, 0x01, 0x45, 0x14, 0x50, 0x01, 0x45, 0x14, 0x50, 0x01, 0x45, 0x14, 0x50, 0x01,
    0x45, 0x14, 0x50, 0x01, 0x45, 0x14, 0x50, 0x01, 0x45, 0x14, 0x50, 0x01, 0x45, 0x14, 0x50, 0x01,
    0x45, 0x14, 0x50, 0x01, 0x45, 0x14, 0x50, 0x01, 0x45, 0x14, 0x50, 0x01, 0x45, 0x14, 0x50, 0x01,
    0x45, 0x14, 0x50, 0x01, 0x45, 0x14, 0x50, 0x07, 0xB4, 0x7E, 0xC7, 0x1F, 0xF2, 0x71, 0xFE, 0x10,
    0xFF, 0x00, 0xB7, 0xCF, 0xFD, 0x23, 0x9E, 0x8A, 0x3F, 0x63, 0x8F, 0xF9, 0x38, 0xFF, 0x00, 0x08,
    0x7F, 0xDB, 0xE7, 0xFE, 0x91, 0xCF, 0x45, 0x7E, 0x01, 0xC7, 0xFF, 0x00, 0xF2, 0x33, 0xA7, 0xFF,
    0x00, 0x5E, 0xD7, 0xFE, 0x95, 0x23, 0xF4, 0x8E, 0x1B, 0xFF, 0x00, 0x74, 0x97, 0xF8, 0x9F, 0xE4,
    0x83, 0xF6, 0xC7, 0xFF, 0x00, 0x93, 0x8F, 0xF1, 0x7F, 0xFD, 0xB9, 0xFF, 0x00, 0xE9, 0x1C, 0x15,
    0xE2, 0xF5, 0xED, 0x1F, 0xB6, 0x3F, 0xFC, 0x9C, 0x7F, 0x8B, 0xFF, 0x00, 0xED, 0xCF, 0xFF, 0x00,
    0x48, 0xE0, 0xAF, 0x17, 0xAF, 0xD9, 0xB2, 0x5F, 0xF9, 0x16, 0x61, 0x7F, 0xEB, 0xDC, 0x3F, 0xF4,
    0x94, 0x7C, 0x2E, 0x3F, 0xFD, 0xEE, 0xAF, 0xF8, 0x9F, 0xE6, 0x14, 0x51, 0x5D, 0xCF, 0xC1, 0x6F,
    0x86, 0x37, 0x7F, 0x17, 0x7E, 0x22, 0x69, 0x7E, 0x1E, 0xB6, 0x0C, 0xB6, 0xF2, 0x3F, 0x9D, 0x7B,
    0x3A, 0xFF, 0x00, 0xCB, 0x1B, 0x65, 0x23, 0xCC, 0x7F, 0xAE, 0x08, 0x03, 0xFD, 0xA6, 0x51, 0x5E,
    0x95, 0x7A, 0xF4, 0xF0, 0xD4, 0xA5, 0x5E, 0xAB, 0xB4, 0x62, 0x9B, 0x6F, 0xC9, 0x1C, 0xB4, 0xE9,
    0xCA, 0xAC, 0xD5, 0x38, 0x2B, 0xB7, 0xA2, 0x3E, 0xA4, 0xFD, 0x84, 0x3E, 0x0C, 0x9B, 0x0B, 0x0B,
    0x9F, 0x88, 0x3A, 0xA5, 0xB9, 0x5B, 0x8B, 0x90, 0xD6, 0xBA, 0x5A, 0xC8, 0xBF, 0x76, 0x2E, 0x3C,
    0xC9, 0x86, 0x7F, 0xBC, 0x7E, 0x40, 0x7D, 0x03, 0x76, 0x6A, 0xFA, 0xD3, 0x57, 0x91, 0xA3, 0xD2,
    0x2F, 0x5D, 0x18, 0xA3, 0xAC, 0x0E, 0x43, 0x29, 0xC1, 0x07, 0x69, 0xE4, 0x1A, 0x34, 0x6D, 0x22,
    0xD3, 0xC3, 0xFA, 0x45, 0x96, 0x99, 0x61, 0x0A, 0xDB, 0x58, 0xD9, 0x42, 0x96, 0xF0, 0x44, 0x9D,
    0x11, 0x14, 0x05, 0x51, 0xF8, 0x00, 0x28, 0xD6, 0xFF, 0x00, 0xE4, 0x0B, 0x7F, 0xFF, 0x00, 0x5E,
    0xF2, 0x7F, 0xE8, 0x26, 0xBF, 0x95, 0xF3, 0x5C, 0xCA, 0xA6, 0x6F, 0x8F, 0x96, 0x2A, 0xA7, 0x56,
    0xAC, 0xBB, 0x45, 0x3D, 0x17, 0xDD, 0xBF, 0x9B, 0x67, 0xEB, 0xF8, 0x3C, 0x2C, 0x70, 0x58, 0x65,
    0x46, 0x3D, 0x16, 0xBE, 0x6F, 0xAB, 0x3E, 0x34, 0xFF, 0x00, 0x82, 0x77, 0xDD, 0x4C, 0xFA, 0xA7,
    0x8E, 0x63, 0x69, 0x5D, 0xA3, 0x68, 0xAD, 0x24, 0x2A, 0x58, 0x90, 0x5B, 0x74, 0xBC, 0xFD, 0x7D,
    0xEB, 0xEB, 0xFF, 0x00, 0x17, 0xF8, 0x57, 0x4E, 0xF1, 0xC7, 0x86, 0x35, 0x2D, 0x07, 0x55, 0x87,
    0xCF, 0xD3, 0xF5, 0x08, 0x5A, 0x09, 0x57, 0xA1, 0xC1, 0xE8, 0x41, 0xEC, 0x41, 0xC1, 0x07, 0xB1,
    0x02, 0xBE, 0x3C, 0xFF, 0x00, 0x82, 0x75, 0xFF, 0x00, 0xC8, 0x6B, 0xC7, 0x1F, 0xF5, 0xEF, 0x69,
    0xFF, 0x00, 0xA1, 0x4B, 0x5F, 0x6E, 0x57, 0xB9, 0xC5, 0xF2, 0x95, 0x2C, 0xF6, 0xAC, 0xE0, 0xEC,
    0xD7, 0x23, 0x4D, 0x77, 0x51, 0x5A, 0x9E, 0x7E, 0x48, 0x94, 0xF2, 0xE8, 0x46, 0x5A, 0xA7, 0x7F,
    0xCD, 0x9F, 0x90, 0xDF, 0x11, 0xFC, 0x07, 0xA8, 0x7C, 0x33, 0xF1, 0xB6, 0xAB, 0xE1, 0xBD, 0x4D,
    0x7F, 0xD2, 0x6C, 0x66, 0x28, 0x24, 0x03, 0xE5, 0x95, 0x0F, 0x29, 0x22, 0xFB, 0x32, 0x90, 0x7F,
    0x1C, 0x75, 0xAE, 0x6A, 0xBE, 0xFB, 0xFD, 0xB8, 0xBE, 0x0C, 0xFF, 0x00, 0xC2, 0x5B, 0xE1, 0x18,
    0xBC, 0x69, 0xA6, 0x40, 0x5F, 0x56, 0xD1, 0x13, 0x65, 0xDA, 0xA2, 0xE5, 0xA6, 0xB4, 0x27, 0x24,
    0xFF, 0x00, 0xDB, 0x32, 0x4B, 0x7F, 0xBA, 0xCE, 0x7B, 0x0A, 0xF8, 0x12, 0xBF, 0x70, 0xE1, 0xFC,
    0xDA, 0x39, 0xCE, 0x02, 0x18, 0x8F, 0xB6, 0xB4, 0x92, 0xED, 0x25, 0xFA, 0x3D, 0xD7, 0xAF, 0x91,
    0xF0, 0x19, 0x96, 0x09, 0xE0, 0x71, 0x12, 0xA7, 0xF6, 0x77, 0x5E, 0x9F, 0xF0, 0x36, 0x0A, 0x28,
    0xA2, 0xBE, 0x8C, 0xF2, 0xC2, 0x8A, 0x28, 0xA0, 0x02, 0x8A, 0x28, 0xA0, 0x02, 0x8A, 0x28, 0xA0,
    0x02, 0x8A, 0x28, 0xA0, 0x02, 0x8A, 0x28, 0xA0, 0x02, 0x8A, 0x28, 0xA0, 0x02, 0x8A, 0x28, 0xA0,
    0x02, 0x8A, 0x28, 0xA0, 0x02, 0x8A, 0x28, 0xA0, 0x02, 0x8A, 0x28, 0xA0, 0x02, 0x8A, 0x28, 0xA0,
    0x02, 0x8A, 0x28, 0xA0, 0x02, 0x8A, 0x28, 0xA0, 0x02, 0x8A, 0x28, 0xA0, 0x02, 0x8A, 0x28, 0xA0,
    0x02, 0x8A, 0x28, 0xA0, 0x02, 0x8A, 0x28, 0xA0, 0x02, 0x8A, 0x28, 0xA0, 0x02, 0x8A, 0x28, 0xA0,
    0x02, 0x8A, 0x28, 0xA0, 0x02, 0x8A, 0x28, 0xA0, 0x02, 0x8A, 0x28, 0xA0, 0x02, 0x8A, 0x28, 0xA0,
    0x02, 0x8A, 0x28, 0xA0, 0x02, 0x8A, 0x28, 0xA0, 0x02, 0x8A, 0x28, 0xA0, 0x02, 0x8A, 0x28, 0xA0,
    0x02, 0x8A, 0x28, 0xA0, 0x0F, 0x68, 0xFD, 0x8E, 0x3F, 0xE4, 0xE3, 0xFC, 0x21, 0xFF, 0x00, 0x6F,
    0x9F, 0xFA, 0x47, 0x3D, 0x14, 0x7E, 0xC7, 0x1F, 0xF2, 0x71, 0xFE, 0x10, 0xFF, 0x00, 0xB7, 0xCF,
    0xFD, 0x23, 0x9E, 0x8A, 0xFC, 0x03, 0x8F, 0xFF, 0x00, 0xE4, 0x67, 0x4F, 0xFE, 0xBD, 0xAF, 0xFD,
    0x2A, 0x47, 0xE9, 0x1C, 0x37, 0xFE, 0xE9, 0x2F, 0xF1, 0x3F, 0xC9, 0x07, 0xED, 0x8F, 0xFF, 0x00,
    0x27, 0x1F, 0xE2, 0xFF, 0x00, 0xFB, 0x73, 0xFF, 0x00, 0xD2, 0x38, 0x2B, 0xC5, 0xEB, 0xDA, 0x3F,
    0x6C, 0x7F, 0xF9, 0x38, 0xFF, 0x00, 0x17, 0xFF, 0x00, 0xDB, 0x9F, 0xFE, 0x91, 0xC1, 0x5E, 0x2F,
    0x5F, 0xB3, 0x64, 0xBF, 0xF2, 0x2C, 0xC2, 0xFF, 0x00, 0xD7, 0xB8, 0x7F, 0xE9, 0x28, 0xF8, 0x5C,
    0x7F, 0xFB, 0xDD, 0x5F, 0xF1, 0x3F, 0xCC, 0x2B, 0xF4, 0x6F, 0xF6, 0x36, 0xF8, 0x35, 0xFF, 0x00,
    0x0A, 0xDF, 0xE1, 0xD2, 0x6B, 0x5A, 0x84, 0x3B, 0x35, 0xED, 0x7D, 0x56, 0xE2, 0x40, 0xEB, 0x86,
    0x82, 0xDF, 0xAC, 0x51, 0xF3, 0xCE, 0x48, 0x3B, 0xCF, 0x4E, 0x58, 0x02, 0x3E, 0x5A, 0xF9, 0x1F,
    0xF6, 0x52, 0xF8, 0x5B, 0x6B, 0xF1, 0x57, 0xE2, 0xE5, 0x9D, 0xA6, 0xA2, 0x03, 0xE9, 0x7A, 0x6C,
    0x4D, 0xA9, 0x5D, 0x42, 0x7F, 0xE5, 0xB2, 0xA3, 0x28, 0x58, 0xFE, 0x85, 0xDD, 0x73, 0xFE, 0xC8,
    0x6A, 0xFD, 0x3B, 0xAF, 0xCD, 0xB8, 0xF3, 0x38, 0x71, 0x51, 0xCA, 0xE9, 0x3D, 0xED, 0x29, 0xFA,
    0x7D, 0x95, 0xFA, 0xBF, 0x44, 0x7D, 0x4F, 0x0E, 0xE0, 0xAE, 0xDE, 0x2E, 0x7D, 0x34, 0x5F, 0xAB,
    0xFD, 0x3E, 0xF0, 0xA8, 0xE6, 0x85, 0x2E, 0x22, 0x92, 0x29, 0x17, 0x74, 0x6E, 0xA5, 0x59, 0x4F,
    0x70, 0x47, 0x35, 0x25, 0x47, 0x2C, 0x4B, 0x34, 0x4F, 0x1B, 0x67, 0x6B, 0x82, 0xA7, 0x07, 0x1C,
    0x1A, 0xFC, 0x5D, 0x6E, 0x7D, 0xD9, 0xE3, 0x9F, 0xB3, 0xD7, 0xC1, 0xEF, 0x04, 0x7C, 0x2E, 0xB8,
    0xF1, 0x24, 0xBE, 0x11, 0xF1, 0x17, 0xFC, 0x24, 0x32, 0x5D, 0x4C, 0x90, 0xDC, 0xFF, 0x00, 0xA5,
    0xC5, 0x3F, 0xD9, 0x42, 0x16, 0xDB, 0x19, 0xF2, 0xFA, 0x37, 0xCC, 0x73, 0xBB, 0x9E, 0x07, 0x03,
    0x9C, 0xFB, 0x3D, 0x79, 0x3F, 0xC0, 0xCF, 0xD9, 0xE3, 0x47, 0xF8, 0x13, 0x26, 0xBA, 0xFA, 0x5E,
    0xA3, 0x79, 0xA8, 0x36, 0xA8, 0xF1, 0xE7, 0xED, 0x58, 0x02, 0x28, 0xD3, 0x76, 0xC5, 0x01, 0x7A,
    0x9F, 0x9C, 0xE5, 0x8F, 0xB6, 0x00, 0xE7, 0x3E, 0xB1, 0x5E, 0xBE, 0x6D, 0x5E, 0x38, 0x9C, 0x64,
    0xEA, 0xC6, 0xB3, 0xAA, 0x9D, 0xBD, 0xE9, 0x2B, 0x37, 0xA2, 0xE9, 0xE5, 0xB1, 0xC7, 0x83, 0xA6,
    0xE9, 0x50, 0x8C, 0x1C, 0x14, 0x37, 0xD1, 0x3B, 0xA5, 0xAF, 0x72, 0x29, 0xED, 0xE3, 0xBB, 0x82,
    0x48, 0x26, 0x8D, 0x65, 0x86, 0x55, 0x28, 0xF1, 0xB8, 0xCA, 0xB2, 0x91, 0x82, 0x08, 0xEE, 0x08,
    0xAF, 0xCB, 0x7F, 0xDA, 0x33, 0xE1, 0x0C, 0x9F, 0x06, 0xFE, 0x25, 0x5E, 0xE9, 0x71, 0x23, 0x7F,
    0x63, 0x5D, 0x66, 0xEB, 0x4D, 0x95, 0x89, 0x39, 0x85, 0x89, 0xF9, 0x09, 0xEE, 0x50, 0xE5, 0x4F,
    0xD0, 0x1E, 0xF5, 0xFA, 0x9B, 0x5E, 0x23, 0xFB, 0x5D, 0x7C, 0x2D, 0xB6, 0xF8, 0x8B, 0xF0, 0x8F,
    0x52, 0xBC, 0x0A, 0x89, 0xAA, 0xE8, 0x31, 0x49, 0xA9, 0x5A, 0xCC, 0x47, 0x3B, 0x11, 0x49, 0x96,
    0x3C, 0xFA, 0x32, 0x8F, 0xCD, 0x56, 0xBD, 0xFE, 0x12, 0xCE, 0x1E, 0x57, 0x98, 0x46, 0x13, 0x7F,
    0xBB, 0xA9, 0x68, 0xBF, 0x27, 0xF6, 0x5F, 0xC9, 0xBB, 0x7A, 0x33, 0xCD, 0xCE, 0x70, 0x4B, 0x19,
    0x86, 0x72, 0x8F, 0xC5, 0x1D, 0x57, 0xEA, 0xBE, 0xEF, 0xC5, 0x1F, 0x99, 0xF4, 0x51, 0x45, 0x7F,
    0x4A, 0x1F, 0x95, 0x85, 0x14, 0x51, 0x40, 0x05, 0x14, 0x51, 0x40, 0x05, 0x14, 0x51, 0x40, 0x05,
    0x14, 0x51, 0x40, 0x05, 0x14, 0x51, 0x40, 0x05, 0x14, 0x51, 0x40, 0x05, 0x14, 0x51, 0x40, 0x05,
    0x14, 0x51, 0x40, 0x05, 0x14, 0x51, 0x40, 0x05, 0x14, 0x51, 0x40, 0x05, 0x14, 0x51, 0x40, 0x05,
    0x14, 0x51, 0x40, 0x05, 0x14, 0x51, 0x40, 0x05, 0x14, 0x51, 0x40, 0x05, 0x14, 0x51, 0x40, 0x05,
    0x14, 0x51, 0x40, 0x05, 0x14, 0x51, 0x40, 0x05, 0x14, 0x51, 0x40, 0x05, 0x14, 0x51, 0x40, 0x05,
    0x14, 0x51, 0x40, 0x05, 0x14, 0x51, 0x40, 0x05, 0x14, 0x51, 0x40, 0x05, 0x14, 0x51, 0x40, 0x05,
    0x14, 0x51, 0x40, 0x05, 0x14, 0x51, 0x40, 0x05, 0x14, 0x51, 0x40, 0x05, 0x14, 0x51, 0x40, 0x05,
    0x14, 0x51, 0x40, 0x1E, 0xD1, 0xFB, 0x1C, 0x7F, 0xC9, 0xC7, 0xF8, 0x43, 0xFE, 0xDF, 0x3F, 0xF4,
    0x8E, 0x7A, 0x28, 0xFD, 0x8E, 0x3F, 0xE4, 0xE3, 0xFC, 0x21, 0xFF, 0x00, 0x6F, 0x9F, 0xFA, 0x47,
    0x3D, 0x15, 0xF8, 0x07, 0x1F, 0xFF, 0x00, 0xC8, 0xCE, 0x9F, 0xFD, 0x7B, 0x5F, 0xFA, 0x54, 0x8F,
    0xD2, 0x38, 0x6F, 0xFD, 0xD2, 0x5F, 0xE2, 0x7F, 0x92, 0x0F, 0xDB, 0x1F, 0xFE, 0x4E, 0x3F, 0xC5,
    0xFF, 0x00, 0xF6, 0xE7, 0xFF, 0x00, 0xA4, 0x70, 0x57, 0x8B, 0xD7, 0xB4, 0x7E, 0xD8, 0xFF, 0x00,
    0xF2, 0x71, 0xFE, 0x2F, 0xFF, 0x00, 0xB7, 0x3F, 0xFD, 0x23, 0x82, 0xBC, 0x5E, 0xBF, 0x66, 0xC9,
    0x7F, 0xE4, 0x59, 0x85, 0xFF, 0x00, 0xAF, 0x70, 0xFF, 0x00, 0xD2, 0x51, 0xF0, 0xB8, 0xFF, 0x00,
    0xF7, 0xBA, 0xBF, 0xE2, 0x7F, 0x99, 0xE8, 0x3F, 0x03, 0x7E, 0x2E, 0xDE, 0x7C, 0x15, 0xF1, 0xF5,
    0xBF, 0x88, 0x2D, 0xAD, 0xC5, 0xED, 0xBB, 0x46, 0xD6, 0xD7, 0x76, 0xA5, 0xB6, 0xF9, 0xB0, 0xB1,
    0x04, 0x80, 0x7B, 0x10, 0x55, 0x58, 0x7B, 0xAD, 0x7D, 0x97, 0x0F, 0xED, 0xEF, 0xF0, 0xDE, 0x48,
    0x91, 0x9E, 0xD3, 0x5E, 0x89, 0xC8, 0x04, 0xA1, 0xB4, 0x8C, 0x95, 0x3E, 0x99, 0x12, 0x57, 0xE7,
    0x9D, 0x15, 0xE7, 0xE6, 0x9C, 0x35, 0x97, 0x67, 0x15, 0x55, 0x7C, 0x4C, 0x5F, 0x32, 0x56, 0xBA,
    0x76, 0xBA, 0xE9, 0x7D, 0x1E, 0xC7, 0x4E, 0x0F, 0x35, 0xC4, 0xE0, 0xA0, 0xE9, 0xD2, 0x6A, 0xDB,
    0xEA, 0xAE, 0x7E, 0x88, 0x7F, 0xC3, 0x7A, 0x7C, 0x34, 0xFF, 0x00, 0x9E, 0x1A, 0xEF, 0xFE, 0x01,
    0xA7, 0xFF, 0x00, 0x1C, 0xA3, 0xFE, 0x1B, 0xD3, 0xE1, 0xA7, 0xFC, 0xF0, 0xD7, 0x7F, 0xF0, 0x0D,
    0x3F, 0xF8, 0xE5, 0x7E, 0x77, 0xD1, 0x5E, 0x2F, 0xFA, 0x89, 0x93, 0xF6, 0x9F, 0xFE, 0x05, 0xFF,
    0x00, 0x00, 0xEF, 0xFF, 0x00, 0x58, 0x71, 0xDF, 0xDD, 0xFB, 0xBF, 0xE0, 0x9F, 0xA2, 0x1F, 0xF0,
    0xDE, 0x9F, 0x0D, 0x3F, 0xE7, 0x86, 0xBB, 0xFF, 0x00, 0x80, 0x69, 0xFF, 0x00, 0xC7, 0x28, 0xFF,
    0x00, 0x86, 0xF4, 0xF8, 0x69, 0xFF, 0x00, 0x3C, 0x35, 0xDF, 0xFC, 0x03, 0x4F, 0xFE, 0x39, 0x5F,
    0x9D, 0xF4, 0x51, 0xFE, 0xA2, 0x64, 0xFD, 0xA7, 0xFF, 0x00, 0x81, 0x7F, 0xC0, 0x0F, 0xF5, 0x87,
    0x1D, 0xFD, 0xDF, 0xBB, 0xFE, 0x09, 0xFA, 0x21, 0xFF, 0x00, 0x0D, 0xE9, 0xF0, 0xD3, 0xFE, 0x78,
    0x6B, 0xBF, 0xF8, 0x06, 0x9F, 0xFC, 0x72, 0xBC, 0xD7, 0xE3, 0xB7, 0xED, 0xB7, 0xA3, 0xF8, 0xB7,
    0xC0, 0xDA, 0x8F, 0x87, 0x7C, 0x1F, 0xA7, 0xDF, 0xA4, 0xDA, 0x9C, 0x4D, 0x6D, 0x73, 0x7B, 0xA8,
    0x46, 0x91, 0xAC, 0x70, 0xB0, 0xC3, 0x84, 0x0A, 0xEC, 0x4B, 0x10, 0x48, 0xC9, 0xC0, 0x19, 0x3D,
    0x6B, 0xE3, 0x9A, 0x2B, 0xA7, 0x0D, 0xC1, 0x79, 0x46, 0x1A, 0xB4, 0x6B, 0x46, 0x32, 0x6E, 0x2E,
    0xEA, 0xF2, 0xBA, 0xBA, 0xDB, 0x4B, 0x2B, 0x99, 0x55, 0xCF, 0x71, 0xB5, 0x60, 0xE9, 0xB6, 0x92,
    0x7A, 0x68, 0xBF, 0xE0, 0x85, 0x14, 0x51, 0x5F, 0x74, 0x7C, 0xF0, 0x51, 0x45, 0x14, 0x00, 0x51,
    0x45, 0x14, 0x00, 0x51, 0x45, 0x14, 0x00, 0x51, 0x45, 0x14, 0x00, 0x51, 0x45, 0x14, 0x00, 0x51,
    0x45, 0x14, 0x00, 0x51, 0x45, 0x14, 0x00, 0x51, 0x45, 0x14, 0x00, 0x51, 0x45, 0x14, 0x00, 0x51,
    0x45, 0x14, 0x00, 0x51, 0x45, 0x14, 0x00, 0x51, 0x45, 0x14, 0x00, 0x51, 0x45, 0x14, 0x00, 0x51,
    0x45, 0x14, 0x00, 0x51, 0x45, 0x14, 0x00, 0x51, 0x45, 0x14, 0x00, 0x51, 0x45, 0x14, 0x00, 0x51,
    0x45, 0x14, 0x00, 0x51, 0x45, 0x14, 0x00, 0x51, 0x45, 0x14, 0x00, 0x51, 0x45, 0x14, 0x00, 0x51,
    0x45, 0x14, 0x00, 0x51, 0x45, 0x14, 0x00, 0x51, 0x45, 0x14, 0x00, 0x51, 0x45, 0x14, 0x00, 0x51,
    0x45, 0x14, 0x00, 0x51, 0x45, 0x14, 0x00, 0x51, 0x45, 0x14, 0x01, 0xED, 0x1F, 0xB1, 0xC7, 0xFC,
    0x9C, 0x7F, 0x84, 0x3F, 0xED, 0xF3, 0xFF, 0x00, 0x48, 0xE7, 0xA2, 0x8F, 0xD8, 0xE3, 0xFE, 0x4E,
    0x3F, 0xC2, 0x1F, 0xF6, 0xF9, 0xFF, 0x00, 0xA4, 0x73, 0xD1, 0x5F, 0x80, 0x71, 0xFF, 0x00, 0xFC,
    0x8C, 0xE9, 0xFF, 0x00, 0xD7, 0xB5, 0xFF, 0x00, 0xA5, 0x48, 0xFD, 0x23, 0x86, 0xFF, 0x00, 0xDD,
    0x25, 0xFE, 0x27, 0xF9, 0x20, 0xFD, 0xB1, 0xFF, 0x00, 0xE4, 0xE3, 0xFC, 0x5F, 0xFF, 0x00, 0x6E,
    0x7F, 0xFA, 0x47, 0x05, 0x78, 0xBD, 0x7B, 0x57, 0xED, 0x48, 0x9F, 0xF0, 0x91, 0xF8, 0xB3, 0x47,
    0xF8, 0x81, 0x6A, 0x44, 0xDA, 0x4F, 0x8B, 0xF4, 0xBB, 0x6B, 0xC8, 0xA6, 0x4E, 0x54, 0x4B, 0x1C,
    0x49, 0x14, 0xB1, 0x1F, 0x46, 0x52, 0x83, 0x23, 0xDE, 0xBC, 0x56, 0xBF, 0x65, 0xC9, 0x5F, 0xFC,
    0x26, 0xE1, 0xE3, 0xD6, 0x31, 0x49, 0xF9, 0x38, 0xFB, 0xAD, 0x7C, 0x9A, 0x68, 0xF8, 0x6C, 0x7F,
    0xFB, 0xD5, 0x47, 0xDD, 0xB7, 0xF2, 0x7A, 0xAF, 0xC1, 0x85, 0x14, 0x51, 0x5E, 0xD1, 0xC0, 0x14,
    0x51, 0x45, 0x00, 0x14, 0x51, 0x45, 0x00, 0x14, 0x51, 0x45, 0x00, 0x14, 0x51, 0x45, 0x00, 0x14,
    0x51, 0x45, 0x00, 0x14, 0x51, 0x45, 0x00, 0x14, 0x51, 0x45, 0x00, 0x14, 0x51, 0x45, 0x00, 0x14,
    0x51, 0x45, 0x00, 0x14, 0x51, 0x45, 0x00, 0x14, 0x51, 0x45, 0x00, 0x14, 0x51, 0x45, 0x00, 0x14,
    0x51, 0x45, 0x00, 0x14, 0x51, 0x45, 0x00, 0x14, 0x51, 0x45, 0x00, 0x14, 0x51, 0x45, 0x00, 0x14,
    0x51, 0x45, 0x00, 0x14, 0x51, 0x45, 0x00, 0x14, 0x51, 0x45, 0x00, 0x14, 0x51, 0x45, 0x00, 0x14,
    0x51, 0x45, 0x00, 0x14, 0x51, 0x45, 0x00, 0x14, 0x51, 0x45, 0x00, 0x14, 0x51, 0x45, 0x00, 0x14,
    0x51, 0x45, 0x00, 0x14, 0x51, 0x45, 0x00, 0x14, 0x51, 0x45, 0x00, 0x14, 0x51, 0x45, 0x00, 0x14,
    0x51, 0x45, 0x00, 0x14, 0x51, 0x45, 0x00, 0x14, 0x51, 0x45, 0x00, 0x14, 0x51, 0x45, 0x00, 0x7B,
    0x47, 0xEC, 0x71, 0xFF, 0x00, 0x27, 0x1F, 0xE1, 0x0F, 0xFB, 0x7C, 0xFF, 0x00, 0xD2, 0x39, 0xE8,
    0xA7, 0x7E, 0xCB, 0x48, 0x7C, 0x37, 0xE2, 0xED, 0x63, 0xE2, 0x0D, 0xD8, 0x31, 0x68, 0xFE, 0x10,
    0xD2, 0xEE, 0x6F, 0x26, 0x9D, 0x87, 0xCA, 0xD3, 0x49, 0x13, 0xC5, 0x14, 0x3F, 0xEF, 0x39, 0x76,
    0xC0, 0xFF, 0x00, 0x66, 0x8A, 0xFC, 0x5B, 0x8B, 0xB2, 0xAC, 0x66, 0x6D, 0x99, 0x73, 0x60, 0xE1,
    0xCE, 0xA1, 0x18, 0xA7, 0x6E, 0x8D, 0xDE, 0x56, 0xFB, 0x9A, 0x7F, 0x33, 0xEE, 0xF2, 0x5C, 0x65,
    0x0C, 0x1E, 0x16, 0xD5, 0xE5, 0x6E, 0x66, 0xDA, 0xF4, 0xD1, 0x7E, 0x67, 0x05, 0xF0, 0x93, 0xE3,
    0xAD, 0xB7, 0x84, 0xFC, 0x39, 0x73, 0xE0, 0xCF, 0x18, 0xE8, 0xBF, 0xF0, 0x94, 0xF8, 0x16, 0xEA,
    0x6F, 0x3F, 0xEC, 0x8B, 0x27, 0x97, 0x73, 0x63, 0x36, 0x3F, 0xD7, 0x5B, 0xC9, 0xFC, 0x27, 0xD5,
    0x4F, 0x07, 0x9E, 0x99, 0x6C, 0xFD, 0x19, 0xE1, 0x8F, 0xD8, 0x93, 0x41, 0xF8, 0x93, 0xA3, 0xC1,
    0xAE, 0xF8, 0x6F, 0xC6, 0x7A, 0x96, 0x9B, 0xA5, 0xDC, 0x28, 0x78, 0xA0, 0xD5, 0x34, 0xB8, 0xE5,
    0x9D, 0x41, 0x00, 0xFC, 0xCC, 0x93, 0x2A, 0xF7, 0xEC, 0x28, 0xA2, 0xBD, 0xFE, 0x2B, 0xC4, 0x56,
    0xC9, 0x69, 0x2C, 0x5E, 0x5F, 0x37, 0x09, 0x4E, 0x5E, 0xF6, 0xCE, 0x2F, 0x4D, 0xF9, 0x5A, 0x6A,
    0xFD, 0xDA, 0xB5, 0xFA, 0xDF, 0x73, 0xCE, 0xC9, 0xA9, 0x53, 0xC7, 0xCD, 0xD1, 0xC4, 0xC7, 0x99,
    0x45, 0x69, 0xDD, 0x79, 0x5D, 0x6B, 0x6F, 0x23, 0x5B, 0xFE, 0x1D, 0xCD, 0xFF, 0x00, 0x55, 0x0B,
    0xFF, 0x00, 0x28, 0xBF, 0xFD, 0xD1, 0x47, 0xFC, 0x3B, 0x9B, 0xFE, 0xAA, 0x17, 0xFE, 0x51, 0x7F,
    0xFB, 0xA2, 0x8A, 0x2B, 0xF3, 0x1F, 0xF5, 0xC3, 0x3C, 0xFF, 0x00, 0x9F, 0xFF, 0x00, 0xF9, 0x2C,
    0x7F, 0xF9, 0x13, 0xEB, 0x3F, 0xB1, 0x32, 0xFF, 0x00, 0xF9, 0xF7, 0xF8, 0xBF, 0xF3, 0x0F, 0xF8,
    0x77, 0x37, 0xFD, 0x54, 0x2F, 0xFC, 0xA2, 0xFF, 0x00, 0xF7, 0x45, 0x1F, 0xF0, 0xEE, 0x6F, 0xFA,
    0xA8, 0x5F, 0xF9, 0x45, 0xFF, 0x00, 0xEE, 0x8A, 0x28, 0xA3, 0xFD, 0x70, 0xCF, 0x3F, 0xE7, 0xFF,
    0x00, 0xFE, 0x4B, 0x1F, 0xFE, 0x44, 0x3F, 0xB1, 0x32, 0xFF, 0x00, 0xF9, 0xF7, 0xF8, 0xBF, 0xF3,
    0x0F, 0xF8, 0x77, 0x37, 0xFD, 0x54, 0x2F, 0xFC, 0xA2, 0xFF, 0x00, 0xF7, 0x45, 0x1F, 0xF0, 0xEE,
    0x6F, 0xFA, 0xA8, 0x5F, 0xF9, 0x45, 0xFF, 0x00, 0xEE, 0x8A, 0x28, 0xA3, 0xFD, 0x70, 0xCF, 0x3F,
    0xE7, 0xFF, 0x00, 0xFE, 0x4B, 0x1F, 0xFE, 0x44, 0x3F, 0xB1, 0x32, 0xFF, 0x00, 0xF9, 0xF7, 0xF8,
    0xBF, 0xF3, 0x0F, 0xF8, 0x77, 0x37, 0xFD, 0x54, 0x2F, 0xFC, 0xA2, 0xFF, 0x00, 0xF7, 0x45, 0x1F,
    0xF0, 0xEE, 0x6F, 0xFA, 0xA8, 0x5F, 0xF9, 0x45, 0xFF, 0x00, 0xEE, 0x8A, 0x28, 0xA3, 0xFD, 0x70,
    0xCF, 0x3F, 0xE7, 0xFF, 0x00, 0xFE, 0x4B, 0x1F, 0xFE, 0x44, 0x3F, 0xB1, 0x32, 0xFF, 0x00, 0xF9,
    0xF7, 0xF8, 0xBF, 0xF3, 0x0F, 0xF8, 0x77, 0x37, 0xFD, 0x54, 0x2F, 0xFC, 0xA2, 0xFF, 0x00, 0xF7,
    0x45, 0x1F, 0xF0, 0xEE, 0x6F, 0xFA, 0xA8, 0x5F, 0xF9, 0x45, 0xFF, 0x00, 0xEE, 0x8A, 0x28, 0xA3,
    0xFD, 0x70, 0xCF, 0x3F, 0xE7, 0xFF, 0x00, 0xFE, 0x4B, 0x1F, 0xFE, 0x44, 0x3F, 0xB1, 0x32, 0xFF,
    0x00, 0xF9, 0xF7, 0xF8, 0xBF, 0xF3, 0x0F, 0xF8, 0x77, 0x37, 0xFD, 0x54, 0x2F, 0xFC, 0xA2, 0xFF,
    0x00, 0xF7, 0x45, 0x1F, 0xF0, 0xEE, 0x6F, 0xFA, 0xA8, 0x5F, 0xF9, 0x45, 0xFF, 0x00, 0xEE, 0x8A,
    0x28, 0xA3, 0xFD, 0x70, 0xCF, 0x3F, 0xE7, 0xFF, 0x00, 0xFE, 0x4B, 0x1F, 0xFE, 0x44, 0x3F, 0xB1,
    0x32, 0xFF, 0x00, 0xF9, 0xF7, 0xF8, 0xBF, 0xF3, 0x0F, 0xF8, 0x77, 0x37, 0xFD, 0x54, 0x2F, 0xFC,
    0xA2, 0xFF, 0x00, 0xF7, 0x45, 0x1F, 0xF0, 0xEE, 0x6F, 0xFA, 0xA8, 0x5F, 0xF9, 0x45, 0xFF, 0x00,
    0xEE, 0x8A, 0x28, 0xA3, 0xFD, 0x70, 0xCF, 0x3F, 0xE7, 0xFF, 0x00, 0xFE, 0x4B, 0x1F, 0xFE, 0x44,
    0x3F, 0xB1, 0x32, 0xFF, 0x00, 0xF9, 0xF7, 0xF8, 0xBF, 0xF3, 0x0F, 0xF8, 0x77, 0x37, 0xFD, 0x54,
    0x2F, 0xFC, 0xA2, 0xFF, 0x00, 0xF7, 0x45, 0x1F, 0xF0, 0xEE, 0x6F, 0xFA, 0xA8, 0x5F, 0xF9, 0x45,
    0xFF, 0x00, 0xEE, 0x8A, 0x28, 0xA3, 0xFD, 0x70, 0xCF, 0x3F, 0xE7, 0xFF, 0x00, 0xFE, 0x4B, 0x1F,
    0xFE, 0x44, 0x3F, 0xB1, 0x32, 0xFF, 0x00, 0xF9, 0xF7, 0xF8, 0xBF, 0xF3, 0x0F, 0xF8, 0x77, 0x37,
    0xFD, 0x54, 0x2F, 0xFC, 0xA2, 0xFF, 0x00, 0xF7, 0x45, 0x1F, 0xF0, 0xEE, 0x6F, 0xFA, 0xA8, 0x5F,
    0xF9, 0x45, 0xFF, 0x00, 0xEE, 0x8A, 0x28, 0xA3, 0xFD, 0x70, 0xCF, 0x3F, 0xE7, 0xFF, 0x00, 0xFE,
    0x4B, 0x1F, 0xFE, 0x44, 0x3F, 0xB1, 0x32, 0xFF, 0x00, 0xF9, 0xF7, 0xF8, 0xBF, 0xF3, 0x0F, 0xF8,
    0x77, 0x37, 0xFD, 0x54, 0x2F, 0xFC, 0xA2, 0xFF, 0x00, 0xF7, 0x45, 0x1F, 0xF0, 0xEE, 0x6F, 0xFA,
    0xA8, 0x5F, 0xF9, 0x45, 0xFF, 0x00, 0xEE, 0x8A, 0x28, 0xA3, 0xFD, 0x70, 0xCF, 0x3F, 0xE7, 0xFF,
    0x00, 0xFE, 0x4B, 0x1F, 0xFE, 0x44, 0x3F, 0xB1, 0x32, 0xFF, 0x00, 0xF9, 0xF7, 0xF8, 0xBF, 0xF3,
    0x0F, 0xF8, 0x77, 0x37, 0xFD, 0x54, 0x2F, 0xFC, 0xA2, 0xFF, 0x00, 0xF7, 0x45, 0x1F, 0xF0, 0xEE,
    0x6F, 0xFA, 0xA8, 0x5F, 0xF9, 0x45, 0xFF, 0x00, 0xEE, 0x8A, 0x28, 0xA3, 0xFD, 0x70, 0xCF, 0x3F,
    0xE7, 0xFF, 0x00, 0xFE, 0x4B, 0x1F, 0xFE, 0x44, 0x3F, 0xB1, 0x32, 0xFF, 0x00, 0xF9, 0xF7, 0xF8,
    0xBF, 0xF3, 0x0F, 0xF8, 0x77, 0x37, 0xFD, 0x54, 0x2F, 0xFC, 0xA2, 0xFF, 0x00, 0xF7, 0x45, 0x1F,
    0xF0, 0xEE, 0x6F, 0xFA, 0xA8, 0x5F, 0xF9, 0x45, 0xFF, 0x00, 0xEE, 0x8A, 0x28, 0xA3, 0xFD, 0x70,
    0xCF, 0x3F, 0xE7, 0xFF, 0x00, 0xFE, 0x4B, 0x1F, 0xFE, 0x44, 0x3F, 0xB1, 0x32, 0xFF, 0x00, 0xF9,
    0xF7, 0xF8, 0xBF, 0xF3, 0x0F, 0xF8, 0x77, 0x37, 0xFD, 0x54, 0x2F, 0xFC, 0xA2, 0xFF, 0x00, 0xF7,
    0x45, 0x1F, 0xF0, 0xEE, 0x6F, 0xFA, 0xA8, 0x5F, 0xF9, 0x45, 0xFF, 0x00, 0xEE, 0x8A, 0x28, 0xA3,
    0xFD, 0x70, 0xCF, 0x3F, 0xE7, 0xFF, 0x00, 0xFE, 0x4B, 0x1F, 0xFE, 0x44, 0x3F, 0xB1, 0x32, 0xFF,
    0x00, 0xF9, 0xF7, 0xF8, 0xBF, 0xF3, 0x0F, 0xF8, 0x77, 0x37, 0xFD, 0x54, 0x2F, 0xFC, 0xA2, 0xFF,
    0x00, 0xF7, 0x45, 0x1F, 0xF0, 0xEE, 0x6F, 0xFA, 0xA8, 0x5F, 0xF9, 0x45, 0xFF, 0x00, 0xEE, 0x8A,
    0x28, 0xA3, 0xFD, 0x70, 0xCF, 0x3F, 0xE7, 0xFF, 0x00, 0xFE, 0x4B, 0x1F, 0xFE, 0x44, 0x3F, 0xB1,
    0x32, 0xFF, 0x00, 0xF9, 0xF7, 0xF8, 0xBF, 0xF3, 0x0F, 0xF8, 0x77, 0x37, 0xFD, 0x54, 0x2F, 0xFC,
    0xA2, 0xFF, 0x00, 0xF7, 0x45, 0x1F, 0xF0, 0xEE, 0x6F, 0xFA, 0xA8, 0x5F, 0xF9, 0x45, 0xFF, 0x00,
    0xEE, 0x8A, 0x28, 0xA3, 0xFD, 0x70, 0xCF, 0x3F, 0xE7, 0xFF, 0x00, 0xFE, 0x4B, 0x1F, 0xFE, 0x44,
    0x3F, 0xB1, 0x32, 0xFF, 0x00, 0xF9, 0xF7, 0xF8, 0xBF, 0xF3, 0x0F, 0xF8, 0x77, 0x37, 0xFD, 0x54,
    0x2F, 0xFC, 0xA2, 0xFF, 0x00, 0xF7, 0x45, 0x1F, 0xF0, 0xEE, 0x6F, 0xFA, 0xA8, 0x5F, 0xF9, 0x45,
    0xFF, 0x00, 0xEE, 0x8A, 0x28, 0xA3, 0xFD, 0x70, 0xCF, 0x3F, 0xE7, 0xFF, 0x00, 0xFE, 0x4B, 0x1F,
    0xFE, 0x44, 0x3F, 0xB1, 0x32, 0xFF, 0x00, 0xF9, 0xF7, 0xF8, 0xBF, 0xF3, 0x0F, 0xF8, 0x77, 0x37,
    0xFD, 0x54, 0x2F, 0xFC, 0xA2, 0xFF, 0x00, 0xF7, 0x45, 0x1F, 0xF0, 0xEE, 0x6F, 0xFA, 0xA8, 0x5F,
    0xF9, 0x45, 0xFF, 0x00, 0xEE, 0x8A, 0x28, 0xA3, 0xFD, 0x70, 0xCF, 0x3F, 0xE7, 0xFF, 0x00, 0xFE,
    0x4B, 0x1F, 0xFE, 0x44, 0x3F, 0xB1, 0x32, 0xFF, 0x00, 0xF9, 0xF7, 0xF8, 0xBF, 0xF3, 0x0F, 0xF8,
    0x77, 0x37, 0xFD, 0x54, 0x2F, 0xFC, 0xA2, 0xFF, 0x00, 0xF7, 0x45, 0x1F, 0xF0, 0xEE, 0x6F, 0xFA,
    0xA8, 0x5F, 0xF9, 0x45, 0xFF, 0x00, 0xEE, 0x8A, 0x28, 0xA3, 0xFD, 0x70, 0xCF, 0x3F, 0xE7, 0xFF,
    0x00, 0xFE, 0x4B, 0x1F, 0xFE, 0x44, 0x3F, 0xB1, 0x32, 0xFF, 0x00, 0xF9, 0xF7, 0xF8, 0xBF, 0xF3,
    0x0F, 0xF8, 0x77, 0x37, 0xFD, 0x54, 0x2F, 0xFC, 0xA2, 0xFF, 0x00, 0xF7, 0x45, 0x1F, 0xF0, 0xEE,
    0x6F, 0xFA, 0xA8, 0x5F, 0xF9, 0x45, 0xFF, 0x00, 0xEE, 0x8A, 0x28, 0xA3, 0xFD, 0x70, 0xCF, 0x3F,
    0xE7, 0xFF, 0x00, 0xFE, 0x4B, 0x1F, 0xFE, 0x44, 0x3F, 0xB1, 0x32, 0xFF, 0x00, 0xF9, 0xF7, 0xF8,
    0xBF, 0xF3, 0x0F, 0xF8, 0x77, 0x37, 0xFD, 0x54, 0x2F, 0xFC, 0xA2, 0xFF, 0x00, 0xF7, 0x45, 0x1F,
    0xF0, 0xEE, 0x6F, 0xFA, 0xA8, 0x5F, 0xF9, 0x45, 0xFF, 0x00, 0xEE, 0x8A, 0x28, 0xA3, 0xFD, 0x70,
    0xCF, 0x3F, 0xE7, 0xFF, 0x00, 0xFE, 0x4B, 0x1F, 0xFE, 0x44, 0x3F, 0xB1, 0x32, 0xFF, 0x00, 0xF9,
    0xF7, 0xF8, 0xBF, 0xF3, 0x0F, 0xF8, 0x77, 0x37, 0xFD, 0x54, 0x2F, 0xFC, 0xA2, 0xFF, 0x00, 0xF7,
    0x45, 0x1F, 0xF0, 0xEE, 0x6F, 0xFA, 0xA8, 0x5F, 0xF9, 0x45, 0xFF, 0x00, 0xEE, 0x8A, 0x28, 0xA3,
    0xFD, 0x70, 0xCF, 0x3F, 0xE7, 0xFF, 0x00, 0xFE, 0x4B, 0x1F, 0xFE, 0x44, 0x3F, 0xB1, 0x32, 0xFF,
    0x00, 0xF9, 0xF7, 0xF8, 0xBF, 0xF3, 0x0F, 0xF8, 0x77, 0x37, 0xFD, 0x54, 0x2F, 0xFC, 0xA2, 0xFF,
    0x00, 0xF7, 0x45, 0x1F, 0xF0, 0xEE, 0x6F, 0xFA, 0xA8, 0x5F, 0xF9, 0x45, 0xFF, 0x00, 0xEE, 0x8A,
    0x28, 0xA3, 0xFD, 0x70, 0xCF, 0x3F, 0xE7, 0xFF, 0x00, 0xFE, 0x4B, 0x1F, 0xFE, 0x44, 0x3F, 0xB1,
    0x32, 0xFF, 0x00, 0xF9, 0xF7, 0xF8, 0xBF, 0xF3, 0x0F, 0xF8, 0x77, 0x37, 0xFD, 0x54, 0x2F, 0xFC,
    0xA2, 0xFF, 0x00, 0xF7, 0x45, 0x1F, 0xF0, 0xEE, 0x6F, 0xFA, 0xA8, 0x5F, 0xF9, 0x45, 0xFF, 0x00,
    0xEE, 0x8A, 0x28, 0xA3, 0xFD, 0x70, 0xCF, 0x3F, 0xE7, 0xFF, 0x00, 0xFE, 0x4B, 0x1F, 0xFE, 0x44,
    0x3F, 0xB1, 0x32, 0xFF, 0x00, 0xF9, 0xF7, 0xF8, 0xBF, 0xF3, 0x0F, 0xF8, 0x77, 0x37, 0xFD, 0x54,
    0x2F, 0xFC, 0xA2, 0xFF, 0x00, 0xF7, 0x45, 0x1F, 0xF0, 0xEE, 0x6F, 0xFA, 0xA8, 0x5F, 0xF9, 0x45,
    0xFF, 0x00, 0xEE, 0x8A, 0x28, 0xA3, 0xFD, 0x70, 0xCF, 0x3F, 0xE7, 0xFF, 0x00, 0xFE, 0x4B, 0x1F,
    0xFE, 0x44, 0x3F, 0xB1, 0x32, 0xFF, 0x00, 0xF9, 0xF7, 0xF8, 0xBF, 0xF3, 0x0F, 0xF8, 0x77, 0x37,
    0xFD, 0x54, 0x2F, 0xFC, 0xA2, 0xFF, 0x00, 0xF7, 0x45, 0x1F, 0xF0, 0xEE, 0x6F, 0xFA, 0xA8, 0x5F,
    0xF9, 0x45, 0xFF, 0x00, 0xEE, 0x8A, 0x28, 0xA3, 0xFD, 0x70, 0xCF, 0x3F, 0xE7, 0xFF, 0x00, 0xFE,
    0x4B, 0x1F, 0xFE, 0x44, 0x3F, 0xB1, 0x32, 0xFF, 0x00, 0xF9, 0xF7, 0xF8, 0xBF, 0xF3, 0x0F, 0xF8,
    0x77, 0x37, 0xFD, 0x54, 0x2F, 0xFC, 0xA2, 0xFF, 0x00, 0xF7, 0x45, 0x1F, 0xF0, 0xEE, 0x6F, 0xFA,
    0xA8, 0x5F, 0xF9, 0x45, 0xFF, 0x00, 0xEE, 0x8A, 0x28, 0xA3, 0xFD, 0x70, 0xCF, 0x3F, 0xE7, 0xFF,
    0x00, 0xFE, 0x4B, 0x1F, 0xFE, 0x44, 0x3F, 0xB1, 0x32, 0xFF, 0x00, 0xF9, 0xF7, 0xF8, 0xBF, 0xF3,
    0x0F, 0xF8, 0x77, 0x37, 0xFD, 0x54, 0x2F, 0xFC, 0xA2, 0xFF, 0x00, 0xF7, 0x45, 0x1F, 0xF0, 0xEE,
    0x6F, 0xFA, 0xA8, 0x5F, 0xF9, 0x45, 0xFF, 0x00, 0xEE, 0x8A, 0x28, 0xA3, 0xFD, 0x70, 0xCF, 0x3F,
    0xE7, 0xFF, 0x00, 0xFE, 0x4B, 0x1F, 0xFE, 0x44, 0x3F, 0xB1, 0x32, 0xFF, 0x00, 0xF9, 0xF7, 0xF8,
    0xBF, 0xF3, 0x0F, 0xF8, 0x77, 0x37, 0xFD, 0x54, 0x2F, 0xFC, 0xA2, 0xFF, 0x00, 0xF7, 0x45, 0x1F,
    0xF0, 0xEE, 0x6F, 0xFA, 0xA8, 0x5F, 0xF9, 0x45, 0xFF, 0x00, 0xEE, 0x8A, 0x28, 0xA3, 0xFD, 0x70,
    0xCF, 0x3F, 0xE7, 0xFF, 0x00, 0xFE, 0x4B, 0x1F, 0xFE, 0x44, 0x3F, 0xB1, 0x32, 0xFF, 0x00, 0xF9,
    0xF7, 0xF8, 0xBF, 0xF3, 0x0F, 0xF8, 0x77, 0x37, 0xFD, 0x54, 0x2F, 0xFC, 0xA2, 0xFF, 0x00, 0xF7,
    0x45, 0x1F, 0xF0, 0xEE, 0x6F, 0xFA, 0xA8, 0x5F, 0xF9, 0x45, 0xFF, 0x00, 0xEE, 0x8A, 0x28, 0xA3,
    0xFD, 0x70, 0xCF, 0x3F, 0xE7, 0xFF, 0x00, 0xFE, 0x4B, 0x1F, 0xFE, 0x44, 0x3F, 0xB1, 0x32, 0xFF,
    0x00, 0xF9, 0xF7, 0xF8, 0xBF, 0xF3, 0x0F, 0xF8, 0x77, 0x37, 0xFD, 0x54, 0x2F, 0xFC, 0xA2, 0xFF,
    0x00, 0xF7, 0x45, 0x1F, 0xF0, 0xEE, 0x6F, 0xFA, 0xA8, 0x5F, 0xF9, 0x45, 0xFF, 0x00, 0xEE, 0x8A,
    0x28, 0xA3, 0xFD, 0x70, 0xCF, 0x3F, 0xE7, 0xFF, 0x00, 0xFE, 0x4B, 0x1F, 0xFE, 0x44, 0x3F, 0xB1,
    0x32, 0xFF, 0x00, 0xF9, 0xF7, 0xF8, 0xBF, 0xF3, 0x0F, 0xF8, 0x77, 0x37, 0xFD, 0x54, 0x2F, 0xFC,
    0xA2, 0xFF, 0x00, 0xF7, 0x45, 0x1F, 0xF0, 0xEE, 0x6F, 0xFA, 0xA8, 0x5F, 0xF9, 0x45, 0xFF, 0x00,
    0xEE, 0x8A, 0x28, 0xA3, 0xFD, 0x70, 0xCF, 0x3F, 0xE7, 0xFF, 0x00, 0xFE, 0x4B, 0x1F, 0xFE, 0x44,
    0x3F, 0xB1, 0x32, 0xFF, 0x00, 0xF9, 0xF7, 0xF8, 0xBF, 0xF3, 0x0F, 0xF8, 0x77, 0x37, 0xFD, 0x54,
    0x2F, 0xFC, 0xA2, 0xFF, 0x00, 0xF7, 0x45, 0x1F, 0xF0, 0xEE, 0x6F, 0xFA, 0xA8, 0x5F, 0xF9, 0x45,
    0xFF, 0x00, 0xEE, 0x8A, 0x28, 0xA3, 0xFD, 0x70, 0xCF, 0x3F, 0xE7, 0xFF, 0x00, 0xFE, 0x4B, 0x1F,
    0xFE, 0x44, 0x3F, 0xB1, 0x32, 0xFF, 0x00, 0xF9, 0xF7, 0xF8, 0xBF, 0xF3, 0x0F, 0xF8, 0x77, 0x37,
    0xFD, 0x54, 0x2F, 0xFC, 0xA2, 0xFF, 0x00, 0xF7, 0x45, 0x64, 0xF8, 0x9B, 0xF6, 0x27, 0xF0, 0xFF,
    0x00, 0xC3, 0x5D, 0x35, 0xF5, 0x9F, 0x12, 0xF8, 0xCB, 0x52, 0xD4, 0xF4, 0xC8, 0x46, 0xE9, 0x2D,
    0xF4, 0xBD, 0x2E, 0x38, 0xA6, 0x60, 0x3A, 0x80, 0xCF, 0x33, 0x01, 0xF9, 0x51, 0x45, 0x76, 0xE0,
    0xB8, 0xA7, 0x39, 0xC5, 0x62, 0x69, 0xD0, 0xA9, 0x5D, 0xF2, 0xC9, 0xA4, 0xEC, 0xA2, 0x9E, 0xBE,
    0x7C, 0xBA, 0x18, 0x57, 0xCA, 0x30, 0x34, 0xA9, 0x4A, 0xA4, 0x69, 0xEA, 0x97, 0x77, 0xFE, 0x67,
    0xCE, 0x7F, 0x16, 0xBE, 0x3A, 0xDB, 0xF8, 0xAF, 0xC3, 0x76, 0xDE, 0x0C, 0xF0, 0x7E, 0x8D, 0xFF,
    0x00, 0x08, 0xBF, 0x81, 0x6D, 0x26, 0xFB, 0x40, 0xB4, 0x69, 0x3C, 0xCB, 0x9B, 0xE9, 0xBF, 0xE7,
    0xAD, 0xC4, 0x9F, 0xC4, 0x7D, 0x14, 0x70, 0x38, 0xE4, 0xE1, 0x70, 0x51, 0x45, 0x7F, 0x40, 0xE1,
    0xB0, 0xD4, 0xB0, 0x94, 0xFD, 0x9D, 0x25, 0xA6, 0xEF, 0xAB, 0x6D, 0xEE, 0xDB, 0x7A, 0xB6, 0xFA,
    0xB7, 0xFE, 0x48, 0xFC, 0xDA, 0xAD, 0x59, 0xD6, 0x97, 0x34, 0xDF, 0xFC, 0x05, 0xD9, 0x2E, 0x88,
    0xFF, 0xD9, 0x00, 0x00, 0x00, 0x00, 0x00, 0x00, 0x00, 0x00, 0x00, 0x00, 0x02, 0x28, 0x00, 0x76,
    0x02, 0x72, 0x00, 0x00, 0x16, 0x30, 0xFF, 0xD8, 0xFF, 0xE0, 0x00, 0x10, 0x4A, 0x46, 0x49, 0x46,
    0x00, 0x01, 0x01, 0x01, 0x00, 0x60, 0x00, 0x60, 0x00, 0x00, 0xFF, 0xDB, 0x00, 0x43, 0x00, 0x03,
    0x02, 0x02, 0x03, 0x02, 0x02, 0x03, 0x03, 0x03, 0x03, 0x04, 0x03, 0x03, 0x04, 0x05, 0x08, 0x05,
    0x05, 0x04, 0x04, 0x05, 0x0A, 0x07, 0x07, 0x06, 0x08, 0x0C, 0x0A, 0x0C, 0x0C, 0x0B, 0x0A, 0x0B,
    0x0B, 0x0D, 0x0E, 0x12, 0x10, 0x0D, 0x0E, 0x11, 0x0E, 0x0B, 0x0B, 0x10, 0x16, 0x10, 0x11, 0x13,
    0x14, 0x15, 0x15, 0x15, 0x0C, 0x0F, 0x17, 0x18, 0x16, 0x14, 0x18, 0x12, 0x14, 0x15, 0x14, 0xFF,
    0xDB, 0x00, 0x43, 0x01, 0x03, 0x04, 0x04, 0x05, 0x04, 0x05, 0x09, 0x05, 0x05, 0x09, 0x14, 0x0D,
    0x0B, 0x0D, 0x14, 0x14, 0x14, 0x14, 0x14, 0x14, 0x14, 0x14, 0x14, 0x14, 0x14, 0x14, 0x14, 0x14,
    0x14, 0x14, 0x14, 0x14, 0x14, 0x14, 0x14, 0x14, 0x14, 0x14, 0x14, 0x14, 0x14, 0x14, 0x14, 0x14,
    0x14, 0x14, 0x14, 0x14, 0x14, 0x14, 0x14, 0x14, 0x14, 0x14, 0x14, 0x14, 0x14, 0x14, 0x14, 0x14,
    0x14, 0x14, 0x14, 0x14, 0xFF, 0xC0, 0x00, 0x11, 0x08, 0x00, 0x76, 0x02, 0x28, 0x03, 0x01, 0x22,
    0x00, 0x02, 0x11, 0x01, 0x03, 0x11, 0x01, 0xFF, 0xC4, 0x00, 0x1F, 0x00, 0x00, 0x01, 0x05, 0x01,
    0x01, 0x01, 0x01, 0x01, 0x01, 0x00, 0x00, 0x00, 0x00, 0x00, 0x00, 0x00, 0x00, 0x01, 0x02, 0x03,
    0x04, 0x05, 0x06, 0x07, 0x08, 0x09, 0x0A, 0x0B, 0xFF, 0xC4, 0x00, 0xB5, 0x10, 0x00, 0x02, 0x01,
    0x03, 0x03, 0x02, 0x04, 0x03, 0x05, 0x05, 0x04, 0x04, 0x00, 0x00, 0x01, 0x7D, 0x01, 0x02, 0x03,
    0x00, 0x04, 0x11, 0x05, 0x12, 0x21, 0x31, 0x41, 0x06, 0x13, 0x51, 0x61, 0x07, 0x22, 0x71, 0x14,
    0x32, 0x81, 0x91, 0xA1, 0x08, 0x23, 0x42, 0xB1, 0xC1, 0x15, 0x52, 0xD1, 0xF0, 0x24, 0x33, 0x62,
    0x72, 0x82, 0x09, 0x0A, 0x16, 0x17, 0x18, 0x19, 0x1A, 0x25, 0x26, 0x27, 0x28, 0x29, 0x2A, 0x34,
    0x35, 0x36, 0x37, 0x38, 0x39, 0x3A, 0x43, 0x44, 0x45, 0x46, 0x47, 0x48, 0x49, 0x4A, 0x53, 0x54,
    0x55, 0x56, 0x57, 0x58, 0x59, 0x5A, 0x63, 0x64, 0x65, 0x66, 0x67, 0x68, 0x69, 0x6A, 0x73, 0x74,
    0x75, 0x76, 0x77, 0x78, 0x79, 0x7A, 0x83, 0x84, 0x85, 0x86, 0x87, 0x88, 0x89, 0x8A, 0x92, 0x93,
    0x94, 0x95, 0x96, 0x97, 0x98, 0x99, 0x9A, 0xA2, 0xA3, 0xA4, 0xA5, 0xA6, 0xA7, 0xA8, 0xA9, 0xAA,
    0xB2, 0xB3, 0xB4, 0xB5, 0xB6, 0xB7, 0xB8, 0xB9, 0xBA, 0xC2, 0xC3, 0xC4, 0xC5, 0xC6, 0xC7, 0xC8,
    0xC9, 0xCA, 0xD2, 0xD3, 0xD4, 0xD5, 0xD6, 0xD7, 0xD8, 0xD9, 0xDA, 0xE1, 0xE2, 0xE3, 0xE4, 0xE5,
    0xE6, 0xE7, 0xE8, 0xE9, 0xEA, 0xF1, 0xF2, 0xF3, 0xF4, 0xF5, 0xF6, 0xF7, 0xF8, 0xF9, 0xFA, 0xFF,
    0xC4, 0x00, 0x1F, 0x01, 0x00, 0x03, 0x01, 0x01, 0x01, 0x01, 0x01, 0x01, 0x01, 0x01, 0x01, 0x00,
    0x00, 0x00, 0x00, 0x00, 0x00, 0x01, 0x02, 0x03, 0x04, 0x05, 0x06, 0x07, 0x08, 0x09, 0x0A, 0x0B,
    0xFF, 0xC4, 0x00, 0xB5, 0x11, 0x00, 0x02, 0x01, 0x02, 0x04, 0x04, 0x03, 0x04, 0x07, 0x05, 0x04,
    0x04, 0x00, 0x01, 0x02, 0x77, 0x00, 0x01, 0x02, 0x03, 0x11, 0x04, 0x05, 0x21, 0x31, 0x06, 0x12,
    0x41, 0x51, 0x07, 0x61, 0x71, 0x13, 0x22, 0x32, 0x81, 0x08, 0x14, 0x42, 0x91, 0xA1, 0xB1, 0xC1,
    0x09, 0x23, 0x33, 0x52, 0xF0, 0x15, 0x62, 0x72, 0xD1, 0x0A, 0x16, 0x24, 0x34, 0xE1, 0x25, 0xF1,
    0x17, 0x18, 0x19, 0x1A, 0x26, 0x27, 0x28, 0x29, 0x2A, 0x35, 0x36, 0x37, 0x38, 0x39, 0x3A, 0x43,
    0x44, 0x45, 0x46, 0x47, 0x48, 0x49, 0x4A, 0x53, 0x54, 0x55, 0x56, 0x57, 0x58, 0x59, 0x5A, 0x63,
    0x64, 0x65, 0x66, 0x67, 0x68, 0x69, 0x6A, 0x73, 0x74, 0x75, 0x76, 0x77, 0x78, 0x79, 0x7A, 0x82,
    0x83, 0x84, 0x85, 0x86, 0x87, 0x88, 0x89, 0x8A, 0x92, 0x93, 0x94, 0x95, 0x96, 0x97, 0x98, 0x99,
    0x9A, 0xA2, 0xA3, 0xA4, 0xA5, 0xA6, 0xA7, 0xA8, 0xA9, 0xAA, 0xB2, 0xB3, 0xB4, 0xB5, 0xB6, 0xB7,
    0xB8, 0xB9, 0xBA, 0xC2, 0xC3, 0xC4, 0xC5, 0xC6, 0xC7, 0xC8, 0xC9, 0xCA, 0xD2, 0xD3, 0xD4, 0xD5,
    0xD6, 0xD7, 0xD8, 0xD9, 0xDA, 0xE2, 0xE3, 0xE4, 0xE5, 0xE6, 0xE7, 0xE8, 0xE9, 0xEA, 0xF2, 0xF3,
    0xF4, 0xF5, 0xF6, 0xF7, 0xF8, 0xF9, 0xFA, 0xFF, 0xDA, 0x00, 0x0F, 0x03, 0x01, 0x00, 0x02, 0x11,
    0x03, 0x11, 0x00, 0x3F, 0x00, 0x00, 0x00, 0x00, 0xF9, 0x92, 0xF6, 0xF2, 0xCF, 0xC3, 0x1A, 0x6C,
    0x57, 0xB7, 0xB1, 0x7D, 0xAA, 0xEA, 0xE3, 0x26, 0xDA, 0xD0, 0x9C, 0x02, 0x07, 0xF1, 0xB7, 0xB7,
    0xB7, 0x7F, 0xE5, 0xCD, 0xCB, 0xF1, 0x3F, 0xC4, 0x05, 0xC9, 0x82, 0xE6, 0x2B, 0x48, 0xFB, 0x45,
    0x0D, 0xBA, 0x6D, 0x1F, 0x98, 0x26, 0x8F, 0x89, 0xF2, 0x13, 0xE3, 0x0B, 0x98, 0x7F, 0xE5, 0x9D,
    0xBC, 0x71, 0x45, 0x18, 0xF4, 0x5D, 0x80, 0xE3, 0xF3, 0x63, 0x5C, 0x9D, 0x4A, 0x57, 0xD5, 0x9F,
    0x35, 0x83, 0xC1, 0xD0, 0xCC, 0x68, 0x47, 0x19, 0x8C, 0x8A, 0xA8, 0xEA, 0x2E, 0x64, 0xA5, 0xAA,
    0x8A, 0x7A, 0xA4, 0x93, 0xD1, 0x59, 0x5A, 0xEE, 0xD7, 0x6E, 0xFA, 0xEC, 0x8E, 0xA7, 0xFE, 0x16,
    0x77, 0x89, 0xBF, 0xE8, 0x25, 0xFF, 0x00, 0x90, 0x22, 0xFF, 0x00, 0xE2, 0x68, 0xFF, 0x00, 0x85,
    0x9D, 0xE2, 0x6F, 0xFA, 0x09, 0x7F, 0xE4, 0x08, 0xBF, 0xF8, 0x9A, 0xE5, 0xA8, 0xA7, 0x65, 0xD8,
    0xED, 0xFE, 0xC6, 0xCB, 0x7F, 0xE8, 0x1A, 0x1F, 0xF8, 0x0C, 0x7F, 0xC8, 0xEA, 0x7F, 0xE1, 0x67,
    0x78, 0x9B, 0xFE, 0x82, 0x5F, 0xF9, 0x02, 0x2F, 0xFE, 0x26, 0x8F, 0xF8, 0x59, 0xDE, 0x26, 0xFF,
    0x00, 0xA0, 0x97, 0xFE, 0x40, 0x8B, 0xFF, 0x00, 0x89, 0xAE, 0x5A, 0x8A, 0x2C, 0xBB, 0x07, 0xF6,
    0x36, 0x5B, 0xFF, 0x00, 0x40, 0xD0, 0xFF, 0x00, 0xC0, 0x63, 0xFE, 0x47, 0x53, 0xFF, 0x00, 0x0B,
    0x3B, 0xC4, 0xDF, 0xF4, 0x12, 0xFF, 0x00, 0xC8, 0x11, 0x7F, 0xF1, 0x34, 0x7F, 0xC2, 0xCE, 0xF1,
    0x37, 0xFD, 0x04, 0xBF, 0xF2, 0x04, 0x5F, 0xFC, 0x4D, 0x72, 0xD4, 0x51, 0x65, 0xD8, 0x3F, 0xB1,
    0xB2, 0xDF, 0xFA, 0x06, 0x87, 0xFE, 0x03, 0x1F, 0xF2, 0x3A, 0x9F, 0xF8, 0x59, 0xDE, 0x26, 0xFF,
    0x00, 0xA0, 0x97, 0xFE, 0x40, 0x8B, 0xFF, 0x00, 0x89, 0xA3, 0xFE, 0x16, 0x77, 0x89, 0xBF, 0xE8,
    0x25, 0xFF, 0x00, 0x90, 0x22, 0xFF, 0x00, 0xE2, 0x6B, 0x96, 0xA2, 0x8B, 0x2E, 0xC1, 0xFD, 0x8D,
    0x96, 0xFF, 0x00, 0xD0, 0x34, 0x3F, 0xF0, 0x18, 0xFF, 0x00, 0x91, 0xD4, 0xFF, 0x00, 0xC2, 0xCE,
    0xF1, 0x37, 0xFD, 0x04, 0xBF, 0xF2, 0x04, 0x5F, 0xFC, 0x4D, 0x1F, 0xF0, 0xB3, 0xBC, 0x4D, 0xFF,
    0x00, 0x41, 0x2F, 0xFC, 0x81, 0x17, 0xFF, 0x00, 0x13, 0x5C, 0xB5, 0x14, 0x59, 0x76, 0x0F, 0xEC,
    0x6C, 0xB7, 0xFE, 0x81, 0xA1, 0xFF, 0x00, 0x80, 0xC7, 0xFC, 0x8E, 0xA7, 0xFE, 0x16, 0x77, 0x89,
    0xBF, 0xE8, 0x25, 0xFF, 0x00, 0x90, 0x22, 0xFF, 0x00, 0xE2, 0x68, 0xFF, 0x00, 0x85, 0x9D, 0xE2,
    0x6F, 0xFA, 0x09, 0x7F, 0xE4, 0x08, 0xBF, 0xF8, 0x9A, 0xE5, 0xA8, 0xA2, 0xCB, 0xB0, 0x7F, 0x63,
    0x65, 0xBF, 0xF4, 0x0D, 0x0F, 0xFC, 0x06, 0x3F, 0xE4, 0x75, 0x3F, 0xF0, 0xB3, 0xBC, 0x4D, 0xFF,
    0x00, 0x41, 0x2F, 0xFC, 0x81, 0x17, 0xFF, 0x00, 0x13, 0x47, 0xFC, 0x2C, 0xEF, 0x13, 0x7F, 0xD0,
    0x4B, 0xFF, 0x00, 0x20, 0x45, 0xFF, 0x00, 0xC4, 0xD7, 0x2D, 0x45, 0x16, 0x5D, 0x83, 0xFB, 0x1B,
    0x2D, 0xFF, 0x00, 0xA0, 0x68, 0x7F, 0xE0, 0x31, 0xFF, 0x00, 0x23, 0xA9, 0xFF, 0x00, 0x85, 0x9D,
    0xE2, 0x6F, 0xFA, 0x09, 0x7F, 0xE4, 0x08, 0xBF, 0xF8, 0x9A, 0x3F, 0xE1, 0x67, 0x78, 0x9B, 0xFE,
    0x82, 0x5F, 0xF9, 0x02, 0x2F, 0xFE, 0x26, 0xB9, 0x6A, 0x28, 0xB2, 0xEC, 0x1F, 0xD8, 0xD9, 0x6F,
    0xFD, 0x03, 0x43, 0xFF, 0x00, 0x01, 0x8F, 0xF9, 0x1D, 0x4F, 0xFC, 0x2C, 0xEF, 0x13, 0x7F, 0xD0,
    0x4B, 0xFF, 0x00, 0x20, 0x45, 0xFF, 0x00, 0xC4, 0xD1, 0xFF, 0x00, 0x0B, 0x3B, 0xC4, 0xDF, 0xF4,
    0x12, 0xFF, 0x00, 0xC8, 0x11, 0x7F, 0xF1, 0x35, 0xCB, 0x51, 0x45, 0x97, 0x60, 0xFE, 0xC6, 0xCB,
    0x7F, 0xE8, 0x1A, 0x1F, 0xF8, 0x0C, 0x7F, 0xC8, 0xEA, 0x7F, 0xE1, 0x67, 0x78, 0x9B, 0xFE, 0x82,
    0x5F, 0xF9, 0x02, 0x2F, 0xFE, 0x26, 0x8F, 0xF8, 0x59, 0xDE, 0x26, 0xFF, 0x00, 0xA0, 0x97, 0xFE,
    0x40, 0x8B, 0xFF, 0x00, 0x89, 0xAE, 0x5A, 0x8A, 0x2C, 0xBB, 0x07, 0xF6, 0x36, 0x5B, 0xFF, 0x00,
    0x40, 0xD0, 0xFF, 0x00, 0xC0, 0x63, 0xFE, 0x47, 0x53, 0xFF, 0x00, 0x0B, 0x3B, 0xC4, 0xDF, 0xF4,
    0x12, 0xFF, 0x00, 0xC8, 0x11, 0x7F, 0xF1, 0x34, 0x7F, 0xC2, 0xCE, 0xF1, 0x37, 0xFD, 0x04, 0xBF,
    0xF2, 0x04, 0x5F, 0xFC, 0x4D, 0x72, 0xD4, 0x51, 0x65, 0xD8, 0x3F, 0xB1, 0xB2, 0xDF, 0xFA, 0x06,
    0x87, 0xFE, 0x03, 0x1F, 0xF2, 0x3A, 0x9F, 0xF8, 0x59, 0xDE, 0x26, 0xFF, 0x00, 0xA0, 0x97, 0xFE,
    0x40, 0x8B, 0xFF, 0x00, 0x89, 0xA3, 0xFE, 0x16, 0x77, 0x89, 0xBF, 0xE8, 0x25, 0xFF, 0x00, 0x90,
    0x22, 0xFF, 0x00, 0xE2, 0x6B, 0x96, 0xA2, 0x8B, 0x2E, 0xC1, 0xFD, 0x8D, 0x96, 0xFF, 0x00, 0xD0,
    0x34, 0x3F, 0xF0, 0x18, 0xFF, 0x00, 0x91, 0xD4, 0xFF, 0x00, 0xC2, 0xCE, 0xF1, 0x37, 0xFD, 0x04,
    0xBF, 0xF2, 0x04, 0x5F, 0xFC, 0x4D, 0x1F, 0xF0, 0xB3, 0xBC, 0x4D, 0xFF, 0x00, 0x41, 0x2F, 0xFC,
    0x81, 0x17, 0xFF, 0x00, 0x13, 0x5C, 0xB5, 0x14, 0x59, 0x76, 0x0F, 0xEC, 0x6C, 0xB7, 0xFE, 0x81,
    0xA1, 0xFF, 0x00, 0x80, 0xC7, 0xFC, 0x8E, 0xA7, 0xFE, 0x16, 0x77, 0x89, 0xBF, 0xE8, 0x25, 0xFF,
    0x00, 0x90, 0x22, 0xFF, 0x00, 0xE2, 0x68, 0xFF, 0x00, 0x85, 0x9D, 0xE2, 0x6F, 0xFA, 0x09, 0x7F,
    0xE4, 0x08, 0xBF, 0xF8, 0x9A, 0xE5, 0xA8, 0xA2, 0xCB, 0xB0, 0x7F, 0x63, 0x65, 0xBF, 0xF4, 0x0D,
    0x0F, 0xFC, 0x06, 0x3F, 0xE4, 0x75, 0x3F, 0xF0, 0xB3, 0xBC, 0x4D, 0xFF, 0x00, 0x41, 0x2F, 0xFC,
    0x81, 0x17, 0xFF, 0x00, 0x13, 0x47, 0xFC, 0x2C, 0xEF, 0x13, 0x7F, 0xD0, 0x4B, 0xFF, 0x00, 0x20,
    0x45, 0xFF, 0x00, 0xC4, 0xD7, 0x2D, 0x45, 0x16, 0x5D, 0x83, 0xFB, 0x1B, 0x2D, 0xFF, 0x00, 0xA0,
    0x68, 0x7F, 0xE0, 0x31, 0xFF, 0x00, 0x23, 0xA9, 0xFF, 0x00, 0x85, 0x9D, 0xE2, 0x6F, 0xFA, 0x09,
    0x7F, 0xE4, 0x08, 0xBF, 0xF8, 0x9A, 0x3F, 0xE1, 0x67, 0x78, 0x9B, 0xFE, 0x82, 0x5F, 0xF9, 0x02,
    0x2F, 0xFE, 0x26, 0xB9, 0x6A, 0x28, 0xB2, 0xEC, 0x1F, 0xD8, 0xD9, 0x6F, 0xFD, 0x03, 0x43, 0xFF,
    0x00, 0x01, 0x8F, 0xF9, 0x1D, 0x4F, 0xFC, 0x2C, 0xEF, 0x13, 0x7F, 0xD0, 0x4B, 0xFF, 0x00, 0x20,
    0x45, 0xFF, 0x00, 0xC4, 0xD1, 0xFF, 0x00, 0x0B, 0x3B, 0xC4, 0xDF, 0xF4, 0x12, 0xFF, 0x00, 0xC8,
    0x11, 0x7F, 0xF1, 0x35, 0xCB, 0x51, 0x45, 0x97, 0x60, 0xFE, 0xC6, 0xCB, 0x7F, 0xE8, 0x1A, 0x1F,
    0xF8, 0x0C, 0x7F, 0xC8, 0xEA, 0x7F, 0xE1, 0x67, 0x78, 0x9B, 0xFE, 0x82, 0x5F, 0xF9, 0x02, 0x2F,
    0xFE, 0x26, 0x8F, 0xF8, 0x59, 0xDE, 0x26, 0xFF, 0x00, 0xA0, 0x97, 0xFE, 0x40, 0x8B, 0xFF, 0x00,
    0x89, 0xAE, 0x5A, 0x8A, 0x2C, 0xBB, 0x07, 0xF6, 0x36, 0x5B, 0xFF, 0x00, 0x40, 0xD0, 0xFF, 0x00,
    0xC0, 0x63, 0xFE, 0x47, 0x53, 0xFF, 0x00, 0x0B, 0x3B, 0xC4, 0xDF, 0xF4, 0x12, 0xFF, 0x00, 0xC8,
    0x11, 0x7F, 0xF1, 0x34, 0x7F, 0xC2, 0xCE, 0xF1, 0x37, 0xFD, 0x04, 0xBF, 0xF2, 0x04, 0x5F, 0xFC,
    0x4D, 0x72, 0xD4, 0x51, 0x65, 0xD8, 0x3F, 0xB1, 0xB2, 0xDF, 0xFA, 0x06, 0x87, 0xFE, 0x03, 0x1F,
    0xF2, 0x3A, 0x9F, 0xF8, 0x59, 0xDE, 0x26, 0xFF, 0x00, 0xA0, 0x97, 0xFE, 0x40, 0x8B, 0xFF, 0x00,
    0x89, 0xA3, 0xFE, 0x16, 0x77, 0x89, 0xBF, 0xE8, 0x25, 0xFF, 0x00, 0x90, 0x22, 0xFF, 0x00, 0xE2,
    0x6B, 0x96, 0xA2, 0x8B, 0x2E, 0xC1, 0xFD, 0x8D, 0x96, 0xFF, 0x00, 0xD0, 0x34, 0x3F, 0xF0, 0x18,
    0xFF, 0x00, 0x91, 0xD4, 0xFF, 0x00, 0xC2, 0xCE, 0xF1, 0x37, 0xFD, 0x04, 0xBF, 0xF2, 0x04, 0x5F,
    0xFC, 0x4D, 0x1F, 0xF0, 0xB3, 0xBC, 0x4D, 0xFF, 0x00, 0x41, 0x2F, 0xFC, 0x81, 0x17, 0xFF, 0x00,
    0x13, 0x5C, 0xB5, 0x14, 0x59, 0x76, 0x0F, 0xEC, 0x6C, 0xB7, 0xFE, 0x81, 0xA1, 0xFF, 0x00, 0x80,
    0xC7, 0xFC, 0x8E, 0xA7, 0xFE, 0x16, 0x77, 0x89, 0xBF, 0xE8, 0x25, 0xFF, 0x00, 0x90, 0x22, 0xFF,
    0x00, 0xE2, 0x68, 0xFF, 0x00, 0x85, 0x9D, 0xE2, 0x6F, 0xFA, 0x09, 0x7F, 0xE4, 0x08, 0xBF, 0xF8,
    0x9A, 0xE5, 0xA8, 0xA2, 0xCB, 0xB0, 0x7F, 0x63, 0x65, 0xBF, 0xF4, 0x0D, 0x0F, 0xFC, 0x06, 0x3F,
    0xE4, 0x75, 0x3F, 0xF0, 0xB3, 0xBC, 0x4D, 0xFF, 0x00, 0x41, 0x2F, 0xFC, 0x81, 0x17, 0xFF, 0x00,
    0x13, 0x47, 0xFC, 0x2C, 0xEF, 0x13, 0x7F, 0xD0, 0x4B, 0xFF, 0x00, 0x20, 0x45, 0xFF, 0x00, 0xC4,
    0xD7, 0x2D, 0x45, 0x16, 0x5D, 0x83, 0xFB, 0x1B, 0x2D, 0xFF, 0x00, 0xA0, 0x68, 0x7F, 0xE0, 0x31,
    0xFF, 0x00, 0x23, 0xA9, 0xFF, 0x00, 0x85, 0x9D, 0xE2, 0x6F, 0xFA, 0x09, 0x7F, 0xE4, 0x08, 0xBF,
    0xF8, 0x9A, 0x3F, 0xE1, 0x67, 0x78, 0x9B, 0xFE, 0x82, 0x5F, 0xF9, 0x02, 0x2F, 0xFE, 0x26, 0xB9,
    0x6A, 0x28, 0xB2, 0xEC, 0x1F, 0xD8, 0xD9, 0x6F, 0xFD, 0x03, 0x43, 0xFF, 0x00, 0x01, 0x8F, 0xF9,
    0x1D, 0x4F, 0xFC, 0x2C, 0xEF, 0x13, 0x7F, 0xD0, 0x4B, 0xFF, 0x00, 0x20, 0x45, 0xFF, 0x00, 0xC4,
    0xD1, 0xFF, 0x00, 0x0B, 0x3B, 0xC4, 0xDF, 0xF4, 0x12, 0xFF, 0x00, 0xC8, 0x11, 0x7F, 0xF1, 0x35,
    0xCB, 0x51, 0x45, 0x97, 0x60, 0xFE, 0xC6, 0xCB, 0x7F, 0xE8, 0x1A, 0x1F, 0xF8, 0x0C, 0x7F, 0xC8,
    0xEA, 0x7F, 0xE1, 0x67, 0x78, 0x9B, 0xFE, 0x82, 0x5F, 0xF9, 0x02, 0x2F, 0xFE, 0x26, 0x8F, 0xF8,
    0x59, 0xDE, 0x26, 0xFF, 0x00, 0xA0, 0x97, 0xFE, 0x40, 0x8B, 0xFF, 0x00, 0x89, 0xAE, 0x5A, 0x8A,
    0x2C, 0xBB, 0x07, 0xF6, 0x36, 0x5B, 0xFF, 0x00, 0x40, 0xD0, 0xFF, 0x00, 0xC0, 0x63, 0xFE, 0x47,
    0x53, 0xFF, 0x00, 0x0B, 0x3B, 0xC4, 0xDF, 0xF4, 0x12, 0xFF, 0x00, 0xC8, 0x11, 0x7F, 0xF1, 0x34,
    0x7F, 0xC2, 0xCE, 0xF1, 0x37, 0xFD, 0x04, 0xBF, 0xF2, 0x04, 0x5F, 0xFC, 0x4D, 0x72, 0xD4, 0x51,
    0x65, 0xD8, 0x3F, 0xB1, 0xB2, 0xDF, 0xFA, 0x06, 0x87, 0xFE, 0x03, 0x1F, 0xF2, 0x3A, 0x9F, 0xF8,
    0x59, 0xDE, 0x26, 0xFF, 0x00, 0xA0, 0x97, 0xFE, 0x40, 0x8B, 0xFF, 0x00, 0x89, 0xA3, 0xFE, 0x16,
    0x77, 0x89, 0xBF, 0xE8, 0x25, 0xFF, 0x00, 0x90, 0x22, 0xFF, 0x00, 0xE2, 0x6B, 0x96, 0xA2, 0x8B,
    0x2E, 0xC1, 0xFD, 0x8D, 0x96, 0xFF, 0x00, 0xD0, 0x34, 0x3F, 0xF0, 0x18, 0xFF, 0x00, 0x91, 0xD4,
    0xFF, 0x00, 0xC2, 0xCE, 0xF1, 0x37, 0xFD, 0x04, 0xBF, 0xF2, 0x04, 0x5F, 0xFC, 0x4D, 0x1F, 0xF0,
    0xB3, 0xBC, 0x4D, 0xFF, 0x00, 0x41, 0x2F, 0xFC, 0x81, 0x17, 0xFF, 0x00, 0x13, 0x5C, 0xB5, 0x14,
    0x59, 0x76, 0x0F, 0xEC, 0x6C, 0xB7, 0xFE, 0x81, 0xA1, 0xFF, 0x00, 0x80, 0xC7, 0xFC, 0x8E, 0xA7,
    0xFE, 0x16, 0x77, 0x89, 0xBF, 0xE8, 0x25, 0xFF, 0x00, 0x90, 0x22, 0xFF, 0x00, 0xE2, 0x68, 0xFF,
    0x00, 0x85, 0x9D, 0xE2, 0x6F, 0xFA, 0x09, 0x7F, 0xE4, 0x08, 0xBF, 0xF8, 0x9A, 0xE5, 0xA8, 0xA2,
    0xCB, 0xB0, 0x7F, 0x63, 0x65, 0xBF, 0xF4, 0x0D, 0x0F, 0xFC, 0x06, 0x3F, 0xE4, 0x75, 0x3F, 0xF0,
    0xB3, 0xBC, 0x4D, 0xFF, 0x00, 0x41, 0x2F, 0xFC, 0x81, 0x17, 0xFF, 0x00, 0x13, 0x47, 0xFC, 0x2C,
    0xEF, 0x13, 0x7F, 0xD0, 0x4B, 0xFF, 0x00, 0x20, 0x45, 0xFF, 0x00, 0xC4, 0xD7, 0x2D, 0x45, 0x16,
    0x5D, 0x83, 0xFB, 0x1B, 0x2D, 0xFF, 0x00, 0xA0, 0x68, 0x7F, 0xE0, 0x31, 0xFF, 0x00, 0x23, 0xA9,
    0xFF, 0x00, 0x85, 0x9D, 0xE2, 0x6F, 0xFA, 0x09, 0x7F, 0xE4, 0x08, 0xBF, 0xF8, 0x9A, 0x3F, 0xE1,
    0x67, 0x78, 0x9B, 0xFE, 0x82, 0x5F, 0xF9, 0x02, 0x2F, 0xFE, 0x26, 0xB9, 0x6A, 0x28, 0xB2, 0xEC,
    0x1F, 0xD8, 0xD9, 0x6F, 0xFD, 0x03, 0x43, 0xFF, 0x00, 0x01, 0x8F, 0xF9, 0x1D, 0x4F, 0xFC, 0x2C,
    0xEF, 0x13, 0x7F, 0xD0, 0x4B, 0xFF, 0x00, 0x20, 0x45, 0xFF, 0x00, 0xC4, 0xD2, 0x37, 0xC4, 0x9D,
    0x72, 0x70, 0x52, 0xF2, 0x5B, 0x7B, 0xF8, 0x0F, 0xDE, 0x82, 0xE6, 0xDA, 0x36, 0x46, 0xFA, 0x80,
    0x05, 0x72, 0xF4, 0x51, 0x64, 0x1F, 0xD8, 0xD9, 0x6F, 0xFD, 0x03, 0x43, 0xFF, 0x00, 0x01, 0x4B,
    0xF1, 0x56, 0x7F, 0x89, 0x6B, 0xC5, 0xBE, 0x12, 0xD2, 0xF5, 0xDD, 0x0E, 0xE7, 0x5E, 0xD0, 0x6D,
    0xBE, 0xC1, 0x73, 0x69, 0x86, 0xBE, 0xD3, 0x94, 0xE5, 0x02, 0x1F, 0xF9, 0x69, 0x1F, 0xB7, 0xA8,
    0xED, 0xF8, 0x72, 0x56, 0xF7, 0xC3, 0x71, 0xE7, 0xF8, 0xA6, 0x2B, 0x36, 0xE6, 0x1B, 0xC8, 0x66,
    0x82, 0x55, 0xFE, 0xF2, 0x98, 0xD8, 0xE3, 0xF4, 0x14, 0x54, 0x39, 0x72, 0xE8, 0x7C, 0xC6, 0x37,
    0x3E, 0xA7, 0xC3, 0xB5, 0xDE, 0x0E, 0xBA, 0x94, 0xE2, 0xD2, 0x94, 0x75, 0xBB, 0x49, 0xDD, 0x59,
    0xB7, 0xAB, 0xB3, 0x5A, 0x37, 0xAD, 0x9D, 0x9B, 0x76, 0xB8, 0xBF, 0x13, 0xBF, 0xE4, 0x78, 0xD4,
    0xBF, 0xED, 0x97, 0xFE, 0x8A, 0x4A, 0xE5, 0xAB, 0xA9, 0xF8, 0x9D, 0xFF, 0x00, 0x23, 0xC6, 0xA5,
    0xFF, 0x00, 0x6C, 0xBF, 0xF4, 0x52, 0x57, 0x2D, 0x56, 0xB6, 0x47, 0xD3, 0xE4, 0xDF, 0xF2, 0x2D,
    0xC3, 0x7F, 0x82, 0x3F, 0xFA, 0x4A, 0x0A, 0x28, 0xA2, 0x99, 0xEC, 0x05, 0x14, 0x51, 0xD4, 0xD0,
    0x01, 0x45, 0x4C, 0x6C, 0xE7, 0x55, 0xDC, 0x60, 0x90, 0x2F, 0xF7, 0x8A, 0x1C, 0x54, 0x34, 0x12,
    0xA4, 0xA5, 0xB3, 0xB8, 0x51, 0x45, 0x14, 0x14, 0x14, 0x51, 0x45, 0x00, 0x14, 0x51, 0x45, 0x00,
    0x14, 0x51, 0x45, 0x00, 0x14, 0x51, 0x45, 0x00, 0x14, 0x51, 0x45, 0x00, 0x14, 0x51, 0x45, 0x00,
    0x14, 0x51, 0x45, 0x00, 0x14, 0x51, 0x45, 0x00, 0x14, 0x51, 0x45, 0x00, 0x14, 0x51, 0x45, 0x00,
    0x14, 0x51, 0x45, 0x00, 0x14, 0x51, 0x45, 0x00, 0x14, 0x51, 0x45, 0x00, 0x14, 0x51, 0x45, 0x00,
    0x14, 0x51, 0x45, 0x00, 0x14, 0x51, 0x45, 0x00, 0x14, 0x51, 0x45, 0x00, 0x14, 0x51, 0x45, 0x00,
    0x14, 0x51, 0x45, 0x00, 0x14, 0x51, 0x45, 0x00, 0x14, 0x51, 0x45, 0x00, 0x14, 0x51, 0x45, 0x00,
    0x14, 0x51, 0x45, 0x00, 0x14, 0x51, 0x45, 0x00, 0x14, 0x51, 0x45, 0x00, 0x14, 0x51, 0x45, 0x00,
    0x14, 0x51, 0x45, 0x00, 0x14, 0x51, 0x45, 0x00, 0x14, 0x51, 0x45, 0x00, 0x75, 0x3F, 0x0C, 0x7F,
    0xE4, 0x78, 0xD3, 0x7F, 0xED, 0xAF, 0xFE, 0x8A, 0x7A, 0x28, 0xF8, 0x63, 0xFF, 0x00, 0x23, 0xC6,
    0x9B, 0xFF, 0x00, 0x6D, 0x7F, 0xF4, 0x53, 0xD1, 0x58, 0x4F, 0x73, 0xF0, 0x7E, 0x3C, 0xFF, 0x00,
    0x91, 0x95, 0x3F, 0xF0, 0x2F, 0xFD, 0x2A, 0x41, 0xF1, 0x3B, 0xFE, 0x47, 0x8D, 0x4B, 0xFE, 0xD9,
    0x7F, 0xE8, 0xA4, 0xAE, 0x5A, 0xBA, 0x9F, 0x89, 0xDF, 0xF2, 0x3C, 0x6A, 0x5F, 0xF6, 0xCB, 0xFF,
    0x00, 0x45, 0x25, 0x72, 0xD5, 0xB2, 0xD9, 0x1F, 0xB0, 0x64, 0xDF, 0xF2, 0x2D, 0xC3, 0x7F, 0x82,
    0x3F, 0xFA, 0x4A, 0x0A, 0x28, 0xAF, 0x42, 0xF8, 0x53, 0xE1, 0x04, 0xD5, 0x2E, 0x9B, 0x55, 0xBB,
    0x8C, 0x3D, 0xB5, 0xBB, 0x6D, 0x89, 0x18, 0x70, 0xD2, 0x75, 0xCF, 0xD0, 0x71, 0xF8, 0xFD, 0x28,
    0x6E, 0xCA, 0xE6, 0xB9, 0x96, 0x61, 0x47, 0x2B, 0xC2, 0xCF, 0x15, 0x5B, 0x68, 0xF4, 0xEE, 0xFA,
    0x25, 0xEB, 0xFE, 0x6C, 0x7F, 0x83, 0xBE, 0x15, 0x49, 0xA9, 0x43, 0x1D, 0xE6, 0xAE, 0xCF, 0x6F,
    0x03, 0x7C, 0xC9, 0x6E, 0xBC, 0x3B, 0x8F, 0x56, 0x3F, 0xC2, 0x3D, 0xBA, 0xFD, 0x2B, 0xD3, 0xB4,
    0xBF, 0x0F, 0x69, 0xBA, 0x32, 0x2A, 0xD9, 0x59, 0x43, 0x6F, 0x81, 0x8D, 0xCA, 0xA3, 0x71, 0xFA,
    0xB7, 0x53, 0xF9, 0xD6, 0x85, 0x15, 0xCE, 0xE4, 0xD9, 0xFC, 0xE5, 0x9A, 0x67, 0xB8, 0xEC, 0xDA,
    0x6D, 0xD6, 0x9B, 0x51, 0xE9, 0x14, 0xED, 0x15, 0xF2, 0xEB, 0xEA, 0xEE, 0x15, 0x93, 0xAB, 0xF8,
    0x53, 0x49, 0xD7, 0x10, 0x8B, 0xCB, 0x18, 0xA4, 0x73, 0xFF, 0x00, 0x2D, 0x54, 0x6D, 0x71, 0xFF,
    0x00, 0x02, 0x1C, 0xD6, 0xB5, 0x14, 0x8F, 0x16, 0x8D, 0x7A, 0xB8, 0x79, 0xAA, 0x94, 0x66, 0xE3,
    0x25, 0xD5, 0x36, 0x9F, 0xE0, 0x78, 0x9F, 0x8D, 0x3E, 0x1A, 0x5C, 0x78, 0x75, 0x1E, 0xF2, 0xCD,
    0xDA, 0xEF, 0x4F, 0x1C, 0xB6, 0x47, 0xEF, 0x22, 0xFA, 0xE3, 0xA8, 0xF7, 0x1F, 0x95, 0x71, 0x15,
    0xF5, 0x1B, 0x28, 0x75, 0x2A, 0xC0, 0x32, 0x9E, 0x08, 0x3D, 0x0D, 0x78, 0x57, 0xC4, 0x8F, 0x09,
    0x2F, 0x86, 0xB5, 0x75, 0x92, 0xD9, 0x76, 0xD8, 0xDD, 0x65, 0xA3, 0x03, 0xA2, 0x30, 0xFB, 0xCB,
    0xFA, 0x82, 0x3E, 0xBE, 0xD5, 0xB4, 0x65, 0x7D, 0x19, 0xFB, 0x6F, 0x0A, 0xF1, 0x3C, 0xF3, 0x09,
    0x7D, 0x47, 0x1A, 0xEF, 0x52, 0xDE, 0xEC, 0xBF, 0x9A, 0xDB, 0xA7, 0xE7, 0xD7, 0xCF, 0x5E, 0xBB,
    0xF2, 0x34, 0x51, 0x45, 0x68, 0x7E, 0x9A, 0x14, 0x51, 0x45, 0x00, 0x14, 0x51, 0x45, 0x00, 0x14,
    0x51, 0x45, 0x00, 0x14, 0x51, 0x45, 0x00, 0x14, 0x51, 0x45, 0x00, 0x14, 0x51, 0x45, 0x00, 0x14,
    0x51, 0x45, 0x00, 0x14, 0x51, 0x45, 0x00, 0x14, 0x51, 0x45, 0x00, 0x14, 0x51, 0x45, 0x00, 0x14,
    0x51, 0x45, 0x00, 0x14, 0x51, 0x45, 0x00, 0x14, 0x51, 0x45, 0x00, 0x14, 0x51, 0x45, 0x00, 0x14,
    0x51, 0x45, 0x00, 0x14, 0x51, 0x45, 0x00, 0x14, 0x51, 0x45, 0x00, 0x14, 0x51, 0x45, 0x00, 0x14,
    0x51, 0x45, 0x00, 0x14, 0x51, 0x45, 0x00, 0x14, 0x51, 0x45, 0x00, 0x14, 0x51, 0x45, 0x00, 0x14,
    0x51, 0x45, 0x00, 0x14, 0x51, 0x45, 0x00, 0x14, 0x51, 0x45, 0x00, 0x14, 0x51, 0x45, 0x00, 0x14,
    0x51, 0x45, 0x00, 0x14, 0x51, 0x45, 0x00, 0x75, 0x3F, 0x0C, 0x7F, 0xE4, 0x78, 0xD3, 0x7F, 0xED,
    0xAF, 0xFE, 0x8A, 0x7A, 0x28, 0xF8, 0x63, 0xFF, 0x00, 0x23, 0xC6, 0x9B, 0xFF, 0x00, 0x6D, 0x7F,
    0xF4, 0x53, 0xD1, 0x58, 0x4F, 0x73, 0xF0, 0x7E, 0x3C, 0xFF, 0x00, 0x91, 0x95, 0x3F, 0xF0, 0x2F,
    0xFD, 0x2A, 0x41, 0xF1, 0x3B, 0xFE, 0x47, 0x8D, 0x4B, 0xFE, 0xD9, 0x7F, 0xE8, 0xA4, 0xAE, 0x5A,
    0xBA, 0x9F, 0x89, 0xDF, 0xF2, 0x3C, 0x6A, 0x5F, 0xF6, 0xCB, 0xFF, 0x00, 0x45, 0x25, 0x72, 0xD5,
    0xB2, 0xD9, 0x1F, 0xB0, 0x64, 0xDF, 0xF2, 0x2D, 0xC3, 0x7F, 0x82, 0x3F, 0xFA, 0x4A, 0x0A, 0xFA,
    0x33, 0xC2, 0x3A, 0x62, 0xE9, 0x1E, 0x1A, 0xD3, 0xED, 0x95, 0x76, 0x95, 0x85, 0x59, 0xFF, 0x00,
    0xDE, 0x6E, 0x5B, 0xF5, 0x26, 0xBE, 0x73, 0xAF, 0xA7, 0xAD, 0x59, 0x5E, 0xDA, 0x16, 0x4F, 0xB8,
    0xC8, 0x08, 0xFA, 0x62, 0xB3, 0xA8, 0x7E, 0x7F, 0xE2, 0x05, 0x59, 0xAA, 0x18, 0x7A, 0x4B, 0x66,
    0xE4, 0xDF, 0xAA, 0x4A, 0xDF, 0x9B, 0x25, 0xA2, 0xB2, 0xFC, 0x4F, 0xA9, 0x5D, 0xE9, 0x3A, 0x25,
    0xD5, 0xD5, 0x95, 0xB1, 0xBB, 0xB8, 0x8D, 0x72, 0xB1, 0xFA, 0x7A, 0xB1, 0x1D, 0xC0, 0xEB, 0x81,
    0x5E, 0x77, 0xE0, 0x5F, 0x89, 0xF3, 0x47, 0x74, 0x6C, 0xF5, 0xA9, 0xCC, 0x91, 0x4C, 0xE4, 0xA5,
    0xD3, 0xF5, 0x8D, 0x89, 0xE8, 0x7F, 0xD9, 0xFE, 0x5F, 0x4E, 0x99, 0xA8, 0xB6, 0xAE, 0x7E, 0x6F,
    0x82, 0xC8, 0xF1, 0x79, 0x86, 0x12, 0xAE, 0x33, 0x0E, 0x93, 0x50, 0xE9, 0x7F, 0x79, 0xF5, 0x76,
    0x5E, 0x4B, 0xEF, 0xE9, 0x7B, 0x1E, 0xAB, 0x34, 0xC9, 0x6F, 0x13, 0xCB, 0x2B, 0xAC, 0x71, 0xA0,
    0x2C, 0xCE, 0xC7, 0x00, 0x0F, 0x53, 0x5E, 0x29, 0xE2, 0xAF, 0x1E, 0x5F, 0xF8, 0x83, 0x5F, 0x83,
    0xFB, 0x2E, 0x49, 0xA1, 0x86, 0x09, 0x31, 0x6C, 0xB1, 0xE7, 0x74, 0x8D, 0xD3, 0x71, 0x1D, 0xC9,
    0xCE, 0x31, 0xE9, 0xF5, 0x35, 0x7B, 0xE2, 0x6F, 0x8E, 0xBF, 0xB5, 0x25, 0x7D, 0x26, 0xC2, 0x4C,
    0xD9, 0xC6, 0x71, 0x34, 0x8B, 0xD2, 0x56, 0x07, 0xA0, 0xFF, 0x00, 0x64, 0x7E, 0xA6, 0xB7, 0xFE,
    0x19, 0x78, 0x17, 0xFB, 0x26, 0x15, 0xD5, 0x6F, 0xE3, 0xC5, 0xEC, 0x8B, 0xFB, 0x98, 0xDB, 0xFE,
    0x59, 0x29, 0x1D, 0x4F, 0xFB, 0x47, 0xF4, 0x1F, 0x8D, 0x5A, 0x5C, 0xAA, 0xEC, 0xFB, 0x1C, 0xB7,
    0x03, 0x87, 0xE1, 0xEC, 0x0B, 0xCD, 0x73, 0x28, 0xA7, 0x52, 0x6A, 0xD0, 0x83, 0xF3, 0x5D, 0x53,
    0xEE, 0xB7, 0xD3, 0xDD, 0x8F, 0x9B, 0x3B, 0x7D, 0x2B, 0xED, 0x9F, 0xD9, 0xB6, 0xDF, 0x6F, 0xF2,
    0xFE, 0xDB, 0xB0, 0x79, 0xBE, 0x57, 0xDD, 0xDD, 0xED, 0x5C, 0xEF, 0xC4, 0xFD, 0x35, 0x75, 0x0F,
    0x08, 0x5D, 0x3E, 0x01, 0x92, 0xD8, 0xAC, 0xC8, 0x7E, 0x87, 0x07, 0xF4, 0x26, 0xBA, 0xCA, 0xC6,
    0xF1, 0x9B, 0xAA, 0x78, 0x4F, 0x57, 0x2D, 0xD3, 0xEC, 0xCE, 0x39, 0xF5, 0x23, 0x02, 0xA1, 0x6E,
    0x7C, 0x2E, 0x5B, 0x5E, 0x50, 0xCC, 0xA8, 0xD6, 0x82, 0xB3, 0xE7, 0x8B, 0xB2, 0xD1, 0x6B, 0x25,
    0xA2, 0xF2, 0xB3, 0x6B, 0xD0, 0xF9, 0xD6, 0x8A, 0x28, 0xAE, 0x93, 0xFA, 0xA4, 0x28, 0xA2, 0x8A,
    0x00, 0x28, 0xA2, 0x8A, 0x00, 0x28, 0xA2, 0x8A, 0x00, 0x28, 0xA2, 0x8A, 0x00, 0x28, 0xA2, 0x8A,
    0x00, 0x28, 0xA2, 0x8A, 0x00, 0x28, 0xA2, 0x8A, 0x00, 0x28, 0xA2, 0x8A, 0x00, 0x28, 0xA2, 0x8A,
    0x00, 0x28, 0xA2, 0x8A, 0x00, 0x28, 0xA2, 0x8A, 0x00, 0x28, 0xA2, 0x8A, 0x00, 0x28, 0xA2, 0x8A,
    0x00, 0x28, 0xA2, 0x8A, 0x00, 0x28, 0xA2, 0x8A, 0x00, 0x28, 0xA2, 0x8A, 0x00, 0x28, 0xA2, 0x8A,
    0x00, 0x28, 0xA2, 0x8A, 0x00, 0x28, 0xA2, 0x8A, 0x00, 0x28, 0xA2, 0x8A, 0x00, 0x28, 0xA2, 0x8A,
    0x00, 0x28, 0xA2, 0x8A, 0x00, 0x28, 0xA2, 0x8A, 0x00, 0x28, 0xA2, 0x8A, 0x00, 0x28, 0xA2, 0x8A,
    0x00, 0x28, 0xA2, 0x8A, 0x00, 0x28, 0xA2, 0x8A, 0x00, 0x28, 0xA2, 0x8A, 0x00, 0xEA, 0x7E, 0x18,
    0xFF, 0x00, 0xC8, 0xF1, 0xA6, 0xFF, 0x00, 0xDB, 0x5F, 0xFD, 0x14, 0xF4, 0x51, 0xF0, 0xC7, 0xFE,
    0x47, 0x8D, 0x37, 0xFE, 0xDA, 0xFF, 0x00, 0xE8, 0xA7, 0xA2, 0xB0, 0x9E, 0xE7, 0xE0, 0xFC, 0x79,
    0xFF, 0x00, 0x23, 0x2A, 0x7F, 0xE0, 0x5F, 0xFA, 0x54, 0x83, 0xE2, 0x77, 0xFC, 0x8F, 0x1A, 0x97,
    0xFD, 0xB2, 0xFF, 0x00, 0xD1, 0x49, 0x5C, 0xB5, 0x75, 0x3F, 0x13, 0xBF, 0xE4, 0x78, 0xD4, 0xBF,
    0xED, 0x97, 0xFE, 0x8A, 0x4A, 0xE5, 0xAB, 0x65, 0xB2, 0x3F, 0x60, 0xC9, 0xBF, 0xE4, 0x5B, 0x86,
    0xFF, 0x00, 0x04, 0x7F, 0xF4, 0x94, 0x15, 0xEF, 0xFF, 0x00, 0x0F, 0x35, 0x85, 0xD6, 0x7C, 0x2B,
    0x64, 0xDB, 0xB3, 0x2C, 0x0A, 0x2D, 0xE4, 0x1D, 0xC1, 0x51, 0x81, 0xF9, 0x8C, 0x1F, 0xC6, 0xBC,
    0x02, 0xBA, 0x8F, 0x01, 0x78, 0xC0, 0xF8, 0x53, 0x54, 0x26, 0x5C, 0xB5, 0x8D, 0xC6, 0x16, 0x65,
    0x1D, 0x57, 0x1D, 0x18, 0x7D, 0x32, 0x7F, 0x0A, 0x99, 0x2B, 0xA3, 0xC6, 0xE2, 0xAC, 0xA6, 0x79,
    0xAE, 0x02, 0xD4, 0x55, 0xEA, 0x41, 0xF3, 0x25, 0xDF, 0x4B, 0x35, 0xF3, 0x5B, 0x79, 0xAF, 0x33,
    0xDE, 0xEB, 0xCB, 0xBE, 0x23, 0x7C, 0x39, 0xFF, 0x00, 0x5B, 0xAA, 0xE9, 0x51, 0x7A, 0xB4, 0xF6,
    0xC8, 0x3F, 0x36, 0x51, 0xFC, 0xC5, 0x7A, 0x6D, 0xAD, 0xCC, 0x57, 0x96, 0xF1, 0xCF, 0x04, 0x8B,
    0x2C, 0x32, 0x00, 0xCA, 0xE8, 0x72, 0x18, 0x54, 0x95, 0x8A, 0x6D, 0x33, 0xF0, 0x9C, 0xB3, 0x33,
    0xC4, 0xE4, 0xD8, 0x9F, 0x6D, 0x47, 0x46, 0xB4, 0x69, 0xEC, 0xD7, 0x54, 0xD7, 0xF4, 0xD3, 0x3C,
    0x8F, 0xE1, 0x87, 0x81, 0x7E, 0xDD, 0x2A, 0x6A, 0xF7, 0xF1, 0x7F, 0xA3, 0x21, 0xCC, 0x11, 0x38,
    0xE2, 0x43, 0xFD, 0xE3, 0xEC, 0x3B, 0x7A, 0x9F, 0xA7, 0x3E, 0xB9, 0x48, 0x88, 0x11, 0x42, 0xA8,
    0x0A, 0xA0, 0x60, 0x00, 0x30, 0x05, 0x2D, 0x0D, 0xDD, 0x95, 0x9C, 0x66, 0xD5, 0xF3, 0x8C, 0x53,
    0xC4, 0x55, 0xD1, 0x6D, 0x15, 0xD1, 0x2E, 0xDF, 0xE6, 0xFA, 0xBF, 0x90, 0x57, 0x0F, 0xF1, 0x73,
    0x59, 0x5B, 0x0F, 0x0D, 0x8B, 0x30, 0x7F, 0x7D, 0x78, 0xE1, 0x71, 0xDF, 0x62, 0x90, 0x49, 0xFC,
    0xF0, 0x3F, 0x1A, 0xEB, 0xB5, 0x4D, 0x52, 0xD7, 0x46, 0xB1, 0x96, 0xEE, 0xF2, 0x51, 0x0C, 0x31,
    0x8C, 0x96, 0x3D, 0xFD, 0x87, 0xA9, 0xAF, 0x9F, 0xFC, 0x59, 0xE2, 0x49, 0xBC, 0x53, 0xAC, 0x49,
    0x77, 0x20, 0x29, 0x17, 0xDD, 0x8A, 0x22, 0x73, 0xB1, 0x3B, 0x7E, 0x3D, 0xCD, 0x54, 0x15, 0xDD,
    0xCF, 0xA1, 0xE1, 0x1C, 0xA2, 0xA6, 0x3F, 0x1D, 0x1C, 0x54, 0x97, 0xEE, 0xE9, 0xBB, 0xDF, 0xBC,
    0x96, 0xC9, 0x7C, 0xF5, 0x7D, 0x92, 0xF3, 0x31, 0xA8, 0xA2, 0x8A, 0xDC, 0xFE, 0x84, 0x0A, 0x28,
    0xA2, 0x80, 0x0A, 0x28, 0xA2, 0x80, 0x0A, 0x28, 0xA2, 0x80, 0x0A, 0x28, 0xA2, 0x80, 0x0A, 0x28,
    0xA2, 0x80, 0x0A, 0x28, 0xA2, 0x80, 0x0A, 0x28, 0xA2, 0x80, 0x0A, 0x28, 0xA2, 0x80, 0x0A, 0x28,
    0xA2, 0x80, 0x0A, 0x28, 0xA2, 0x80, 0x0A, 0x28, 0xA2, 0x80, 0x0A, 0x28, 0xA2, 0x80, 0x0A, 0x28,
    0xA2, 0x80, 0x0A, 0x28, 0xA2, 0x80, 0x0A, 0x28, 0xA2, 0x80, 0x0A, 0x28, 0xA2, 0x80, 0x0A, 0x28,
    0xA2, 0x80, 0x0A, 0x28, 0xA2, 0x80, 0x0A, 0x28, 0xA2, 0x80, 0x0A, 0x28, 0xA2, 0x80, 0x0A, 0x28,
    0xA2, 0x80, 0x0A, 0x28, 0xA2, 0x80, 0x0A, 0x28, 0xA2, 0x80, 0x0A, 0x28, 0xA2, 0x80, 0x0A, 0x28,
    0xA2, 0x80, 0x0A, 0x28, 0xA2, 0x80, 0x0A, 0x28, 0xA2, 0x80, 0x0A, 0x28, 0xA2, 0x80, 0x3A, 0x9F,
    0x86, 0x3F, 0xF2, 0x3C, 0x69, 0xBF, 0xF6, 0xD7, 0xFF, 0x00, 0x45, 0x3D, 0x14, 0x7C, 0x31, 0xFF,
    0x00, 0x91, 0xE3, 0x4D, 0xFF, 0x00, 0xB6, 0xBF, 0xFA, 0x29, 0xE8, 0xAC, 0x27, 0xB9, 0xF8, 0x3F,
    0x1E, 0x7F, 0xC8, 0xCA, 0x9F, 0xF8, 0x17, 0xFE, 0x95, 0x20, 0xF8, 0x9D, 0xFF, 0x00, 0x23, 0xC6,
    0xA5, 0xFF, 0x00, 0x6C, 0xBF, 0xF4, 0x52, 0x57, 0x2D, 0x5D, 0x4F, 0xC4, 0xEF, 0xF9, 0x1E, 0x35,
    0x2F, 0xFB, 0x65, 0xFF, 0x00, 0xA2, 0x92, 0xB9, 0x6A, 0xD9, 0x6C, 0x8F, 0xD8, 0x32, 0x6F, 0xF9,
    0x16, 0xE1, 0xBF, 0xC1, 0x1F, 0xFD, 0x25, 0x05, 0x14, 0x51, 0x4C, 0xF6, 0x0E, 0x87, 0xC2, 0xFE,
    0x38, 0xD4, 0xBC, 0x2C, 0xFB, 0x60, 0x71, 0x35, 0xA9, 0x39, 0x6B, 0x69, 0x4E, 0x53, 0xEA, 0x3D,
    0x0F, 0xD3, 0xF1, 0xCD, 0x7A, 0x56, 0x95, 0xF1, 0x7B, 0x46, 0xBC, 0x41, 0xF6, 0xB1, 0x35, 0x84,
    0x9D, 0xC3, 0x29, 0x91, 0x7F, 0x02, 0xBC, 0xFE, 0x82, 0xBC, 0x52, 0x8A, 0x97, 0x14, 0xCF, 0x96,
    0xCC, 0xF8, 0x6B, 0x2D, 0xCD, 0x24, 0xEA, 0x56, 0x87, 0x2C, 0xDF, 0xDA, 0x8E, 0x8D, 0xFA, 0xF4,
    0x7F, 0x35, 0x7F, 0x33, 0xE8, 0x06, 0xF8, 0x8B, 0xE1, 0xC5, 0x5D, 0xC7, 0x54, 0x8F, 0x1E, 0xC8,
    0xE4, 0xFE, 0x58, 0xAC, 0x3D, 0x5F, 0xE3, 0x16, 0x97, 0x6A, 0x8C, 0xB6, 0x10, 0xCB, 0x7B, 0x2F,
    0x66, 0x61, 0xE5, 0xA7, 0xEB, 0xCF, 0xE9, 0x5E, 0x37, 0x45, 0x4F, 0x22, 0x3C, 0x5A, 0x1C, 0x0D,
    0x95, 0xD2, 0x9F, 0x35, 0x47, 0x29, 0xF9, 0x36, 0x92, 0xFC, 0x12, 0x7F, 0x89, 0xB1, 0xE2, 0x2F,
    0x15, 0x6A, 0x3E, 0x28, 0xB8, 0x12, 0x5E, 0xCD, 0x94, 0x5F, 0xB9, 0x0A, 0x70, 0x89, 0xF4, 0x1F,
    0xD4, 0xF3, 0x58, 0xF4, 0x51, 0x5A, 0x6C, 0x7D, 0xE5, 0x0A, 0x14, 0xB0, 0xD4, 0xD5, 0x2A, 0x31,
    0x51, 0x8A, 0xD9, 0x2D, 0x10, 0x51, 0x45, 0x14, 0x1B, 0x85, 0x14, 0x51, 0x40, 0x05, 0x14, 0x51,
    0x40, 0x05, 0x14, 0x51, 0x40, 0x05, 0x14, 0x51, 0x40, 0x05, 0x14, 0x51, 0x40, 0x05, 0x14, 0x51,
    0x40, 0x05, 0x14, 0x51, 0x40, 0x05, 0x14, 0x51, 0x40, 0x05, 0x14, 0x51, 0x40, 0x05, 0x14, 0x51,
    0x40, 0x05, 0x14, 0x51, 0x40, 0x05, 0x14, 0x51, 0x40, 0x05, 0x14, 0x51, 0x40, 0x05, 0x14, 0x51,
    0x40, 0x05, 0x14, 0x51, 0x40, 0x05, 0x14, 0x51, 0x40, 0x05, 0x14, 0x51, 0x40, 0x05, 0x14, 0x51,
    0x40, 0x05, 0x14, 0x51, 0x40, 0x05, 0x14, 0x51, 0x40, 0x05, 0x14, 0x51, 0x40, 0x05, 0x14, 0x51,
    0x40, 0x05, 0x14, 0x51, 0x40, 0x05, 0x14, 0x51, 0x40, 0x05, 0x14, 0x51, 0x40, 0x05, 0x14, 0x51,
    0x40, 0x05, 0x14, 0x51, 0x40, 0x05, 0x14, 0x51, 0x40, 0x1D, 0x4F, 0xC3, 0x1F, 0xF9, 0x1E, 0x34,
    0xDF, 0xFB, 0x6B, 0xFF, 0x00, 0xA2, 0x9E, 0x8A, 0x3E, 0x18, 0xFF, 0x00, 0xC8, 0xF1, 0xA6, 0xFF,
    0x00, 0xDB, 0x5F, 0xFD, 0x14, 0xF4, 0x56, 0x13, 0xDC, 0xFC, 0x1F, 0x8F, 0x3F, 0xE4, 0x65, 0x4F,
    0xFC, 0x0B, 0xFF, 0x00, 0x4A, 0x90, 0x7C, 0x4E, 0xFF, 0x00, 0x91, 0xE3, 0x52, 0xFF, 0x00, 0xB6,
    0x5F, 0xFA, 0x29, 0x2B, 0x96, 0xAE, 0xA3, 0xC7, 0xAC, 0x35, 0x2B, 0xEB, 0x3D, 0x72, 0x23, 0xBE,
    0xDB, 0x53, 0xB6, 0x8E, 0x55, 0x71, 0xD0, 0x30, 0x50, 0xAC, 0xBF, 0x50, 0x45, 0x72, 0xF5, 0xB2,
    0xD8, 0xFD, 0x7F, 0x26, 0x7F, 0xF0, 0x9D, 0x42, 0x3D, 0x54, 0x52, 0x7E, 0xB1, 0xF7, 0x5A, 0xF9,
    0x34, 0xD0, 0x51, 0x45, 0x14, 0xCF, 0x64, 0x28, 0xA2, 0x8A, 0x00, 0x28, 0xA2, 0x8A, 0x00, 0x28,
    0xA2, 0x8A, 0x00, 0x28, 0xA2, 0x8A, 0x00, 0x28, 0xA2, 0x8A, 0x00, 0x28, 0xA2, 0x8A, 0x00, 0x28,
    0xA2, 0x8A, 0x00, 0x28, 0xA2, 0x8A, 0x00, 0x28, 0xA2, 0x8A, 0x00, 0x28, 0xA2, 0x8A, 0x00, 0x28,
    0xA2, 0x8A, 0x00, 0x28, 0xA2, 0x8A, 0x00, 0x28, 0xA2, 0x8A, 0x00, 0x28, 0xA2, 0x8A, 0x00, 0x28,
    0xA2, 0x8A, 0x00, 0x28, 0xA2, 0x8A, 0x00, 0x28, 0xA2, 0x8A, 0x00, 0x28, 0xA2, 0x8A, 0x00, 0x28,
    0xA2, 0x8A, 0x00, 0x28, 0xA2, 0x8A, 0x00, 0x28, 0xA2, 0x8A, 0x00, 0x28, 0xA2, 0x8A, 0x00, 0x28,
    0xA2, 0x8A, 0x00, 0x28, 0xA2, 0x8A, 0x00, 0x28, 0xA2, 0x8A, 0x00, 0x28, 0xA2, 0x8A, 0x00, 0x28,
    0xA2, 0x8A, 0x00, 0x28, 0xA2, 0x8A, 0x00, 0x28, 0xA2, 0x8A, 0x00, 0x28, 0xA2, 0x8A, 0x00, 0x28,
    0xA2, 0x8A, 0x00, 0x28, 0xA2, 0x8A, 0x00, 0xEA, 0x7E, 0x18, 0xFF, 0x00, 0xC8, 0xF1, 0xA6, 0xFF,
    0x00, 0xDB, 0x5F, 0xFD, 0x14, 0xF4, 0x52, 0x78, 0x09, 0xBF, 0xB3, 0x2F, 0xEE, 0xF5, 0xC9, 0x7E,
    0x5B, 0x5D, 0x2E, 0xDA, 0x49, 0x5D, 0xCF, 0x42, 0xC5, 0x4A, 0xAA, 0xFD, 0x4E, 0x4F, 0xE5, 0x45,
    0x63, 0x34, 0xDB, 0xD0, 0xFC, 0x73, 0x8B, 0x32, 0xBC, 0x5E, 0x6B, 0x98, 0xF3, 0x60, 0xE1, 0xCC,
    0xA1, 0x18, 0xA7, 0x6E, 0x8D, 0xDD, 0xDB, 0xEE, 0x69, 0x9C, 0x9F, 0x84, 0xBC, 0x74, 0xBA, 0x35,
    0x8C, 0x9A, 0x4E, 0xA9, 0x69, 0xFD, 0xA5, 0xA2, 0xCA, 0xFB, 0xFC, 0xA0, 0xDB, 0x64, 0x85, 0xFF,
    0x00, 0xBD, 0x19, 0xED, 0xF4, 0xEF, 0xF8, 0x9C, 0xFA, 0x5E, 0x99, 0xF0, 0xB2, 0xCB, 0xC4, 0x36,
    0x89, 0x7B, 0x61, 0xAA, 0x5C, 0x41, 0x6D, 0x20, 0x05, 0x52, 0xE6, 0xDD, 0x59, 0xC0, 0x23, 0xB9,
    0x0C, 0x05, 0x14, 0x55, 0x4B, 0x4D, 0x51, 0xEE, 0xF1, 0x4E, 0x22, 0xB6, 0x4D, 0x49, 0x62, 0xB0,
    0x13, 0x70, 0x94, 0xE5, 0xEF, 0x75, 0x4F, 0x4D, 0xF9, 0x5A, 0x6A, 0xFD, 0xDA, 0xB5, 0xFA, 0xDF,
    0x72, 0xDF, 0xFC, 0x29, 0x0F, 0xFA, 0x8D, 0x7F, 0xE4, 0xAF, 0xFF, 0x00, 0x67, 0x47, 0xFC, 0x29,
    0x0F, 0xFA, 0x8D, 0x7F, 0xE4, 0xAF, 0xFF, 0x00, 0x67, 0x45, 0x15, 0x9F, 0x3B, 0x3F, 0x35, 0xFF,
    0x00, 0x5B, 0xB3, 0xAF, 0xF9, 0xFF, 0x00, 0xFF, 0x00, 0x92, 0xC7, 0xFC, 0x83, 0xFE, 0x14, 0x87,
    0xFD, 0x46, 0xBF, 0xF2, 0x57, 0xFF, 0x00, 0xB3, 0xA3, 0xFE, 0x14, 0x87, 0xFD, 0x46, 0xBF, 0xF2,
    0x57, 0xFF, 0x00, 0xB3, 0xA2, 0x8A, 0x39, 0xD8, 0x7F, 0xAD, 0xD9, 0xD7, 0xFC, 0xFF, 0x00, 0xFF,
    0x00, 0xC9, 0x63, 0xFE, 0x41, 0xFF, 0x00, 0x0A, 0x43, 0xFE, 0xA3, 0x5F, 0xF9, 0x2B, 0xFF, 0x00,
    0xD9, 0xD1, 0xFF, 0x00, 0x0A, 0x43, 0xFE, 0xA3, 0x5F, 0xF9, 0x2B, 0xFF, 0x00, 0xD9, 0xD1, 0x45,
    0x1C, 0xEC, 0x3F, 0xD6, 0xEC, 0xEB, 0xFE, 0x7F, 0xFF, 0x00, 0xE4, 0xB1, 0xFF, 0x00, 0x20, 0xFF,
    0x00, 0x85, 0x21, 0xFF, 0x00, 0x51, 0xAF, 0xFC, 0x95, 0xFF, 0x00, 0xEC, 0xE8, 0xFF, 0x00, 0x85,
    0x21, 0xFF, 0x00, 0x51, 0xAF, 0xFC, 0x95, 0xFF, 0x00, 0xEC, 0xE8, 0xA2, 0x8E, 0x76, 0x1F, 0xEB,
    0x76, 0x75, 0xFF, 0x00, 0x3F, 0xFF, 0x00, 0xF2, 0x58, 0xFF, 0x00, 0x90, 0x7F, 0xC2, 0x90, 0xFF,
    0x00, 0xA8, 0xD7, 0xFE, 0x4A, 0xFF, 0x00, 0xF6, 0x74, 0x7F, 0xC2, 0x90, 0xFF, 0x00, 0xA8, 0xD7,
    0xFE, 0x4A, 0xFF, 0x00, 0xF6, 0x74, 0x51, 0x47, 0x3B, 0x0F, 0xF5, 0xBB, 0x3A, 0xFF, 0x00, 0x9F,
    0xFF, 0x00, 0xF9, 0x2C, 0x7F, 0xC8, 0x3F, 0xE1, 0x48, 0x7F, 0xD4, 0x6B, 0xFF, 0x00, 0x25, 0x7F,
    0xFB, 0x3A, 0x3F, 0xE1, 0x48, 0x7F, 0xD4, 0x6B, 0xFF, 0x00, 0x25, 0x7F, 0xFB, 0x3A, 0x28, 0xA3,
    0x9D, 0x87, 0xFA, 0xDD, 0x9D, 0x7F, 0xCF, 0xFF, 0x00, 0xFC, 0x96, 0x3F, 0xE4, 0x1F, 0xF0, 0xA4,
    0x3F, 0xEA, 0x35, 0xFF, 0x00, 0x92, 0xBF, 0xFD, 0x9D, 0x1F, 0xF0, 0xA4, 0x3F, 0xEA, 0x35, 0xFF,
    0x00, 0x92, 0xBF, 0xFD, 0x9D, 0x14, 0x51, 0xCE, 0xC3, 0xFD, 0x6E, 0xCE, 0xBF, 0xE7, 0xFF, 0x00,
    0xFE, 0x4B, 0x1F, 0xF2, 0x0F, 0xF8, 0x52, 0x1F, 0xF5, 0x1A, 0xFF, 0x00, 0xC9, 0x5F, 0xFE, 0xCE,
    0x8F, 0xF8, 0x52, 0x1F, 0xF5, 0x1A, 0xFF, 0x00, 0xC9, 0x5F, 0xFE, 0xCE, 0x8A, 0x28, 0xE7, 0x61,
    0xFE, 0xB7, 0x67, 0x5F, 0xF3, 0xFF, 0x00, 0xFF, 0x00, 0x25, 0x8F, 0xF9, 0x07, 0xFC, 0x29, 0x0F,
    0xFA, 0x8D, 0x7F, 0xE4, 0xAF, 0xFF, 0x00, 0x67, 0x47, 0xFC, 0x29, 0x0F, 0xFA, 0x8D, 0x7F, 0xE4,
    0xAF, 0xFF, 0x00, 0x67, 0x45, 0x14, 0x73, 0xB0, 0xFF, 0x00, 0x5B, 0xB3, 0xAF, 0xF9, 0xFF, 0x00,
    0xFF, 0x00, 0x92, 0xC7, 0xFC, 0x83, 0xFE, 0x14, 0x87, 0xFD, 0x46, 0xBF, 0xF2, 0x57, 0xFF, 0x00,
    0xB3, 0xA3, 0xFE, 0x14, 0x87, 0xFD, 0x46, 0xBF, 0xF2, 0x57, 0xFF, 0x00, 0xB3, 0xA2, 0x8A, 0x39,
    0xD8, 0x7F, 0xAD, 0xD9, 0xD7, 0xFC, 0xFF, 0x00, 0xFF, 0x00, 0xC9, 0x63, 0xFE, 0x41, 0xFF, 0x00,
    0x0A, 0x43, 0xFE, 0xA3, 0x5F, 0xF9, 0x2B, 0xFF, 0x00, 0xD9, 0xD1, 0xFF, 0x00, 0x0A, 0x43, 0xFE,
    0xA3, 0x5F, 0xF9, 0x2B, 0xFF, 0x00, 0xD9, 0xD1, 0x45, 0x1C, 0xEC, 0x3F, 0xD6, 0xEC, 0xEB, 0xFE,
    0x7F, 0xFF, 0x00, 0xE4, 0xB1, 0xFF, 0x00, 0x20, 0xFF, 0x00, 0x85, 0x21, 0xFF, 0x00, 0x51, 0xAF,
    0xFC, 0x95, 0xFF, 0x00, 0xEC, 0xE8, 0xFF, 0x00, 0x85, 0x21, 0xFF, 0x00, 0x51, 0xAF, 0xFC, 0x95,
    0xFF, 0x00, 0xEC, 0xE8, 0xA2, 0x8E, 0x76, 0x1F, 0xEB, 0x76, 0x75, 0xFF, 0x00, 0x3F, 0xFF, 0x00,
    0xF2, 0x58, 0xFF, 0x00, 0x90, 0x7F, 0xC2, 0x90, 0xFF, 0x00, 0xA8, 0xD7, 0xFE, 0x4A, 0xFF, 0x00,
    0xF6, 0x74, 0x7F, 0xC2, 0x90, 0xFF, 0x00, 0xA8, 0xD7, 0xFE, 0x4A, 0xFF, 0x00, 0xF6, 0x74, 0x51,
    0x47, 0x3B, 0x0F, 0xF5, 0xBB, 0x3A, 0xFF, 0x00, 0x9F, 0xFF, 0x00, 0xF9, 0x2C, 0x7F, 0xC8, 0x3F,
    0xE1, 0x48, 0x7F, 0xD4, 0x6B, 0xFF, 0x00, 0x25, 0x7F, 0xFB, 0x3A, 0x3F, 0xE1, 0x48, 0x7F, 0xD4,
    0x6B, 0xFF, 0x00, 0x25, 0x7F, 0xFB, 0x3A, 0x28, 0xA3, 0x9D, 0x87, 0xFA, 0xDD, 0x9D, 0x7F, 0xCF,
    0xFF, 0x00, 0xFC, 0x96, 0x3F, 0xE4, 0x1F, 0xF0, 0xA4, 0x3F, 0xEA, 0x35, 0xFF, 0x00, 0x92, 0xBF,
    0xFD, 0x9D, 0x1F, 0xF0, 0xA4, 0x3F, 0xEA, 0x35, 0xFF, 0x00, 0x92, 0xBF, 0xFD, 0x9D, 0x14, 0x51,
    0xCE, 0xC3, 0xFD, 0x6E, 0xCE, 0xBF, 0xE7, 0xFF, 0x00, 0xFE, 0x4B, 0x1F, 0xF2, 0x0F, 0xF8, 0x52,
    0x1F, 0xF5, 0x1A, 0xFF, 0x00, 0xC9, 0x5F, 0xFE, 0xCE, 0x8F, 0xF8, 0x52, 0x1F, 0xF5, 0x1A, 0xFF,
    0x00, 0xC9, 0x5F, 0xFE, 0xCE, 0x8A, 0x28, 0xE7, 0x61, 0xFE, 0xB7, 0x67, 0x5F, 0xF3, 0xFF, 0x00,
    0xFF, 0x00, 0x25, 0x8F, 0xF9, 0x07, 0xFC, 0x29, 0x0F, 0xFA, 0x8D, 0x7F, 0xE4, 0xAF, 0xFF, 0x00,
    0x67, 0x47, 0xFC, 0x29, 0x0F, 0xFA, 0x8D, 0x7F, 0xE4, 0xAF, 0xFF, 0x00, 0x67, 0x45, 0x14, 0x73,
    0xB0, 0xFF, 0x00, 0x5B, 0xB3, 0xAF, 0xF9, 0xFF, 0x00, 0xFF, 0x00, 0x92, 0xC7, 0xFC, 0x83, 0xFE,
    0x14, 0x87, 0xFD, 0x46, 0xBF, 0xF2, 0x57, 0xFF, 0x00, 0xB3, 0xA3, 0xFE, 0x14, 0x87, 0xFD, 0x46,
    0xBF, 0xF2, 0x57, 0xFF, 0x00, 0xB3, 0xA2, 0x8A, 0x39, 0xD8, 0x7F, 0xAD, 0xD9, 0xD7, 0xFC, 0xFF,
    0x00, 0xFF, 0x00, 0xC9, 0x63, 0xFE, 0x41, 0xFF, 0x00, 0x0A, 0x43, 0xFE, 0xA3, 0x5F, 0xF9, 0x2B,
    0xFF, 0x00, 0xD9, 0xD1, 0xFF, 0x00, 0x0A, 0x43, 0xFE, 0xA3, 0x5F, 0xF9, 0x2B, 0xFF, 0x00, 0xD9,
    0xD1, 0x45, 0x1C, 0xEC, 0x3F, 0xD6, 0xEC, 0xEB, 0xFE, 0x7F, 0xFF, 0x00, 0xE4, 0xB1, 0xFF, 0x00,
    0x20, 0xFF, 0x00, 0x85, 0x21, 0xFF, 0x00, 0x51, 0xAF, 0xFC, 0x95, 0xFF, 0x00, 0xEC, 0xE8, 0xFF,
    0x00, 0x85, 0x21, 0xFF, 0x00, 0x51, 0xAF, 0xFC, 0x95, 0xFF, 0x00, 0xEC, 0xE8, 0xA2, 0x8E, 0x76,
    0x1F, 0xEB, 0x76, 0x75, 0xFF, 0x00, 0x3F, 0xFF, 0x00, 0xF2, 0x58, 0xFF, 0x00, 0x90, 0x7F, 0xC2,
    0x90, 0xFF, 0x00, 0xA8, 0xD7, 0xFE, 0x4A, 0xFF, 0x00, 0xF6, 0x74, 0x7F, 0xC2, 0x90, 0xFF, 0x00,
    0xA8, 0xD7, 0xFE, 0x4A, 0xFF, 0x00, 0xF6, 0x74, 0x51, 0x47, 0x3B, 0x0F, 0xF5, 0xBB, 0x3A, 0xFF,
    0x00, 0x9F, 0xFF, 0x00, 0xF9, 0x2C, 0x7F, 0xC8, 0x3F, 0xE1, 0x48, 0x7F, 0xD4, 0x6B, 0xFF, 0x00,
    0x25, 0x7F, 0xFB, 0x3A, 0x3F, 0xE1, 0x48, 0x7F, 0xD4, 0x6B, 0xFF, 0x00, 0x25, 0x7F, 0xFB, 0x3A,
    0x28, 0xA3, 0x9D, 0x87, 0xFA, 0xDD, 0x9D, 0x7F, 0xCF, 0xFF, 0x00, 0xFC, 0x96, 0x3F, 0xE4, 0x1F,
    0xF0, 0xA4, 0x3F, 0xEA, 0x35, 0xFF, 0x00, 0x92, 0xBF, 0xFD, 0x9D, 0x1F, 0xF0, 0xA4, 0x3F, 0xEA,
    0x35, 0xFF, 0x00, 0x92, 0xBF, 0xFD, 0x9D, 0x14, 0x51, 0xCE, 0xC3, 0xFD, 0x6E, 0xCE, 0xBF, 0xE7,
    0xFF, 0x00, 0xFE, 0x4B, 0x1F, 0xF2, 0x0F, 0xF8, 0x52, 0x1F, 0xF5, 0x1A, 0xFF, 0x00, 0xC9, 0x5F,
    0xFE, 0xCE, 0x8F, 0xF8, 0x52, 0x1F, 0xF5, 0x1A, 0xFF, 0x00, 0xC9, 0x5F, 0xFE, 0xCE, 0x8A, 0x28,
    0xE7, 0x61, 0xFE, 0xB7, 0x67, 0x5F, 0xF3, 0xFF, 0x00, 0xFF, 0x00, 0x25, 0x8F, 0xF9, 0x07, 0xFC,
    0x29, 0x0F, 0xFA, 0x8D, 0x7F, 0xE4, 0xAF, 0xFF, 0x00, 0x67, 0x47, 0xFC, 0x29, 0x0F, 0xFA, 0x8D,
    0x7F, 0xE4, 0xAF, 0xFF, 0x00, 0x67, 0x45, 0x14, 0x73, 0xB0, 0xFF, 0x00, 0x5B, 0xB3, 0xAF, 0xF9,
    0xFF, 0x00, 0xFF, 0x00, 0x92, 0xC7, 0xFC, 0x83, 0xFE, 0x14, 0x87, 0xFD, 0x46, 0xBF, 0xF2, 0x57,
    0xFF, 0x00, 0xB3, 0xA3, 0xFE, 0x14, 0x87, 0xFD, 0x46, 0xBF, 0xF2, 0x57, 0xFF, 0x00, 0xB3, 0xA2,
    0x8A, 0x39, 0xD8, 0x7F, 0xAD, 0xD9, 0xD7, 0xFC, 0xFF, 0x00, 0xFF, 0x00, 0xC9, 0x63, 0xFE, 0x41,
    0xFF, 0x00, 0x0A, 0x43, 0xFE, 0xA3, 0x5F, 0xF9, 0x2B, 0xFF, 0x00, 0xD9, 0xD1, 0xFF, 0x00, 0x0A,
    0x43, 0xFE, 0xA3, 0x5F, 0xF9, 0x2B, 0xFF, 0x00, 0xD9, 0xD1, 0x45, 0x1C, 0xEC, 0x3F, 0xD6, 0xEC,
    0xEB, 0xFE, 0x7F, 0xFF, 0x00, 0xE4, 0xB1, 0xFF, 0x00, 0x20, 0xFF, 0x00, 0x85, 0x21, 0xFF, 0x00,
    0x51, 0xAF, 0xFC, 0x95, 0xFF, 0x00, 0xEC, 0xE8, 0xFF, 0x00, 0x85, 0x21, 0xFF, 0x00, 0x51, 0xAF,
    0xFC, 0x95, 0xFF, 0x00, 0xEC, 0xE8, 0xA2, 0x8E, 0x76, 0x1F, 0xEB, 0x76, 0x75, 0xFF, 0x00, 0x3F,
    0xFF, 0x00, 0xF2, 0x58, 0xFF, 0x00, 0x90, 0x7F, 0xC2, 0x90, 0xFF, 0x00, 0xA8, 0xD7, 0xFE, 0x4A,
    0xFF, 0x00, 0xF6, 0x74, 0x7F, 0xC2, 0x90, 0xFF, 0x00, 0xA8, 0xD7, 0xFE, 0x4A, 0xFF, 0x00, 0xF6,
    0x74, 0x51, 0x47, 0x3B, 0x0F, 0xF5, 0xBB, 0x3A, 0xFF, 0x00, 0x9F, 0xFF, 0x00, 0xF9, 0x2C, 0x7F,
    0xC8, 0x3F, 0xE1, 0x48, 0x7F, 0xD4, 0x6B, 0xFF, 0x00, 0x25, 0x7F, 0xFB, 0x3A, 0x3F, 0xE1, 0x48,
    0x7F, 0xD4, 0x6B, 0xFF, 0x00, 0x25, 0x7F, 0xFB, 0x3A, 0x28, 0xA3, 0x9D, 0x87, 0xFA, 0xDD, 0x9D,
    0x7F, 0xCF, 0xFF, 0x00, 0xFC, 0x96, 0x3F, 0xE4, 0x1F, 0xF0, 0xA4, 0x3F, 0xEA, 0x35, 0xFF, 0x00,
    0x92, 0xBF, 0xFD, 0x9D, 0x1F, 0xF0, 0xA4, 0x3F, 0xEA, 0x35, 0xFF, 0x00, 0x92, 0xBF, 0xFD, 0x9D,
    0x14, 0x51, 0xCE, 0xC3, 0xFD, 0x6E, 0xCE, 0xBF, 0xE7, 0xFF, 0x00, 0xFE, 0x4B, 0x1F, 0xF2, 0x0F,
    0xF8, 0x52, 0x1F, 0xF5, 0x1A, 0xFF, 0x00, 0xC9, 0x5F, 0xFE, 0xCE, 0x8F, 0xF8, 0x52, 0x1F, 0xF5,
    0x1A, 0xFF, 0x00, 0xC9, 0x5F, 0xFE, 0xCE, 0x8A, 0x28, 0xE7, 0x61, 0xFE, 0xB7, 0x67, 0x5F, 0xF3,
    0xFF, 0x00, 0xFF, 0x00, 0x25, 0x8F, 0xF9, 0x07, 0xFC, 0x29, 0x0F, 0xFA, 0x8D, 0x7F, 0xE4, 0xAF,
    0xFF, 0x00, 0x67, 0x55, 0x35, 0x3F, 0x85, 0xB6, 0x5E, 0x1E, 0xB6, 0x6B, 0xCB, 0xFD, 0x4E, 0xE2,
    0xE2, 0xDD, 0x39, 0x64, 0xB6, 0xB7, 0x55, 0x73, 0xF8, 0x97, 0x22, 0x8A, 0x29, 0xA9, 0x33, 0xB3,
    0x07, 0xC4, 0xF9, 0xBE, 0x27, 0x11, 0x0A, 0x35, 0x2B, 0xBB, 0x49, 0xA4, 0xEC, 0xA2, 0x9F, 0xDF,
    0xCB, 0xA1, 0xE6, 0xBE, 0x2E, 0xF1, 0xCA, 0xEB, 0x16, 0x29, 0xA4, 0xE9, 0x76, 0x9F, 0xD9, 0xBA,
    0x2C, 0x4F, 0xBC, 0x44, 0x5B, 0x74, 0x93, 0x37, 0xF7, 0xA4, 0x6E, 0xFF, 0x00, 0x4E, 0xDF, 0x80,
    0xA2, 0x8A, 0x2B, 0x6D, 0x8F, 0xDE, 0xF0, 0xF8, 0x6A, 0x78, 0x58, 0x7B, 0x3A, 0x4B, 0x4D, 0xFB,
    0xB6, 0xDE, 0xED, 0xB7, 0xAB, 0x6F, 0xBB, 0xFF, 0x00, 0x80, 0x7F, 0xFF, 0xD9, 0x00, 0x00, 0x00,
    0x00, 0x00, 0x00, 0x00, 0x00, 0x00, 0x00, 0x00
};

const size_t file_60_data_size = sizeof(file_60_data);

static dwin_update_file_t file_60 =
{
    .name = file_60_name,
    .data = file_60_data,
    .size = file_60_data_size,
    .position = 0U
};

dwin_update_file_t *get_file_60(void)
{
    return &file_60;
}
